Date,AAPL,MSFT,JPM,JNJ,AMZN,XOM,GLD,TLT,SPY
2021-08-16,0.013457001422561371,0.005957971492738615,-0.006584953711947527,0.008980827963563122,0.001522836774416439,-0.014728329408821302,0.0049758802944961005,0.002420494693497051,0.0023519145337195283
2021-08-17,-0.006173063975764811,-0.0051728947367668966,-0.012154356121298105,0.009123793385244024,-0.017438275845822172,-0.006816169887670625,-0.0014961551610460932,-0.0004030091403283351,-0.006576829802911143
2021-08-18,-0.02583181906648326,-0.008050607877194575,-0.00914942880880207,-0.012785459871207154,-0.012646098026079628,-0.021283204451273623,0.000778280040482211,0.0033534572003334384,-0.011005296646600982
2021-08-19,0.0023203449979298167,0.020562426602798858,-0.00839093543860102,0.0077580780390552224,-0.0042166483668519515,-0.030995759892491072,-0.0029366836603705237,0.007338258413935398,0.0015471426457048332
2021-08-20,0.010105549053151124,0.025253783290954908,0.00284789836495712,0.004860209002919678,0.0038198459020951205,0.00018962738276224369,0.0005400378157707256,0.0006644518516888238,0.007925586651118114
2021-08-23,0.010204855259658184,0.000952365386181253,0.012716117656990801,-0.010250754932717371,0.020391005030820926,0.04032130036564042,0.012104014453497694,-0.0006644518516887445,0.008757999883902853
2021-08-24,-0.0006013430174864032,-0.006685683671078566,0.006171091887415263,-0.012578069509189174,0.01214626179560936,0.008161830018632929,-0.0004742427025867207,-0.007807065977020416,0.0015861848884918582
2021-08-25,-0.008456993822868752,-0.002017763613983155,0.020403105832197132,-0.006635800335232508,-0.0019984987635649335,0.0018047288782178554,-0.006961620356716794,-0.008341229581078516,0.002096156329021839
2021-08-26,-0.0055424271652339836,-0.009715597966691827,0.005144586299422606,-0.005352068713253406,0.005085284526573962,-0.013615532111897397,0.0011338207987738938,0.002765693691813521,-0.00592068040972779
2021-08-27,0.0071588068275025415,0.0021041740533601877,0.008004968854318291,-0.002137308383729566,0.01009065470292939,0.019189582325727764,0.014917698056869103,0.006780597292375372,0.008901242249708202
2021-08-30,0.029963795420985342,0.012829401406478015,-0.016136861333476093,0.004212476294668272,0.021249618088229297,-0.010998037476361395,-0.004947880742804846,0.0026059952605281176,0.004387915913653523
2021-08-31,-0.008460453810547785,-0.005648519485920454,-0.0030587745063251357,-0.0030566072415143903,0.014282723688708242,-0.011670446096769024,0.0020056637209540816,-0.006830078781604869,-0.0014826455763727044
2021-09-01,0.00446869377399586,-0.00016564244459867376,-0.0014389842005063226,0.0035171714407896807,0.002362662416889198,-0.013851916006745155,5.8929255445966745e-05,0.00040306328639180805,0.0005313496405568216
2021-09-02,0.007447120908401264,-0.002255465482339003,0.004622408130489339,0.006825965070399891,-0.004574979314080839,0.024070983038867344,-0.0026552604477961595,0.0043561373043104765,0.003071859563178311
2021-09-03,0.004221470792621473,-3.320659483274576e-05,-0.006063465990847242,0.0006286253314419955,0.004301875051238283,-0.0038199227895701,0.010637460360251262,-0.009136164583258584,-0.00024275326456844163
2021-09-07,0.01537057174720172,-0.003192978166728598,-0.0017571388267494147,-0.015661305825537992,0.00894194590733566,-0.005849038791804148,-0.019778074809099218,-0.008471468100655957,-0.0035819349770811436
2021-09-08,-0.010134788479657476,9.993504230555442e-05,-0.004469492190578051,-0.0024403010192748254,0.0046085323626603,-0.00920816819386259,-0.0025074640003470796,0.006782906016289466,-0.0012190123078291487
2021-09-09,-0.0067274980429759485,-0.009908694199583122,0.004343864049709321,-0.022532353100328514,-0.011795288016158187,0.0007397817981185038,0.004413701546661302,0.012027694132083638,-0.0042894197272803575
2021-09-10,-0.033662101202181986,-0.0051942912254339555,-0.0115622832862408,-0.00656640372760937,-0.004317374981177018,-0.0020357182934770705,-0.005071458618840543,-0.00885555230294807,-0.007915785614322024
2021-09-13,0.0038858416844554447,0.004319223856723975,0.015762258117069366,-0.0070319128596709945,-0.003459271863447168,0.025424323245017273,0.0033440852852553702,0.00604637381186476,0.002555997893874111
2021-09-14,-0.009608029030545149,0.00938376133962645,-0.017606866342932154,-0.006049625225823225,-0.0020761042729075625,-0.014370415554683403,0.006417896999308452,0.012050343880524244,-0.00541118356571289
2021-09-15,0.006124871915289363,0.016639208915895796,0.006915613007420494,0.003755076788388832,0.0074475602655867425,0.0331561902936578,-0.005881496235485917,-0.0035135440036925727,0.008317967357834782
2021-09-16,-0.001611712121095427,0.0013113896050253094,-0.00044268775426505795,-0.0012097751294010666,0.0035755197102112293,-0.010691477465674122,-0.02290222439569354,-0.004592812679472001,-0.0015865038800562123
2021-09-17,-0.018518419647642212,-0.01768378065588217,-0.0025968282636315686,-0.0028487457517426345,-0.007400663349006241,-0.011894175183075131,-0.0015863334626184458,-0.004815096576665311,-0.01298734168930401
2021-09-20,-0.021592534400130897,-0.01874939216741943,-0.03039121354137355,-0.005721953766076563,-0.03132731522175323,-0.027011288490622936,0.00711876694343336,0.012325683209440604,-0.016814798070629022
2021-09-21,0.0034221495142890373,0.0016975050757543722,0.0001307445906287053,0.004385704782018622,-0.003612289280578912,-0.0009317060210002648,0.006646951779628584,-0.0008611838497196931,-0.000945059828081171
2021-09-22,0.01673158500760854,0.012740743310262558,0.01897172379474017,-0.003653416960193769,0.010833459117193776,0.028849037882475535,-0.0037410289210776802,0.005946892113207756,0.009707588655264391
2021-09-23,0.006696758661115967,0.0032768277557224034,0.03324283520790509,0.00565712144671653,0.010579773641401757,0.03330969631268245,-0.01161354371726533,-0.02285623401737759,0.012076783481868766
2021-09-24,0.0006127659766201585,-0.0007012740098052378,0.011473816578049438,-0.003037484869872451,0.00278300908116226,0.008895148909945421,-0.0012851505700755214,-0.009821598239054456,0.0016458311214935907
2021-09-27,-0.010606004513232927,-0.017455625851460106,0.02387847529143982,-0.0072665419122301365,-0.0057728371637482,0.029260364485098733,0.002079893084778279,-0.0036824918864801497,-0.002865040592698327
2021-09-28,-0.024089162591787436,-0.036875164103185,-0.005404444788330421,-0.002208725359555821,-0.02673327336962038,0.010401033205284353,-0.009763963473641281,-0.01569955815101281,-0.020357633985873
2021-09-29,0.006462058028091024,0.0016915707444900548,-0.0007830618115402963,0.0074044948648420775,-0.004485369643383609,-0.0006677796575364391,-0.004514959582389097,0.0017335232992843842,0.0016816986812337234
2021-09-30,-0.009355394791244857,-0.007350895413391276,-0.0137121430097203,-0.015483228945553963,-0.004882976408171661,-0.01786062642557864,0.017817022275475287,-0.0001385713298136831,-0.012297657268279926
2021-10-01,0.00809436057621679,0.025149306274485618,0.020797557544570577,-0.006398133451442869,-0.000541997181485198,0.035243731134553945,0.0022505407753339248,0.007111570690571351,0.011814170629569253
2021-10-04,-0.024913457164013858,-0.020937134320949045,-0.0010775863111703594,-0.007820115550836271,-0.028884882339795536,0.012882363234557052,0.004667382317536146,-0.002548825132153257,-0.012979970850205805
2021-10-05,0.01405910757417417,0.019760378569608793,0.010190487756832138,0.002258470219702731,0.009739921447780528,-0.0016215343264383033,-0.004667382317536226,-0.009703430724394543,0.010351242424282498
2021-10-06,0.006287329531591389,0.014952071912326807,0.002132196969840862,0.0020657930912156464,0.012651699448985362,-0.018508431049698876,0.002669742499499672,0.005625600834790642,0.0041474713830116205
2021-10-07,0.009043491127250603,0.005918787263226275,0.006310657609664162,0.008902782537477595,0.012314991328068141,0.00280644014161204,-0.0052857135730716995,-0.010512854854938669,0.008608505929686946
2021-10-08,-0.002725463792689636,0.0,0.0007640093228146702,-0.0025444516784248433,-0.004190537231342553,0.024748902370172778,0.0004263223670648604,-0.007023487222767888,-0.0018254009540894956
2021-10-11,-0.0006300094709799733,-0.0021049780299161,-0.02125592109609847,-0.004234392029624151,-0.01295213763119715,-0.010021095659929266,-0.0018893804188252765,-0.0025405800538911964,-0.007266091219878854
2021-10-12,-0.0091446895005619,-0.004598805604616291,-0.007710881579203524,-0.016104015383283914,0.0003172339688704964,-0.0052117381811954714,0.004504237939635616,0.016955496228128274,-0.0024645588363665784
2021-10-13,-0.00424899725726652,0.011643234776164982,-0.026720550389049944,0.00953019299278714,0.01131432959890993,-0.0027798235544396824,0.017637778526502137,0.009679279108831594,0.003591164080431317
2021-10-14,0.02002385376829006,0.021501178845056035,0.015225122278653762,0.005699805603680683,0.004733199584855819,0.015113637810048106,0.002443459006476875,0.003708540751989687,0.01668072584460814
2021-10-15,0.007484442422137034,0.004810869961478151,0.019026264677860904,0.007404906117200036,0.03254421054545963,0.009471135891518547,-0.016020502840005155,-0.005843748368320811,0.007586965262952675
2021-10-18,0.011736982259461024,0.010073674721873132,-0.00036018730128875776,-0.007342451006790309,0.011003996819902937,-0.00047942469955443266,-0.002482968724554551,0.004677727453604516,0.002956130520363021
2021-10-19,0.014967601899967743,0.0030543304222980113,0.012055529152527696,0.023149896433759795,-0.0007517171575696374,0.014913809661590317,0.0032085265289218856,-0.013890551940784075,0.007685234355158772
2021-10-20,0.003355482646372121,-0.0026638960591145997,0.013376352181049378,-0.0005493667160905547,-0.00848207720947415,0.005496676579902368,0.008725796300168393,-0.00677305944330215,0.003920053743659004
2021-10-21,0.0014728529140418055,0.01083854860248372,-0.007874519152760866,-0.0023228814161396385,0.005824774463695747,-0.01833463719267122,-0.0008991458720563683,-0.0011917699191778808,0.002604857985032252
2021-10-22,-0.0052990029081512405,-0.005161967843549667,0.013361661517573727,0.0019564691982997965,-0.029382253566812674,0.006835731251741693,0.006098308986576099,0.01095270637251215,-0.0010367152498493223
2021-10-25,-0.00033632664360360196,-0.003337170392847716,-0.0049019706002067795,0.002196462139922952,-0.004561360809504009,0.019299257504516772,0.0068904341523276305,-0.0015275659129291188,0.005348489094567123
2021-10-26,0.004564378980854675,0.006405301402680527,0.0026873884258075504,0.010126515301846706,0.016636088613998748,0.0228906223266789,-0.0074270268019594535,0.00823505570806001,0.0008996062087102942
2021-10-27,-0.0031525665845976805,0.0412514273080507,-0.021048443843591478,-0.012200825117669763,0.004851853927931454,-0.026315283208042984,0.0026206090042386384,0.018030812210449658,-0.004440055651254183
2021-10-28,0.024684419663325408,0.003644679102510651,0.014962282734924823,-0.005450272226059741,0.01581536855336177,0.0028028669860003783,-0.00023795360017087107,-0.0033900635897712783,0.009602599382998725
2021-10-29,-0.018322436041991564,0.02216655541416216,-0.002762676261189531,0.0001842016399154111,-0.021745980828480182,0.002484859175756958,-0.008544251782996342,0.00305157392739845,0.0020270939949127023
2021-11-01,-0.005623257554362232,-0.006807996158475837,-0.0005298949165762383,0.0008591593041535099,-0.01623820904849393,0.017832909163102484,0.005206942368478056,-0.008499694186183465,0.001718718129145665
2021-11-02,0.00709080501273341,0.011351065273581687,0.003938054285586556,0.015641960988081405,-0.001616683557619194,-0.012418710772230057,-0.002151309542512133,0.00442885607921611,0.004034975212179082
2021-11-03,0.009750997628741933,0.002608188788368071,0.00035190616198939914,-0.0032058094898546833,0.021279781581368416,-0.013825462934765788,-0.0083501521429399,-0.010387573754682139,0.00608665624771752
2021-11-04,-0.0035047151099374682,0.007278834117536128,-0.01322255259984097,-0.0027907559215687374,0.027111411281747554,0.007480165780163908,0.011277187475462832,0.01045555703082231,0.004701445925752468
2021-11-05,0.002117523289907283,-0.0011301116444406192,-0.0014271275538671126,-0.007133524138002756,0.012004163593289409,0.009426014316959837,0.012978344482763162,0.014845076937752914,0.0034636141698959014
2021-11-08,-0.00556809074806643,0.002763540871791554,0.005992127329666879,-0.003432427519497136,-0.008564586732325316,0.010708378293308047,0.0035851811889112983,-0.001877179419563302,0.0008533697955639009
2021-11-09,0.0024564327704580274,-0.003090916955428619,-0.007600084082633034,-0.0022127982475522627,0.024699743029664493,0.009691172153176372,0.004916027925981614,0.012934375934713393,-0.003310872287829083
2021-11-10,-0.01934917929372427,-0.015448376216622603,-0.0009540847473884143,0.010771877215191353,-0.026687397735857852,-0.03324702999855694,0.010800244338537383,-0.01845218819830836,-0.008077380114112818
2021-11-11,-0.0003380776934732148,0.004915348466807574,-5.9660531592930084e-05,-0.007393184318343797,-0.0027469795341333258,0.0018677048230850359,0.0055864458356658896,-0.00148558336458168,0.0003234885028047634
2021-11-12,0.014235115821872129,0.012822412845971506,-0.004484714665238632,0.011887846889948742,0.015048192903998135,-0.007648519296674387,0.0018934509486861944,-0.004402160778141821,0.0075185093815795054
2021-11-15,6.666888898768905e-05,-0.0019322528641529486,-0.0017995326072697648,-0.009070771109373835,0.005806972502763507,0.008581065214427057,-0.001548920368189454,-0.012636348600474825,0.0003423558394410532
2021-11-16,0.006644542718668511,0.010183930047797688,-0.007230689493145835,-0.005211698236977758,-0.0014055133424453314,0.010047228811234663,-0.0072601874651625625,-0.002546544615786614,0.003950000331767804
2021-11-17,0.016355581510392483,-0.001149374601578218,-0.005396732620335204,0.0037429097232273357,0.0023414259536811673,-0.010979774728987373,0.009095681843050787,0.007893784339803556,-0.00243220874738256
2021-11-18,0.028136491218318724,0.006319925796010593,-0.008671280517849444,-0.005404090774011733,0.04060151374954603,-0.010944449456058932,-0.0032143294808627066,0.003753373908563834,0.0033906650672278155
2021-11-19,0.016833510991887547,0.005377142620842765,-0.013149555153740866,0.0030126986419358914,-0.005287135093339819,-0.04732134873650639,-0.007675697763021153,0.010502518870021254,-0.0017898621897092797
2021-11-22,0.002923160336311747,-0.009605602892710324,0.021090953028641068,-0.019778071148546933,-0.028694467747954398,0.01375042126607043,-0.02267564566111716,-0.011797546825949582,-0.0028191292190243014
2021-11-23,0.0024191309133534673,-0.006346791094281371,0.023630958612091815,0.006179987832695049,0.002088188961935942,0.025996329159257384,-0.008690013617102536,-0.014564698242953651,0.001325126294615269
2021-11-24,0.0032781844727800494,0.0006808863626927075,-0.007874995953374835,-0.0028043516960989104,0.00010334546022364517,0.005528803278674037,-0.0009569378720678076,0.01592783913014838,0.0026662985197490018
2021-11-26,-0.032191014865028136,-0.024657100806374198,-0.030590119683565873,-0.0065114179472802475,-0.021412341338459828,-0.03576104623337186,-0.0016169120509274026,0.024955053189777386,-0.022555646507219543
2021-11-29,0.021637809964622775,0.02086191731432255,-0.004332226109731063,0.0034488198473617056,0.016136481226709604,0.005535670274115507,-0.00137943465061982,-0.008070745826029487,0.01219197188891154
2021-11-30,0.031089313469415767,-0.018105467449319592,-0.014997469128584557,-0.024202904660850063,-0.015420527844338817,-0.028825186032730047,-0.006744575729645568,0.01508785392554383,-0.019649388930158496
2021-12-01,-0.0032114427576384165,-0.0015438875726232445,-0.005935859813266553,0.0136940454027636,-0.01822864859129558,-0.0008359107734087785,0.0039799847507393255,0.004935356972715129,-0.011169354357757736
2021-12-02,-0.006148620716306082,-0.0017890448545774067,0.020809274854110014,-0.006282344487709314,-0.0018479657150921617,0.024615102539522826,-0.0055522170392930574,0.0012464330671996694,0.015200204540288028
2021-12-03,-0.01179374849354395,-0.019862721972629005,-0.018279069190260216,0.014472398457753749,-0.013936344161378525,-0.006384567811853147,0.008376823021968282,0.011861452936326542,-0.00873943332799713
2021-12-06,0.02127479678404161,0.009796751182032517,0.011744521869263534,0.022090746912893602,0.01102523064478377,0.011268184875871542,-0.00246357342565177,-0.013830215877005668,0.011773740767458187
2021-12-07,0.03483264480993215,0.026411663658463407,0.014935362679221964,0.0025743195338597275,0.027602008963385882,0.011142626388006373,0.0035432280410837283,-0.008112698256238275,0.020473818583329997
2021-12-08,0.022527377869230893,0.0001492782399883125,-0.011507179685153825,0.005981098086686293,-3.689801247867109e-05,0.00288646768722609,0.000539390501825282,-0.01743589379688934,0.0026444886386074984
2021-12-09,-0.0029744902379339366,-0.005598230376585394,-0.001556808235468718,0.009447744693357012,-0.011343744350632496,0.0025587731856322486,-0.006130195289608857,0.0055777840253333245,-0.006774471077206455
2021-12-10,0.027628095508855456,0.027945694004588788,-0.003996508379193337,-0.002474427165546879,-0.01131129926732485,0.006368434196745027,0.004211039129013984,-0.002415460111603551,0.00936949944093743
2021-12-13,-0.02089098752591904,-0.009209086404096985,-0.011959606261145329,0.017728199821709777,-0.01547519834035112,-0.022144678979812277,0.002518137909560505,0.014670841953537163,-0.008897861992757229
2021-12-14,-0.008055575312573202,-0.033129695933753846,0.0076329025369211365,0.010863896185951336,-0.0028110891100178153,-0.001461395080256075,-0.009385221096690778,-0.002386003252852223,-0.006903772863755698
2021-12-15,0.028110325855963285,0.019035552680279125,-0.007506264152657609,0.004979068951395479,0.024670759556208375,-0.004397043156332497,0.004282403480539117,-0.009668353359738249,0.015504186535965254
2021-12-16,-0.04005541725005972,-0.029567766871596565,0.015517823559314883,0.010867461305522168,-0.02597563824119424,0.0016307896634423194,0.012024912328037703,-0.0007372901570627697,-0.008857642886292138
2021-12-17,-0.006523028371118828,-0.0033914014315197193,-0.023017064297319253,-0.028017305564361904,0.006766263087212696,-0.022076679137253846,-0.0021431130955351057,0.011267912664512254,-0.01420699256084431
2021-12-20,-0.008155168551103186,-0.012086335007961085,-0.01815305722525929,-0.002857314879277791,-0.017434618474400716,-0.014598799421152749,-0.004240204627053851,-0.007520083354578374,-0.010690378905226562
2021-12-21,0.018907022920080604,0.02280692179533706,0.013869847864150596,-0.0032242683772133966,0.01978162022295653,0.022397727194196762,-0.00041902368096864045,-0.003814882650891739,0.017603173382153097
2021-12-22,0.015202656334630518,0.01789628226177679,0.0039003853916532993,0.004296718432338725,0.003631532688920856,0.0080665512715692,0.009356166102626311,0.004616164745045917,0.009949047952923937
2021-12-23,0.00363719428026961,0.00446181997601098,0.0035673372013947467,0.0019037426179206389,0.00018415371918316481,0.0004917629801586684,0.0022514525448486165,-0.008714944210857355,0.006202793017285818
2021-12-27,0.022714865745394237,0.022920931375215555,0.005706692298991524,0.008404405530010968,-0.008211633931724433,0.01415693646274645,0.002364486530471452,0.0024209830251159374,0.014052939471808117
2021-12-28,-0.005783899111844556,-0.003510315144744655,0.0030303053491790633,0.0039997700521274895,0.005826705541573684,-0.0032367725297229645,-0.0043194055500325144,-0.003970796347017761,-0.0008174987092322511
2021-12-29,0.0005018540825211335,0.0020491810449354236,-0.0005044136298625718,0.007019625197483192,-0.00859177537501961,-0.008791981088365899,-0.00029653352528764257,-0.010984650728313719,0.0012783571709995747
2021-12-30,-0.006599945653148106,-0.007720912604571052,-0.0005046681913824538,0.004420410850549458,-0.0032944082624372624,-0.005904560372550283,0.00715154204953727,0.008351204458090455,-0.002768342022165232
2021-12-31,-0.0035416176659655413,-0.008880527250947741,-0.0008206294056466456,-0.007222350690807631,-0.01149458507776936,0.006558475713818051,0.006808337133645154,0.0019588644853329716,-0.0025233422422525262
2022-01-03,0.024696733251572688,-0.00467910311730444,0.020934993598412388,0.002743646098074952,0.02187724535607699,0.03768585136692096,-0.01550327257990189,-0.02660076842226182,0.005773263854750584
2022-01-04,-0.01277283683280277,-0.017295839131054726,0.03720879573702691,-0.002685192203567426,-0.017060923412083633,0.03692394428383838,0.007339482488045748,-0.004166672694846057,-0.00033498733642396797
2022-01-05,-0.026960067244793544,-0.03914412266979376,-0.024427498478045786,0.006641445909311168,-0.019073794691509584,0.012360724155150599,-0.0030121394182544285,-0.0054427599297701525,-0.019388934217042623
2022-01-06,-0.016834249731266782,-0.00793327551116096,0.010567969595245433,-0.003431732319472098,-0.0067336210789653095,0.02324825219995538,-0.01231975111644048,0.0025855155733024203,-0.0009398496932422736
2022-01-07,0.000987883974927863,0.0005096190707825135,0.009859404142426982,0.01342690464940381,-0.004297015893326616,0.008163310639161056,0.004540845467450177,-0.007214179423142309,-0.003961334045391534
2022-01-10,0.00011615750971362804,0.0007321227109972463,0.0009567089942829317,-0.004956211159643569,-0.0065918026614797875,-0.005970166986503796,0.003035626270876341,0.0024572624433065572,-0.0012451697615678227
2022-01-11,0.016644494024600158,0.0022566557053825685,0.0010155014163812884,-0.010687213295972766,0.02371855852513861,0.041201650789873825,0.011992463915845745,0.006639434530730717,0.009067059530072372
2022-01-12,0.002566956145559744,0.010390934392855156,0.005655955303348284,-0.008562097814414206,-0.0009377770532581613,-0.002947577402536147,0.0026390655436471025,-0.003838508394562551,0.0026999176663325985
2022-01-13,-0.01921145017015996,-0.04324425532679859,-0.0012475125626579932,-0.0060847920717825785,-0.02446655813388913,-0.0071947830994783055,-0.003402760690178671,0.008841298150494307,-0.013874414215684552
2022-01-14,0.005097618638813136,0.017561426929947208,-0.06343350269727177,-0.0054664426081508025,0.005715149527725662,0.01740394805952041,-0.002883796837133635,-0.015224820932283304,0.0004089319400545041
2022-01-18,-0.019074863059660753,-0.0246402284047422,-0.0428322684596892,-0.004418709046639023,-0.020062624827205323,0.016695800029454682,-0.0016516254565576893,-0.014174581760093681,-0.017868279694227964
2022-01-19,-0.021248902329879072,0.002244299433721124,-0.015589922676331717,-0.0031167610941534446,-0.016614360182850813,0.0004104247954186651,0.015755736361184266,0.006899767743449627,-0.010437864517711328
2022-01-20,-0.010401012916038935,-0.005719685637616303,-0.008564063266756817,-0.00801619577539889,-0.030080214681068366,0.0021860918666479056,-0.0025019650557735707,0.0061482120104259476,-0.011129775432800469
2022-01-21,-0.012847356444817501,-0.018640835594090695,-0.0176270192163178,-0.0023021941587084258,-0.061345619470931916,-0.015126801087690536,-0.0032677860671439106,0.011836115346894417,-0.01982590680609334
2022-01-24,-0.004876101381209836,0.0011478731847818272,-0.0008964590470372617,-0.011591149785189844,0.013238954169885209,0.008554136045984834,0.005479146372390639,-0.008249487499814126,0.0042377771834913825
2022-01-25,-0.011450031751405689,-0.026948250422141204,0.0108413302822694,0.02819303485528915,-0.032041541863222826,0.02897576124605283,0.003192016871213618,-0.0016159064885453876,-0.012284126974367588
2022-01-26,-0.0005634332011201637,0.028094807504648826,0.009441401428935616,0.004464160266331492,-0.007986171611391141,-0.010194588627752743,-0.01629851775224112,-0.012167665681571368,-0.0025119561517574704
2022-01-27,-0.0029475421923435903,0.01049376824305746,-0.017802195746264838,0.01303968678291017,0.005493532899387055,0.01272707915154078,-0.012982191279937765,0.01819642561701662,-0.004950161619893236
2022-01-28,0.06745083821205389,0.027694583668516487,0.008906608617568723,0.0070097839459259985,0.03061073122954271,0.0021276603771166066,-0.002987752446634671,0.0003493938053082676,0.024531973836039653
2022-01-31,0.025790308326912197,0.008785018711096463,0.013482132333485478,0.002906302905960585,0.03812740068546187,0.008992390666960916,0.005907114643954921,-0.005183536403222204,0.017850809254741543
2022-02-01,-0.0009731246653620436,-0.007164325348017155,0.01701458894180825,-0.00821754777248486,0.010772562591400331,0.06214129780166788,0.0008325404857661017,-0.004716491795631943,0.0067341813535983465
2022-02-02,0.007019575121275115,0.015107484144268837,-0.008037507150551152,0.010999674414860716,-0.003850160153976856,-0.0026014260567332067,0.0036194301832289375,0.0033812373718691362,0.00966721798707684
2022-02-03,-0.01686109796606644,-0.03973127542105724,-0.008304360608806691,-5.788209419039506e-05,-0.08134850909631275,-0.011728144412676897,-0.0014224753465429895,-0.00783653274407409,-0.02378562269631603
2022-02-04,-0.002954040782357686,0.01544851949025466,0.02562710782605423,-0.006562351143953276,0.12694897638487945,0.02147950230954345,0.0015409236735988573,-0.014852111636065177,0.004691173575880018
2022-02-07,-0.004243575616813313,-0.016444866301339536,0.003337371811452173,-0.003326624795911442,0.0018759412932319891,0.011965954741612432,0.007375317380137528,0.0006472259403959421,-0.0032144319833665373
2022-02-08,0.018298296919483707,0.011923974080462123,0.01864010995019652,0.0026272017913539863,0.021782673629440502,-0.026192705488727944,0.003052182917681989,-0.006708287860819103,0.008194211959794933
2022-02-09,0.008259566764228612,0.021599813389811613,0.0041593405028904715,-0.0001166180759338472,-0.0013887039860052573,-0.015823512371749185,0.003393403677552978,0.001879971631065656,0.014530019629271236
2022-02-10,-0.02388173200338736,-0.028783420911998467,-0.004159340502890532,-0.012144116864650967,-0.013653848001278317,-0.009666826740459695,-0.003803732239246761,-0.01602014892167426,-0.01812898381426887
2022-02-11,-0.02042564261740149,-0.02457356418382605,-0.013102456136415953,-0.010144541659868387,-0.03657245901636215,0.02486716965227132,0.018875607597908815,0.014719006624474729,-0.019915693422623563
2022-02-14,0.0014221381870677026,-0.00013558402840929026,-0.009333966790475335,-0.01266105539237716,0.012147571817428504,-0.01545353952032974,0.005336406294559961,-0.01251926970578386,-0.0032746652267514284
2022-02-15,0.022888580784965116,0.01837255904108706,0.014518011578063256,0.010273137118412792,0.008621144106937062,-0.012614042516096829,-0.009545239513264537,-0.011417751381399967,0.015998172010225478
2022-02-16,-0.0013899347810178981,-0.0032334978254028425,0.0018080852142625383,-0.0005978715949942679,0.01010780638441642,0.004605355459623233,0.010231738396060903,0.005909309558240706,0.0011201972718384212
2022-02-17,-0.021498646003947346,-0.02971941614093557,-0.02330164495068239,-0.006118795335145825,-0.022050242230273197,-0.0015327631050404097,0.01357551165949179,0.007410974227851803,-0.021592853964051223
2022-02-18,-0.009399795547286824,-0.009677606376966732,0.0046776776005909414,-0.017175357723076337,-0.013350716113529481,-0.011183354551950409,-0.0007336964519101493,0.01047206137491303,-0.006496137800534824
2022-02-22,-0.01797286181253025,-0.0007296100384461727,-0.0017762578269764193,-0.013682802067305712,-0.01587885370448858,-0.01170212287677228,0.002086800339928408,0.0026009696044453382,-0.010789639287446902
2022-02-23,-0.026204526621641896,-0.026234360740426337,-0.02116129003304674,0.0004963395064051015,-0.03641116805973254,0.004046210571540473,0.004497168746423636,-0.013877506833619978,-0.017897884750049015
2022-02-24,0.01654261570990522,0.049831134862382054,-0.028238133246776712,-0.019289175212673985,0.04410796502786697,-0.012715646191481158,-0.006471057665241992,0.000658255646368714,0.0149370610173498
2022-02-25,0.012882134249228717,0.009190806375115322,0.023384082052087737,0.04850707171376225,0.015930390158603095,0.02655714522942378,-0.003336258007041401,0.0007308873297151085,0.02182408654463582
2022-02-28,0.0016365127754580102,0.0049656200002545885,-0.04259193641641569,-0.00865177674925179,-0.0014673755648633778,0.007423558986436038,0.010311983863665782,0.02168184956803754,-0.002561816630155462
2022-03-01,-0.011696039763191411,-0.012935135047396892,-0.03845936694367976,-0.0034695837830929365,-0.015891114010006986,0.009518442319156868,0.01800048602362111,0.010171869899269333,-0.015347458557803808
2022-03-02,0.020379162336652264,0.017609757069533404,0.02052804830558626,0.012362295360639597,0.006006063678741749,0.0170323466241111,-0.010460867497739102,-0.03478047944045945,0.018229041304612108
2022-03-03,-0.001983233319290826,-0.014326459994419031,-0.007133365983366652,0.014588325200827328,-0.027699628270593506,0.006313074132974462,0.005935723194133064,0.01013386720748349,-0.0049908528504182354
2022-03-04,-0.018579769444388956,-0.02069109972982827,-0.028532501387517735,0.005917877372693175,-0.015381538148297255,0.036944793904378534,0.015803665173125543,0.01711656315547325,-0.00815785507767207
2022-03-07,-0.0240033851869761,-0.038508898658493974,-0.03938144035492021,0.015979736558449753,-0.057862649037539966,0.03539882477989848,0.014753435749952597,-0.007659033181217228,-0.029922382686680685
2022-03-08,-0.011744783612059648,-0.011031909417436472,-0.007067716112538127,-0.020474126146288952,-0.010520542791803585,0.007547205635382904,0.026991477697313956,-0.010110579375254133,-0.007610605373189322
2022-03-09,0.03439897197962718,0.044837846229714276,0.03928066698884575,0.00378609065609065,0.023717617952570803,-0.058526403109373355,-0.030161563365301756,-0.00984726582993459,0.026457698602596395
2022-03-10,-0.02756263696133615,-0.010137870101331851,-0.011911184925282904,0.0017698075529789048,0.05271120323233063,0.03057032584278332,0.003116439038324466,-0.014471605185682542,-0.004525796513785702
2022-03-11,-0.024199105820653113,-0.019517643922365498,-0.02278142626846556,-0.001828855115807957,-0.008845861568625261,-0.005167970158442561,-0.007052708982865501,0.0033411324098349083,-0.012796579326729342
2022-03-14,-0.02692155382837553,-0.013045772701263322,0.009881961061680747,0.013722945825339873,-0.02555314718374503,-0.036454876041966615,-0.015188511584007965,-0.02362580358134083,-0.007335142257933291
2022-03-15,0.029245484898155715,0.03801092808711176,0.01759040215858063,0.025588608288192843,0.03813137106521886,-0.058596269956998466,-0.018882589881493314,-0.0017471233886975804,0.021752105899755896
2022-03-16,0.028602432839733512,0.024900691576206536,0.04371635254661982,-0.00923978512190449,0.0381947478393036,-0.0037625733652468375,0.006241313099488927,0.00975986563188038,0.021931975988524546
2022-03-17,0.0064333003492210526,0.002815422222338974,0.012565234427228112,0.012979801948134136,0.026649511791619774,0.026298738387659948,0.004876706810930466,-0.007481614342688923,0.012433289322195635
2022-03-18,0.020703142407715418,0.017493940638975265,-0.0003568242678360376,-0.011147880208429358,0.02519211561774124,-0.003932767517352268,-0.008828731102456307,0.012138724840557995,0.007791455308168362
2022-03-21,0.008501387125989105,-0.004236234424359233,-0.0032171609517754637,0.005646349161333903,0.0014934532524054896,0.043893413720983133,0.007611782174748565,-0.023428798230925942,-0.00029249305537527344
2022-03-22,0.020587202261553337,0.01624650302922299,0.021044458208971866,-0.004731645232933518,0.020820617015063214,-0.004389180418763208,-0.007277203461985864,-0.012894438008685026,0.011633501077171562
2022-03-23,0.008199910264307822,-0.015144022336246371,-0.020113992551174572,-0.0037785583400840395,-0.009022985877993956,0.015639525899625573,0.013567226407331524,0.021678149246993666,-0.012962045840748348
2022-03-24,0.02242454834473603,0.015275566666875382,0.00648913034013897,0.005149047362267741,0.0014768048058318684,0.003002824909654187,0.007234097421675872,-0.007863536340162498,0.014961868745260972
2022-03-25,0.0037271753919224295,-0.001382079261755923,0.008704630172147364,0.009541190054428203,0.006844857933060532,0.021592961382619368,-0.004103860647337809,-0.013970049294802457,0.004871685270060129
2022-03-28,0.005023988644476046,0.022853300977438682,-0.0074260392890538,0.00513038475544343,0.025270696750675656,-0.02845260678966139,-0.018371477299509456,0.008513324384248457,0.007087857099808876
2022-03-29,0.018953635980857995,0.015045563397769236,0.002198192695110687,-0.0005062294452401383,0.0019183850071532703,-0.005327534092451316,0.00044667784103930204,0.0075240278174807974,0.012294968822537068
2022-03-30,-0.006671737247280067,-0.004926353186196246,-0.004543526203274602,0.01035466672031595,-0.017961485922557897,0.016973022565731435,0.00800626983228399,0.007771467684801204,-0.00619398883303422
2022-03-31,-0.01793566440055791,-0.01784125630548333,-0.030487082683046014,-0.013228150963596844,-0.020064536144076564,-0.0143057076962631,0.00038756471431605836,0.0024257137424878858,-0.015510999290804899
2022-04-01,-0.0017195923072621253,0.003593806985831277,-0.007436620805452703,0.005402072672274989,0.003445032230611607,0.0063967389683464,-0.0063862496653156915,0.0022687750789041113,0.002830107133517396
2022-04-04,0.02341708703328987,0.017777818904037113,0.004424459691703137,-0.009699506484181598,0.028844459873736388,0.0004811161988401639,0.004835088753774414,-0.0069739518553464455,0.008530148895961725
2022-04-05,-0.019123637955772054,-0.013070410565829757,-0.01909064477734193,0.00643924502409375,-0.025822617914879147,-0.005184169787720525,-0.006284606764165533,-0.02285154254004082,-0.012711802204395911
2022-04-06,-0.01862315634563808,-0.03729256807362593,-0.013971454091086476,0.0256794902187282,-0.03283330512113067,0.01105913423074154,0.002340485883118217,-0.008126949473264925,-0.010049663990873134
2022-04-07,0.0018024832626744912,0.00622432818190889,-0.0030466928891096237,-0.002582489965177231,-0.0061382543488725065,0.016597891409037613,0.003777782270700092,-0.0075608771626740606,0.005026314907947837
2022-04-08,-0.011980390495327974,-0.014707622137587197,0.018142458457923262,0.001978674933794894,-0.021291777765382547,0.020828026168220503,0.006246392715171866,-0.01088997686244944,-0.00267755699161269
2022-04-11,-0.02584707966002851,-0.04023007850454962,-0.003677440445887305,-0.01259824376125511,-0.021850942598617647,-0.03503785674087331,0.0049472396418083105,-0.01595135731393688,-0.017240057863307297
2022-04-12,0.011457490143739299,-0.011281230831182052,-0.011038140348548891,0.0003335742511611058,-0.0022158967297934884,0.020655794878478514,0.007647385278592234,-0.0013814962987082392,-0.0037121004582976176
2022-04-13,0.01621049518550403,0.019520350194139325,-0.03276448230984408,0.0042156707652100285,0.031037801568977823,0.014036539256020221,0.004777165591239169,0.002030952402068764,0.011388507842390453
2022-04-14,-0.030447107465953395,-0.027457888531987582,-0.00931267088650067,-0.0042156707652099825,-0.024961629298156374,0.01168130552530945,-0.003309016011304488,-0.020249083053742525,-0.012529956235888151
2022-04-18,-0.0013318805698123541,0.002462747742463659,0.018383737152786496,-0.01252952961493258,0.007083971212081194,0.008164236299816535,0.0030923664952102786,-0.0049813303502041365,0.0004110715322341491
2022-04-19,0.014016531695925443,0.016896234550744696,0.020495362605927738,0.030051604443886517,0.03429407425117789,-0.008961548261867704,-0.015228305088766082,-0.007518832414027339,0.016013750887039567
2022-04-20,-0.001016047662343538,0.0037085023085299436,0.0035020972222775753,0.0044145369673203585,-0.026386163309272653,0.0022763497195855,0.004883009729862051,0.019925939461081017,-0.0007417814332827163
2022-04-21,-0.004855396920747667,-0.019571476474826953,-0.007782140442055075,-0.002886319226386958,-0.037729338889522075,-0.010629278885137988,-0.003563893346431371,-0.00742577669684965,-0.015066497037705757
2022-04-22,-0.02821551545503849,-0.024440694607481002,-0.029142987968988614,-0.009975418427893644,-0.026969370317844018,-0.02207338690545678,-0.009769637523033973,-0.006313886556384601,-0.027822648721084326
2022-04-25,0.00671453534491259,0.024120141829283414,-0.000315482296173013,0.024324420610378268,0.011872436509732917,-0.034294537093687544,-0.01813448699619601,0.009951156004098618,0.00578083641343121
2022-04-26,-0.03804262544585032,-0.03812128924314662,-0.03002747717041311,-0.007175838070071202,-0.046830408786825636,0.0003646308153434523,0.0015238313189398505,0.010016504107025034,-0.029388458999500523
2022-04-27,-0.0014679135928759824,0.046987538763099565,-0.013091334077934173,-0.014068610905225926,-0.008819835382286267,0.028157374492367604,-0.007585657659438144,-0.012908709568949775,0.0028078782982528193
2022-04-28,0.044165698737766164,0.022380265511675688,0.015689159861058715,0.007440673347947314,0.04548400627953266,0.029797362804944758,0.005383821907496812,0.001488464675704186,0.024945677497025965
2022-04-29,-0.03729150707012786,-0.042711243645094404,-0.03280063310789605,-0.01648751351515489,-0.15139795075664958,-0.022616214751307765,-0.0001130454443890845,-0.013057947422356811,-0.0376558224346479
2022-05-02,0.001964450427378937,0.024734797190186706,0.009090592605429581,-0.010136539034452302,0.0017565619323141111,0.013515293689681804,-0.01871453032447598,-0.019186659655175985,0.006001373157006514
2022-05-03,0.0095766860947054,-0.00950117522655031,0.02119349901119716,-0.0019611694852234326,-0.0019818823106788615,0.020390168046781537,0.0026458085145802286,0.006719140737108462,0.004573582341094686
2022-05-04,0.04018974051373543,0.028685330459917238,0.03254595012333069,0.010655907127558682,0.013390451973392866,0.03902880136232987,0.009774578380450004,0.005494751556829448,0.029998464440732057
2022-05-05,-0.057328499946449896,-0.04453170858380412,-0.025337982086795066,-0.019274464911698302,-0.07862161462127852,-0.015274182999711772,-0.003818429966503714,-0.027780751471382186,-0.03618983800502072
2022-05-06,0.0032478933184167747,-0.009491449315674052,-0.0016152482917443833,-0.0022088191802658286,-0.01414076279503385,0.015165125799101913,0.0016545432386625496,-0.014844841240579224,-0.005986808162025351
2022-05-09,-0.033752476598565784,-0.03764513415133559,-0.015148102996520595,0.005428342422114558,-0.05354168178174501,-0.08213527255601197,-0.014585386324604934,0.008758924351593795,-0.03254107335495974
2022-05-10,0.015983639362036093,0.01842472731481787,-0.024674148949895024,-0.0013543255836801472,0.0006432404838415934,0.006608473424846594,-0.008481026727893923,0.009028622838032971,0.002307905597570267
2022-05-11,-0.053233390705204775,-0.033773608993828134,-0.006328333991364156,-0.005435719176503503,-0.03255652068740181,0.020604884725509486,0.008133904942516526,0.01908895968411191,-0.016013678228193426
2022-05-12,-0.027262464734622755,-0.020159628261570754,-0.0008468118043504446,0.009830587643181926,0.014682144548007179,-0.005661809566771229,-0.015452653029907908,-0.0018670972070860927,-0.0010444663344910737
2022-05-13,0.03141764253962142,0.0223449186820893,0.008855959705165678,-0.005751030735896508,0.05569533524967689,0.029232499418380166,-0.008142598682508818,-0.014891160916977456,0.023626517723898843
2022-05-16,-0.010729643343180209,0.0014542117292354118,-0.006993919387220604,0.006930971875745193,-0.020052890797350627,0.023247807456368976,0.009493275694379083,-0.0010351967798165286,-0.004065806725860172
2022-05-17,0.025104785434016844,0.020139990245682513,0.03260977682893705,0.004146825779937255,0.04030981804160849,0.012673610036012946,-0.006299140717966147,-0.012157148687521904,0.02036165891709229
2022-05-18,-0.058073269261970054,-0.04892509569188907,-0.017253905549028947,-0.01874067040125146,-0.0742516692125637,-0.015977577799284055,0.0005313653261554312,0.021093451497066613,-0.041146547573749526
2022-05-19,-0.02495006654970432,-0.00370648269446872,-0.014933163407020476,-0.008928630744301431,0.0019260235910811894,0.005390848634876373,0.014590245049997294,0.0023923456386199015,-0.006143468869188648
2022-05-20,0.001745835898442212,-0.002293851114566026,-0.008232594767857575,0.017326319677585005,0.0025312935204080114,0.007868893061910864,0.0006977961555457408,0.0112861310837147,0.00043640658382996524
2022-05-23,0.03933531688305942,0.0315296669643787,0.06003290285563878,0.013804158372748808,-0.0003160615044808874,0.02185820537280861,0.004639572203453563,-0.01659118331340792,0.018537178188778623
2022-05-24,-0.019403014607770126,-0.003959487749266435,0.01402636958053179,0.010863647469083412,-0.032668963981322324,0.0054171888809990375,0.007493694278889744,0.019540168051565176,-0.007663066545539893
2022-05-25,0.0011392766826118835,0.01110824614067352,0.006940090947058851,-0.009861029438232612,0.025371841106607017,0.01992724565262476,-0.0060482313346071695,0.0039464344430496815,0.008796154078168554
2022-05-26,0.022934526158099194,0.012793028643452147,0.01714238642923829,-0.000891166372891982,0.03950433915603337,0.003524415382425086,-0.0018505672641838283,-0.004535536080116077,0.019784369832886017
2022-05-27,0.03994805592421971,0.027230231614674538,0.014038817505134577,0.00904180338333946,0.03597707478441089,0.009782294966864905,0.0005208182751332796,0.0024383078461273884,0.02425262367027174
2022-05-31,-0.005360506001523477,-0.005026518994410654,0.007286559753415312,-0.008651820370513555,0.04303082325179988,-0.016426837685533588,-0.0099422313777248,-0.021389374260626152,-0.0056267430115297945
2022-06-01,-0.0008738027778294648,0.0020209821499577903,-0.017700927561089926,-0.010189316685342531,0.012191466600750246,0.018985299911080784,0.006348857857746321,-0.002921215239989942,-0.008121427705527323
2022-06-02,0.016671498423985562,0.007897664450263181,0.015960019578729306,-0.0031561768859139226,0.03096588361271983,-0.00173904191953131,0.012233980274004956,0.0005161290437156547,0.01886437715712511
2022-06-03,-0.03931859506808852,-0.016746627140358794,-0.014037459675588474,-0.004129315480860179,-0.025507614244563964,0.01443407861142241,-0.010203876041498559,-0.0021522973312210762,-0.016547670232862254
2022-06-06,0.005214062306582319,-0.004714450887227499,-0.003309095327861318,-0.00011337225792988818,0.019746534631082353,-0.0025261469503986425,-0.004413479870251085,-0.018615708073194355,0.0030401443769727484
2022-06-07,0.017433034337520525,0.013857034661426279,0.0026173994927284304,0.010937697134042352,-0.014447969147345458,0.044812403459984045,0.006497296322373841,0.01074199229285274,0.009546554201339374
2022-06-08,-0.005056133736338925,-0.007699288369795415,-0.016042503156032145,-0.005961437147814384,-0.014907311855574477,0.011733160185783425,-0.0009256046015460404,-0.008899805711082478,-0.010931713776889373
2022-06-09,-0.03661799340936847,-0.021002266734194364,-0.02123959674242349,-0.02034316144508693,-0.04239458430042488,-0.021845059667512767,-0.003188316083083041,0.0033248783801656523,-0.024070268472343417
2022-06-10,-0.03939459254312223,-0.04558709674464907,-0.04705597327285999,-0.006700192569819562,-0.05758898435252096,-0.018443246776765485,0.013323148887510237,-0.006221268696570395,-0.029424295544651723
2022-06-13,-0.03903696280823235,-0.04333843266600384,-0.0302307134105489,-0.01013522189404313,-0.056080697528876566,-0.04697516883024519,-0.026767354189151035,-0.03188196983281098,-0.03870776110304963
2022-06-14,0.00665056864824343,0.009162878694350113,-0.016779354765392038,-0.015457534910627919,-0.01320535744417216,0.0026048464845931955,-0.008035493753797725,-0.01269365475589343,-0.0030178825634185466
2022-06-15,0.019911914815506283,0.029301844473145128,0.011766379703920558,0.010645319051337036,0.0510635739367769,-0.012670989990579562,0.012966528106931129,0.018484478031856894,0.014155626973874524
2022-06-16,-0.040459019226274213,-0.027340498688504637,-0.017305098861362177,0.0005293028029594748,-0.0379546810660652,-0.03758226270155692,0.011180457697430927,0.007908021082198367,-0.03365605584105827
2022-06-17,0.011467138879850552,0.01088070496660003,-0.0035326363683115,-0.0036520038233198177,0.024396102232692563,-0.05939439078794796,-0.008256820952301059,0.0032171609517755427,-0.002156967976656268
2022-06-21,0.03223552491537594,0.024293661678205607,0.024470328741615015,0.02073248552511285,0.02289536956389392,0.06037869665841818,-0.0037437891051040175,-0.017097509984180956,0.024861928653870734
2022-06-22,-0.0038345301759220973,-0.0024069299603185837,-0.005627476865728336,0.015656233772266194,0.002481276832481791,-0.040375730606946894,0.003977311203193667,0.02712910904544736,-0.0018146403719978671
2022-06-23,0.021344279340216425,0.022384184262158456,-0.010999674414860773,0.022060545733363367,0.03153068464770227,-0.03062584070776892,-0.0061481002864562,0.008181264018544052,0.009754878336994108
2022-06-24,0.02422152492494989,0.03357957551201455,0.02940879644558451,0.014532649743769499,0.03512812037064264,0.019639234431481953,-0.0009989717299105456,-0.013939352302428388,0.03129893311088748
2022-06-27,0.0,-0.010552305055210758,-0.008044544880726388,-0.0009330150782486967,-0.028215037800460006,0.024215359314233388,-0.0011176800481140093,-0.008565362858923158,-0.003827043082632408
2022-06-28,-0.03024236208953133,-0.03226395660985305,-0.004823437430880142,-0.028855118411341484,-0.05277264653374942,0.02736558069589571,-0.0016493877443323776,0.004648676349377021,-0.02064448545805269
2022-06-29,0.012939783685248842,0.014630442487368323,-0.004499834522630316,0.00028254174742262805,0.014053485730794412,-0.03763945034733325,-0.0007667129035909502,0.015487720525926153,-0.00081472822809159
2022-06-30,-0.01819220311385862,-0.013266743926107254,-0.023606905566079146,0.0029337115540498675,-0.025195401472110624,-0.028547058212660317,-0.006095595142745449,0.008743607334799237,-0.008157491876171727
2022-07-01,0.01603517035343482,0.010650552837108888,0.01270642702146273,0.011259676977619183,0.03105407806142915,0.022057595010378808,-0.0008314033378727195,0.008236207640330893,0.010521000421466828
2022-07-05,0.018753446316492256,0.012518587005844331,-0.012617628903924556,-0.007716864330608174,0.03533049252657992,-0.031796598358252125,-0.021437756166728356,0.007826313866928315,0.0018867930125766356
2022-07-06,0.00956137767794631,0.01270194373002436,-0.006503074006842651,0.0008977668653713652,0.007286166632421234,-0.01820503606689525,-0.015969013823055593,-0.016933449971994963,0.0033716266699216862
2022-07-07,0.023715979982685924,0.008192934102045038,0.024978131031680315,0.0011210763505990883,0.017341976274796462,0.031440954040135485,0.0005549218627465178,-0.008839159637646216,0.01486611859521974
2022-07-08,0.004703645469481986,-0.0027608867292982044,-0.00314300939719914,-0.0012332531413386694,-0.006814189475555503,0.0016277180666252875,0.0004313930982381619,-0.011137744410455983,-0.0008229818122606204
2022-07-11,-0.014867870053816581,-0.011838460601183144,-0.013203254913117014,0.00039256372654552694,-0.033352556859441364,-0.005124632691992212,-0.005374862351107584,0.01709744653743464,-0.011489322917771367
2022-07-12,0.006810469002526879,-0.04184484805533841,0.0009741841978434143,-0.014116552884909121,-0.022900036769670597,-0.01340092935835388,-0.0037237056618818648,0.005924394397202943,-0.008888250290396327
2022-07-13,-0.002539901828789713,-0.0037520532178771525,-0.009427319908901574,-0.002334254810358705,0.010745937118987284,0.004015595333353627,0.004776239579438809,0.011401056298309988,-0.005265525685064341
2022-07-14,0.020275561904607046,0.005367021564941269,-0.035563749705716026,0.0013670542115330967,0.0020811662038244493,-0.020241195871990362,-0.014146622984577454,-0.008192172750426394,-0.0024314836093292133
2022-07-15,0.011385068060284869,0.010336818742830604,0.04481401578979264,0.014410692714593751,0.026051968504748002,0.016698861314152547,-0.0020104297781119917,0.00561241381690782,0.01892486759802777
2022-07-18,-0.020859321779966928,-0.009667961872932245,-0.010323131631777836,-0.022698585600945773,0.0018476975033634034,0.018284616295041196,0.0009428922344224192,-0.010473112563236457,-0.00829122964298048
2022-07-19,0.026371172902702068,0.020554267931723158,0.024476591930101037,-0.014685740345693291,0.03837173770735483,0.02489088759845633,0.0023846889242556124,-0.005409191342980339,0.026660668216310957
2022-07-20,0.013419488317073009,0.01050220461585271,-0.00017459624662418362,-0.005724314696459071,0.03784998243046303,0.01092907053219023,-0.009446508939793513,0.002621004470920796,0.006352938626479151
2022-07-21,0.014981310707059077,0.009751362580399983,0.006786765804490108,0.003508570349705668,0.01503666164553695,-0.01683750721835657,0.01401172746229416,0.017128446436592122,0.01013164571745879
2022-07-22,-0.00814378854529432,-0.017060581352458623,-0.004867881657037311,0.00471712722803178,-0.01789159241536171,-0.0076646259796285705,0.0024926790497596476,0.016671305566214396,-0.009321375498666339
2022-07-25,-0.00742577669684965,-0.005893813166545046,0.004000353191072917,0.001973417553779624,-0.010510853870122612,0.0327601870466796,-0.002742289035455036,-0.009833087620983626,0.0012141756481139922
2022-07-26,-0.008865597388641167,-0.027139292179077037,-0.01574560171835507,0.007049200045857915,-0.05366831344708058,-0.0038973380437559556,-0.001186499030754324,0.0007663814399886525,-0.0119015722156597
2022-07-27,0.033661857164087886,0.06471218608869929,0.015919167630445662,-0.0027675294417017294,0.052263992866036314,0.021413621750370523,0.010133436624480609,-0.005633817718256131,0.02563498247384251
2022-07-28,0.00356529313805682,0.028140901241863057,-0.003738322110607104,0.005757068290067724,0.01077091605087696,0.01161730670504447,0.01211167244768271,0.007929444284363924,0.012464385578038206
2022-07-29,0.03226691482750138,0.015543703417053157,0.004779085430918351,0.0018352838370064878,0.0985908424413798,0.045268054679831624,0.0028071050348473727,-0.00272132151953733,0.014473518677013941
2022-08-01,-0.006172478087495445,-0.009771889839470221,-0.010018814474123349,-0.003501424235657701,0.003255163043005792,-0.025600896615409735,0.005651277459431333,0.02198260919517663,-0.002965630060173885
2022-08-02,-0.00933074696963854,-0.011540746363081363,-0.01570805330084737,-0.005708864220320204,-0.009126384992066035,-0.004348985905246859,-0.005956016148365718,-0.021386686987952756,-0.006619224734524029
2022-08-03,0.037534301117603995,0.027456012353546548,0.010440724820144858,0.00961130819725194,0.03917484264571609,-0.03295992339536411,0.0024353132279553084,0.015622019200625352,0.015538117621932792
2022-08-04,-0.0019280598851060776,0.0041687335154011835,-0.011063528345770238,-0.01616756735832886,0.02162514700519993,-0.04298961714877215,0.016404686079473405,-0.00033520489713003776,-0.0006758224775099325
2022-08-05,-0.0027781150854795243,-0.0026122579102179923,0.029811080087185554,-0.003966176094474967,-0.01249266344192746,0.01434777516607065,-0.011309751785277433,-0.024091418773148514,-0.0016915571188269617
2022-08-08,-0.0029071548547145764,-0.009197018114331592,-0.012255161854438337,-0.005332408404605483,-0.009921211958945507,0.005636993506049829,0.00843429302573469,0.01601260684543242,-0.0011615808483673073
2022-08-09,0.00030322326561203414,0.007038527511417045,0.008967108359953214,-0.00011751571786235975,-0.011398190058649052,0.018269417569352308,0.0030549006956045303,-0.003894349655956834,-0.0039789459778915934
2022-08-10,0.025857318013167582,0.024009832872652865,0.02575323059480144,0.0028751670092543023,0.034653403236136235,0.009448543155678338,-0.002515121991761826,-0.006552936091034658,0.020786467855213823
2022-08-11,-0.004441425001572894,-0.007428268389310739,0.014673469998470539,-0.020900082857375588,-0.014471011005617072,0.01884804496068937,-0.0026416922182978765,-0.023585387675419435,0.0
2022-08-12,0.02119930236719969,0.016893635838120518,0.016428321760981714,-0.011069779746311409,0.0204799726302063,0.008654362472439813,0.0091559838937812,0.010089674182807625,0.016787276377267506
2022-08-15,0.006313554523458157,0.005329883812204968,0.002698394866811327,0.004767805283928942,-0.002580826599034076,-0.018033979510214536,-0.01295059769262016,-0.0008658009198853087,0.00411234749366391
2022-08-16,-0.0009242678723948366,-0.0025930616051429507,0.009508787969027356,0.00887136430172516,0.011112768896956383,-0.00935908452988028,-0.0017515783779421385,0.004149024881805699,0.0019567654398648256
2022-08-17,0.008746243682488173,-0.004760038438253918,-0.008447779911932757,5.9674772507822e-05,-0.018684313761940453,0.008058412332639217,-0.006489394153531947,-0.010492183830999863,-0.007123285798355576
2022-08-18,-0.002294236739034867,-0.003955361224787401,-0.007779591297739021,-0.004845231551652587,0.001406469992751825,0.02336905573569325,-0.0026197961795841646,0.001480772013963127,0.002902148220846789
2022-08-19,-0.015217118929572997,-0.013950809269815763,-0.025056457136151993,0.015115736506652573,-0.029018540619540935,-0.0031837021479246904,-0.00734757163039441,-0.016233410489001426,-0.013529140630968878
2022-08-22,-0.023298703469804533,-0.029794720335371786,-0.0166599688372462,-0.010210833743358358,-0.03691706749123244,-0.0007443245598572204,-0.006659292089976961,-0.0033673049097042206,-0.02104232087378698
2022-08-23,-0.002031064019601298,-0.004727629296545787,-0.00990576169124956,-0.008749905998394742,0.0029980535122979177,0.041566319080112275,0.006966521193134044,-0.005518483074660016,-0.002422188419320248
2022-08-24,0.0017923293124096336,-0.002354092679420485,0.002420889994378885,-0.0033161526877274108,0.001346197196796827,0.005900922606659753,0.002944606753133556,-0.007345728632489868,0.003196051242395129
2022-08-25,0.014812452363953522,0.011034296291789666,0.023470247372519557,0.009317490990173798,0.02567648804552406,0.00516012679357621,0.0030581063588208724,0.01384012448477834,0.014018809003647591
2022-08-26,-0.03842822598384227,-0.03935125780439977,-0.03327637446120145,-0.01726053714772519,-0.04873553279461987,-0.012388460633079811,-0.012227119243200033,0.007509200884784481,-0.034435157113851915
2022-08-29,-0.013784833665191665,-0.010725370945340151,-0.002444775512630972,-0.00776121474634622,-0.007369343245364732,0.022729399125845345,0.0006180087953946218,-0.008307604120808925,-0.006634180333731106
2022-08-30,-0.015423828195815451,-0.008557416855422249,0.00017482517527036726,-0.0035030610754578206,-0.008200572028124537,-0.03879731099080059,-0.008375518142429546,0.002481830736760067,-0.011038521754516226
2022-08-31,-0.010691905858934557,-0.005720403059927357,-0.005961269516499333,-0.006733200222476196,-0.015342766720907609,-0.0075039434971017295,-0.007755370661436453,-0.009606905411172957,-0.007638147017636621
2022-09-01,0.004695738052838246,-0.0041006438360591075,0.006834937228894878,0.0244900203157012,0.008248603271500312,-0.01815736572677073,-0.00882896572005432,-0.02058949381984385,0.0031328979641779635
2022-09-02,-0.013704520189185528,-0.016807118316381174,-0.007010807788616729,-0.01585012455601828,-0.0024282313266850916,0.018157365726770663,0.008766177285663144,0.0056409939411741095,-0.010600357926871508
2022-09-06,-0.008249063983659639,-0.01103464888924017,0.00026379424202213587,0.0027000507321428154,-0.01104025092766752,-0.006717774817376315,-0.005856624315955814,-0.02508054847011722,-0.0037803365582360863
2022-09-07,0.009211311868793119,0.01893121817257369,0.018812608467052527,0.005439280026136773,0.026371887090260313,-0.008567401285298638,0.010117282390400979,0.01569166404100283,0.017805527850358546
2022-09-08,-0.009664400973278777,0.0016646990933283736,0.02302873621791885,0.008013155242910864,0.00262244654727905,0.008146038169404457,-0.006020336758777327,-0.010310318710900615,0.00651500750846982
2022-09-09,0.018664557471655165,0.022716950733982184,0.004794558539089718,0.0019329513720005864,0.026228269986313193,0.016613934202539423,0.005269773801350122,0.0022183205325715404,0.015415805050676233
2022-09-12,0.03778504349219348,0.008246925917934455,0.011762387958544675,-0.0004225139643360829,0.023581101562711638,0.011436938841933423,0.005055401623358004,-0.008251101370332435,0.010690317937161619
2022-09-13,-0.06047166282444233,-0.05654753286224313,-0.03536681210737446,-0.026364801999313722,-0.0731894888824619,-0.023635390681386925,-0.013096656160665028,0.0023246093503123785,-0.04445618670359325
2022-09-14,0.009510018301395286,0.00091231834336034,-0.002322481797455802,0.020430785192227217,0.013549175440013082,0.024249892953898976,-0.003855030527046526,0.0034305350967892222,0.003808561160700413
2022-09-15,-0.01911134610065631,-0.027493693164691652,0.014958183082048838,0.002547463014101169,-0.017816270022107675,-0.029508634563749702,-0.01885582054615919,-0.0006481181653659212,-0.011418209484700738
2022-09-16,-0.011020667848813703,-0.0026116068055146244,-0.00672486041479302,0.01514998316360147,-0.022017622141068536,-0.017230802822570366,0.005533763558420849,-0.0083705845888704,-0.011757561188046916
2022-09-19,0.02477353248780928,-0.0008993173969973792,0.009182176399439282,-0.00790707366354588,0.009105989831982108,-0.00010729038152012831,0.0007697242201716818,0.002332199387244697,0.0077250387394838076
2022-09-20,0.015544021618728034,-0.008501601609163472,-0.019916039278869684,-0.00790947519660365,-0.020012821052273675,-0.008187936285365554,-0.005722936238338996,-0.010020217752897116,-0.011544961529054014
2022-09-21,-0.020475894042343717,-0.014541178527194089,-0.029259270139520187,-0.01029712068624369,-0.030326753968738712,-0.016249880442048677,0.0046323186482795965,0.016614158524367397,-0.017597764628122084
2022-09-22,-0.006395636236405092,0.008459617470963045,-0.011444022973983987,0.017605019735245964,-0.010430452842063141,-0.004186872577274283,-0.0005778676843846911,-0.025880488065660144,-0.008435275731988906
2022-09-23,-0.015239269750505706,-0.012779459783285468,-0.018788844072664682,0.003244220328166704,-0.030553244195127616,-0.054686946340807764,-0.017427800106230556,0.00407641461295861,-0.01689680039347839
2022-09-26,0.002257637081094693,-0.001977407716714086,-0.021767172574632034,-0.006136834132484942,0.011968866944192866,-0.020857410790002025,-0.011701421971072873,-0.01929566027222733,-0.009941905830906185
2022-09-27,0.006544828835931473,-0.00438948917342439,-0.008841291602579767,-0.004597153027307836,-0.006447138553841769,0.020740785913783658,0.0020477597405781107,-0.026683887845118145,-0.0025560348674072506
2022-09-28,-0.012732267490925599,0.019519761926180764,0.020015632663794164,0.00857234346950169,0.03098087892480493,0.035742636337931434,0.02057349774534616,0.03293360772103138,0.019485294443738185
2022-09-29,-0.05036641915442698,-0.014919724273191368,-0.017091240220716272,-0.011061190476152265,-0.02757788275219137,-0.0020277127596516047,-0.0001939550676842037,-0.005189325502680301,-0.02111025865273874
2022-09-30,-0.030499727647836726,-0.0195584465844006,-0.015760318619086347,-0.007136569982203224,-0.015803665173125456,-0.01556938092539447,6.465586915905256e-05,-0.012994752292288872,-0.01558429807194012
2022-10-03,0.03028914961034772,0.03310833606129347,0.030441025501235553,-0.0009799118863489124,0.025167354188809058,0.05145362971778387,0.024019040336903132,0.013380071630453716,0.02605875632707373
2022-10-04,0.025300257812736527,0.03325333963779285,0.04572224933809515,0.014719565075547445,0.043978897865125356,0.03579633217818781,0.014226417356515262,-0.002796934841607216,0.030516214670220646
2022-10-05,0.002051282770557361,0.0012849343239165513,-0.021330796213935972,-0.003084089161812875,-0.001156833710238708,0.03961627160219899,-0.005553663146449332,-0.009607526955365766,-0.0023309416428924767
2022-10-06,-0.006647730337592336,-0.009718014341541225,-0.02059286607640151,-0.019571293145080066,-0.005388614075403092,0.02922963831493831,-0.0011269723206298698,-0.005573768891379882,-0.01036941677456693
2022-10-07,-0.037409797981596236,-0.05219154179881,-0.020176286889242747,-0.010617590664402345,-0.04888991976829772,-0.010143373196184519,-0.011023386481741284,-0.00975521358854419,-0.028290314507894862
2022-10-10,0.0023528583810801403,-0.021533119636372545,-0.009385289537766236,0.001310002994491189,-0.007799189513716346,-0.021915121319231526,-0.01531814481062402,-0.015668201371938965,-0.007664569002735405
2022-10-11,-0.010307893702921423,-0.016892144942705314,-0.029284528018935226,0.014359348043773068,-0.012927398021844347,-0.008534902449837444,-0.002060263412255974,0.004415904405936595,-0.006353119897458727
2022-10-12,-0.00461561471374251,0.0015072261032259987,0.016053270755745714,-0.0002458361514438904,0.006130355478841626,0.004378156970548033,0.005335060059011048,0.004894870169883812,-0.003303936926799401
2022-10-13,0.0330602745723172,0.03691803847585203,0.05410277908347406,0.015007602315719739,-0.0032826183937107096,0.03435185496085511,-0.0069475995125058325,-0.009612570262432863,0.026048834190455606
2022-10-14,-0.032771173674090937,-0.024547472850429176,0.016503820368023277,-0.004186772294049187,-0.05132603473090604,-0.026660287844072712,-0.012537109224551701,-0.008284549302566654,-0.023052430430736105
2022-10-17,0.028706697160671407,0.03849517336448433,0.041142115953320214,0.012868324378875995,0.0624608263379177,0.01431384230527015,0.0028720646374301795,-0.00488153110112324,0.025372332124866594
2022-10-18,0.009365458446123428,0.0040753790413938515,0.02539548492592886,-0.0034876764156409334,0.02233418925808348,0.0017873105740956587,0.002148648155477013,0.0023420406815549185,0.011681141019963441
2022-10-19,0.0007649247617504076,-0.00850567256855905,-0.019800944362557176,-0.007983108619867615,-0.011148194791633691,0.02923127133992939,-0.013488942083046313,-0.018373624397255567,-0.007111693913458658
2022-10-20,-0.0032724137122624765,-0.0013964414177107466,-0.003266852974183459,0.0025469995576242726,0.0015630430413907993,0.001347968623132684,-0.0015834271303347223,-0.017240905611108453,-0.008420700791215187
2022-10-21,0.02669944601112306,0.024966274681360284,0.05119426253150513,0.021569346174142384,0.03470527776978976,0.01839987082951107,0.017670616858913076,-0.018187153787081727,0.024010887177777527
2022-10-24,0.014694251991875818,0.02096649947933506,0.0012264422452228992,0.013365325980204129,0.0041816570092310735,0.0069660453019026874,-0.003248865755665668,-0.008298802814695066,0.012162240310234919
2022-10-25,0.0191529762146954,0.01369746868055479,0.0026113936824714076,-0.0015803802054260379,0.0064886676373062694,-0.006777134372843592,0.0022753138371353837,0.028696832903714376,0.01584238216201173
2022-10-26,-0.01982232028252338,-0.08029540589335867,0.011425917424564011,0.00874845192414659,-0.041824431563012805,0.011830013093913856,0.0063434739221749515,0.014304603089472791,-0.007562557231211199
2022-10-27,-0.03093906471050265,-0.01995394429477153,0.003940337211922941,0.0005805178382001276,-0.04148507672349607,0.003819465260924663,-0.0015497872144956272,0.010416223708292894,-0.005354343500594947
2022-10-28,0.07283447019722411,0.03943271680053811,0.011808019756216249,0.01474766057056003,-0.0704681068096924,0.028867984000852265,-0.010263162512214732,-0.006897644066587302,0.023512136422152028
2022-10-31,-0.015530272018091698,-0.015983246236428595,-0.0015875539133629174,-0.0051599701691092195,-0.009424407865559183,0.0009931832336428266,-0.008194886389522453,-0.007153625447338352,-0.0072494931998346905
2022-11-01,-0.017698412554438162,-0.01720659440187661,0.017872380613874052,-0.005071180118151522,-0.056733578170327224,0.009877953881701563,0.010151706529948045,0.006843660057658072,-0.004385459781095949
2022-11-02,-0.03801864800415159,-0.0360089766250629,-0.009250614728380083,-0.015487035201162225,-0.049451608208512805,-0.020766365602303796,-0.006996922447749893,-0.004349634032475799,-0.025416503996650883
2022-11-03,-0.04333036666011862,-0.026938431054526757,0.0018098128243216754,0.0017001323162978922,-0.03109058707003112,0.013502085417952305,-0.003813285357145529,-0.0054116065047044816,-0.010350282778889134
2022-11-04,-0.003606726841375038,0.03278229465824446,0.02699093582684769,0.004441854176333077,0.018638214259404633,0.01083220832936043,0.03023455936934204,-0.016943315083775744,0.014290545058465666
2022-11-07,0.003894703805208198,0.028849438767880896,0.005266182748547255,0.008709339148589458,-0.004958414654509065,0.011772652011042342,-0.003970292100619771,-0.010026750669712767,0.009520103635252866
2022-11-08,0.004166373385547123,0.004378865866233289,0.0006087816944735184,0.00495935506980844,-0.00609386407432278,0.003162891408508217,0.022836387242720455,0.010875467037229518,0.005380943490781318
2022-11-09,-0.03375324973265403,-0.019233907150123738,-0.013094103390980757,-0.008027996565324335,-0.0436135437870618,-0.045768418455580585,-0.005029875426861931,0.0032819890769409765,-0.02081727800580973
2022-11-10,0.08523649023700478,0.07905888580647201,0.04033474773245769,0.011645467708960508,0.11491537238525258,0.014585491018892574,0.02999014066687195,0.037752072033017746,0.05349731604908333
2022-11-11,0.01908544965981155,0.01685444619467105,0.0016273396593754076,-0.030375895299426046,0.04214989235556956,0.030744234733885864,0.006584586648625278,-0.003670851476031615,0.009631945368455177
2022-11-14,-0.009530913143051021,-0.022757090620851357,-0.010326602669267637,0.015594172261017659,-0.023084124185175692,-0.005102949662186009,0.0021852624939974414,-0.002454741950650926,-0.008543075785934372
2022-11-15,0.01179954693115503,0.0017372605295854192,-0.007270033894039038,0.0027882678534850527,0.004558585617951672,0.006681343536001232,0.003510686978418323,0.01605073060346215,0.008492887580152254
2022-11-16,-0.008366009374080587,-0.0009923507119917146,0.0013530784594627384,0.006187673349422487,-0.018566278488374336,-0.010747108373077801,-0.002298712523919624,0.02163270323093277,-0.007658046847095477
2022-11-17,0.012887894988446974,-0.0002068637395928395,-0.004366490412817759,0.008038628496435312,-0.02365063093016498,0.001327610054714008,-0.007293978362553723,-0.010608338219561456,-0.003064496060325931
2022-11-18,0.003774713928690576,-0.0019051569233196626,0.00976057001848792,0.007634059749334054,-0.007513660408026965,-0.008705749218393262,-0.006917477310225736,-0.006901062543541734,0.004530105055677471
2022-11-21,-0.021918685707646275,0.0034349362306066067,-0.0059200592548703124,-0.0013061875384089228,-0.018006917412916906,-0.00995300751627927,-0.005605706612753669,0.004206315666079289,-0.003642714811980984
2022-11-22,0.014554735622640523,0.012236335642351118,0.014846033423948708,0.004818740013988066,0.007971603131466278,0.028516256023640836,0.0011730206623633479,0.014091728671022145,0.013367264703975644
2022-11-23,0.005908730883895689,0.010353110075609758,0.01060705289572192,0.0010739621754067374,0.009929083867583304,-0.005004619954300009,0.006212537281024591,0.017291497110061043,0.006281803486928179
2022-11-25,-0.01978806461675223,-0.00036358495158850853,0.0019032287422791447,0.0012985181782236795,-0.0076783996743715575,-0.0035270294917950987,0.0008581060900441475,-0.0033955890011381604,-0.00022367194874245962
2022-11-28,-0.026615329450267837,-0.023424678627646377,-0.017632977424147742,0.0005076571730990866,0.005764319974717149,-0.030492901480396132,-0.007934840955717387,0.0028143062876189694,-0.016085734694110627
2022-11-29,-0.021375073592505248,-0.00593251962929423,0.016315743424685013,-0.007017175531701163,-0.01641932041735406,0.006625846795495131,0.004928242587143351,-0.011795233500613265,-0.0017190387730498372
2022-11-30,0.047450118029292686,0.0597994352150087,0.011793104574463654,0.01078832231939854,0.04361402479022647,0.0072111363502447,0.012700909573565686,0.007327471601162611,0.031014679019945916
2022-12-01,0.001889721828470323,-0.0017652947722180106,-0.014139146706215952,0.00414868566116071,-0.010831182745662351,-0.0048618084421782806,0.01821784940189847,0.029068188875203765,-0.0007361421577494752
2022-12-02,-0.003377012529889752,0.0012948541174699357,-0.00795877450834379,0.0007829540134884445,-0.014449441927555805,-0.008519946398709101,-0.00346165669460738,0.012497226309407462,-0.0011543800174218385
2022-12-05,-0.008015258234993616,-0.019081375422585214,-0.028441492364672423,-0.0005591903070277422,-0.03370741496986447,-0.02778084614931776,-0.01730783443196071,-0.014105932594360706,-0.01815300933233039
2022-12-06,-0.0256973454952844,-0.020512711480584263,0.0016732586806325344,-0.015103984157546069,-0.03079569477585829,-0.028189594970608963,0.002733652949197593,0.012797765709991587,-0.014519677330389306
2022-12-07,-0.013880793594827006,-0.0030644163799684937,-0.0006841765442300501,0.006057708110185396,0.002376776626774563,-0.002216547912759056,0.008998460331826925,0.023289103588051353,-0.0017026904074242595
2022-12-08,0.012059809760632532,0.012322989786129564,0.010439613687220073,0.0001693145586345786,0.02114054459805671,0.007401389100617601,0.0008413462034759727,-0.0027442388242877726,0.0078034345815536
2022-12-09,-0.0034408938131132074,-0.008035431409985803,-0.005433155532371495,-0.00827340810328335,-0.01404392230568502,-0.008463216508650982,0.0035379163218405884,-0.02635883462918334,-0.007498261902312391
2022-12-12,0.01625711715912401,0.028479823343192653,0.01539242763704678,0.011878639588244023,0.016255089596869898,0.02432977899742475,-0.008294812240431517,0.003192490974396655,0.014314269376619941
2022-12-13,0.0067595787798507,0.017313900497997487,-0.0009691006759416066,0.00767403289935619,0.02119834623674616,0.010874767336946076,0.016936878125122228,0.009609627524951477,0.007541363214336442
2022-12-14,-0.015657795294759396,0.0011669974483490499,-0.005009543543058261,0.0030643253217762273,-0.00988762333721926,-0.007393230063515052,-0.0024360547978811158,0.004262028132311075,-0.0064140379869115855
2022-12-15,-0.04798746986559683,-0.032438693537079955,-0.02512370767225519,-0.012708358576818521,-0.034775486623155064,-0.009627256990414196,-0.01649460098676818,0.0014781968693109652,-0.02476585012445258
2022-12-16,-0.014686068904524351,-0.01750095305426758,-0.00624544225199768,-0.010307034274963647,-0.006692782058160802,-0.007042952877705883,0.008671096661280069,-0.011233465387426481,-0.016457869209277255
2022-12-19,-0.016037513994810654,-0.017479935522921708,0.005937939174543891,-0.0010821587272783352,-0.03403500171257818,0.004478970655445797,-0.0028218925393243208,-0.016947962384032476,-0.00851581873359917
2022-12-20,-0.0005289606047693854,0.005598770457020834,0.004832224167938703,0.0010821587272783434,0.003174419219693654,0.014349344671432717,0.016458332148831797,-0.01791664692890382,0.001367413697868956
2022-12-21,0.023530497410194036,0.01081803117446808,0.011185203163723416,0.011376944560880448,0.0183768837506493,0.012759195212549795,-0.0016573935367324183,0.00251038077187969,0.014841750323798428
2022-12-22,-0.024059737962372617,-0.025860294843337277,-0.011414780360063643,-0.0036649698489849883,-0.0349472711802031,-0.020380251057019287,-0.012158929149260695,-0.00019288263151700074,-0.014368850123197928
2022-12-23,-0.0028020768835776825,0.002264531706636982,0.004733917369231114,0.002538716773521632,0.017274447538430913,0.026101407199246567,0.002993834940783642,-0.014769020879680834,0.005735777808863058
2022-12-27,-0.013975560621925202,-0.007441855698971332,0.003497836430711573,-0.0002817615752206144,-0.02626569674604762,0.01379836394153856,0.008394655316543381,-0.019971004822485112,-0.003951281455399467
2022-12-28,-0.031165876174154578,-0.010307839046002841,0.005450429844286412,-0.00434918361850199,-0.014800706916326165,-0.016562578361717508,-0.004516021698545274,-0.005909176391593435,-0.012505769399717388
2022-12-29,0.027930624546209874,0.027254914932259726,0.005721183928199832,0.005081598648848315,0.028435650841172187,0.007537493172836574,0.005582625260198679,0.0112871397569099,0.01784023108477468
2022-12-30,0.002465902459361233,-0.004949784454458536,0.006583893302599407,-0.0051382061606802245,-0.0021405644991109884,0.010022862948652084,0.004667797774813178,-0.011186692767723893,-0.0026375248684724715
2023-01-03,-0.03812226333382989,-0.0010012516481021545,0.007577482211911952,0.008680022934169133,0.02143528072006487,-0.03496504880438234,0.008335827546245804,0.018904154639152654,-0.004218807436469645
2023-01-04,0.010261395373069204,-0.04472880084373524,0.00928183459296213,0.010828415696143739,-0.007955119163372246,0.0029062974565498985,0.009367886271703096,0.01360698396042227,0.0076905346473747005
2023-01-05,-0.010661251430218167,-0.03008578524554966,-0.007581091032196615,-0.007410949696053226,-0.024011613609034324,0.022127459298012832,-0.012529666527329156,0.004172130439421058,-0.011479015895231615
2023-01-06,0.036133368495903706,0.011716438474307396,0.018954791942834965,0.008076913425644702,0.034991749622502316,0.012014343113227136,0.018534650216822393,0.0182294216228112,0.0226731626383842
2023-01-09,0.004080538441004486,0.009689269476508198,-0.004140792666031388,-0.026249996666995755,0.014760415583120674,-0.018813340270737906,0.0022426046603113564,0.005310082646105889,-0.0005670541688662555
2023-01-10,0.004446496133194283,0.007588254934935213,0.008914071418689093,-0.002394937564865151,0.028326669673687157,0.014824576030185568,0.0036693080958052067,-0.01668851013516278,0.0069883640865416
2023-01-11,0.020892441093872414,0.029789986446542193,0.007403980198300404,-0.0015998175049692076,0.05645962988107086,0.011559778322696933,-0.0006869704872870063,0.016120919541928493,0.012568540974635065
2023-01-12,-0.0005994754769263538,0.011554484624392328,-0.0010031528499594604,-0.005044725213699372,0.0018911541673349718,0.016474837203505042,0.01150157870606878,0.019490871888038566,0.0036341651142196693
2023-01-13,0.010068325347637248,0.0030141941019042238,0.024921643780700043,-0.003281239452034568,0.02947625367160067,-0.00061845652896745,0.01193036097652025,-0.009416879993374703,0.0038719782867788575
2023-01-17,0.008718193380140099,0.0046707620674798335,-0.01557411416090186,-0.006188747014857057,-0.021322330175722923,-0.001946214343967447,-0.006566601398746826,-0.006484680399750036,-0.001833549435532696
2023-01-18,-0.00538448654782547,-0.01906979831489301,-0.03050314003360898,-0.015199637881964347,-0.00616157763681514,-0.020757656821416188,-0.002875914802563503,0.02394264073667559,-0.015913976474265158
2023-01-19,0.0004436557304360303,-0.016590794024583615,-0.013416093901226575,-0.0013557725558113497,-0.018822592288288472,0.006398435743527127,0.01574394511065438,-0.006279455484843136,-0.007306507066609511
2023-01-20,0.01903843108243507,0.035119568125851125,0.0024459857282604423,-0.0046708335723809735,0.03740026320909379,0.018071440295848056,-0.0033409463672588765,-0.01634404815297786,0.018457669774628
2023-01-23,0.023228515886131697,0.00977638275439041,0.016082593746201246,-0.0025515515994058284,0.0027725026744602923,-0.005218710707626131,0.0018945731734084268,-0.004719215931646558,0.011927173067783311
2023-01-24,0.010012775797270213,-0.00222855112661386,0.008559460353402557,0.0,-0.012381503612505165,0.009268725047886643,0.003612018041703207,0.014277905523199583,-0.0010738859466406948
2023-01-25,-0.004711848092998863,-0.005925636317482413,0.004827620429056775,0.007104404992320008,0.008888947417246214,-0.005285890203780501,0.004593383653997016,0.002421985347898904,0.0003747423690099632
2023-01-26,0.01469482743688913,0.03025138072834385,0.006162685215365917,-0.0036643067005650174,0.020774677895145928,0.039404153890548126,-0.009096518435259522,-0.004662882644186444,0.01093042803910157
2023-01-27,0.013591571468824453,0.000644953263246597,0.002425973362479442,-0.003915524698760876,0.02998338375632185,-0.018426197293335878,-0.0013939615851116768,-0.002527026474630621,0.0022950789290190616
2023-01-30,-0.020282424419747112,-0.022206384413060668,-0.008516780770087478,-0.03773575549868489,-0.01666787441056365,-0.017891126082459824,-0.0025699773908227103,-0.003661460223483667,-0.012626211122781377
2023-01-31,0.008980533049257052,0.020795008490728822,0.005947919645702012,0.00872723872417722,0.02533521210931648,0.021345062682545008,0.0036295653660423006,0.007962944319915876,0.01459626692149429
2023-02-01,0.007869707880454494,0.01973853439468396,-0.0026471129748204866,0.00913693388213786,0.019397573820731356,-0.01100769511359045,0.012518165019360455,0.00938014771837527,0.01057175076892661
2023-02-02,0.036392201584881996,0.04581839378027455,-0.004667369259932073,0.0037523496185505934,0.07120313904372202,-0.031788058763519325,-0.020970259778864086,0.0012933027206838844,0.014452026588540324
2023-02-03,0.0241070235632993,-0.023903996947661724,0.015355799360331473,-0.005633817718255908,-0.08808279559382905,0.006903689947020149,-0.025274569415479727,-0.015068650856257144,-0.010686001363579114
2023-02-06,-0.018091470800650468,-0.006134512171565793,0.0058655339362029685,-0.00762268532263833,-0.011772281695949776,-0.0016990837979791752,0.0020732557530042015,-0.007431481452129932,-0.006130063711859042
2023-02-07,0.01906187359392895,0.04116309768857932,0.012116266864029295,0.00024482800954703075,-0.0006853003352053623,0.02815098755184225,0.0009200690700807469,-0.008058061329762311,0.012993807215710453
2023-02-08,-0.01781043262704829,-0.003106929449049912,-0.007055811870413702,0.0012843645690826762,-0.020380602537704174,-0.00873978644742318,0.0024684992011825124,0.004747896109307864,-0.010994976597014684
2023-02-09,-0.006935527652047255,-0.011728238516837746,-0.015686041965782153,-0.01359979115913679,-0.018256596630910133,0.0037674728051245174,-0.007943859412020153,-0.009518442319156809,-0.008706978968159723
2023-02-10,0.0009275209357145332,-0.0019744842380725234,0.0044056065005120175,0.004636076917478651,-0.0064335172119585355,0.041287124633924706,0.0019053673595467579,-0.011252823717364743,0.002330917596276734
2023-02-13,0.01863204198035316,0.030764748031631706,0.010789569076254873,0.003693448335351509,0.019579626243534466,-0.011562773885228493,-0.005089069507471404,0.008379533741358186,0.011670677130981681
2023-02-14,-0.00423384446155997,0.003127934986960763,0.004409147360675576,-0.0043720627541888124,0.001606103537384461,-0.0117839293738968,0.0007534266779655505,-0.0023045909950335135,-0.000460343812265346
2023-02-15,0.01380762869332509,-0.010526607387759304,0.004181190760401332,-0.016614675462947405,0.014537744833971739,-0.0030108844630582,-0.01001463973978058,-0.009368881008458315,0.0032421213466098373
2023-02-16,-0.010484175762975069,-0.026983404658538428,-0.013864797411095777,-0.0071156749971402556,-0.030206501079294183,-0.002933565520544836,-0.0008195762079179844,-0.014269202233014436,-0.013864449944346924
2023-02-17,-0.0075752990741620625,-0.015724742994841695,0.0029571238897438627,0.013495481474884509,-0.009726209256076729,-0.03921034424479892,0.0029823711471465503,0.007746275925983547,-0.0025014114129287036
2023-02-21,-0.02704214212478832,-0.02110782652432253,-0.018519704811491147,-0.015013316322319661,-0.027324674250663733,-0.0009889863696638335,-0.003744008117497208,-0.0196287803260019,-0.020264846758444924
2023-02-22,0.00289182756422327,-0.004601539318636694,-0.007692622139978268,-0.0013933753600231969,0.012712258179070712,-0.013037758242815833,-0.005642427100960083,0.009122522362150904,-0.0013790857594857767
2023-02-23,0.003285176096603322,0.012878427181986334,0.00797905250355494,-0.00031694716756091657,0.00031313606017554737,0.009162308392113346,-0.000530613460552653,0.00972454989199478,0.0053053177490683745
2023-02-24,-0.01816942354716423,-0.02202513684800542,0.008980815885739958,-0.011221029435648573,-0.0245099951603347,9.02975304238471e-05,-0.007220675311952612,-0.013086229941351068,-0.010739840257304857
2023-02-27,0.008213737927316687,0.003764672634864237,0.008689870642976029,-0.002182285846815501,0.002776889534061305,-0.0018075016217897128,0.003912739163053205,0.0027692629704188267,0.0034000360164898186
2023-02-28,-0.0034537670196825134,-0.002962490656984769,0.008336008482983014,-0.015345569674660421,0.005000276389962396,-0.0058060582226462905,0.004545596539685119,0.004532920650856329,-0.003702821646578554
2023-03-01,-0.014348428726582282,-0.012709727464316483,-0.005596376970697713,-0.0045123184171474325,-0.02210390421309204,0.008876869884315474,0.005755580579939593,-0.013262268811795852,-0.0038432411401512784
2023-03-02,0.004120601943326564,0.019462595113277387,-0.010436594272270129,-0.000786833690846957,-0.00043407488473227784,0.004588608528059125,-0.0005857887813224673,-0.008906738890504971,0.007747184038381961
2023-03-03,0.03448849930231914,0.016509063734340322,0.018193175560244558,0.010245790676840363,0.029623082495041673,0.012577660123645185,0.010665990668098778,0.023937181050990086,0.015910560071522653
2023-03-06,0.018369603989409514,0.006169966464962108,-0.0058643005256916285,0.009949045176442533,-0.01219204076536206,0.008825403676969568,-0.0050565333975626505,-0.007783673959768292,0.0006925036756851097
2023-03-07,-0.0146026233593885,-0.010645476447952783,-0.029848719631125183,-0.009494661993784556,-0.002135612130421561,-0.019519739626174946,-0.01763506788444532,0.006113814527493226,-0.015447400871124195
2023-03-08,0.008342413804671631,-0.001772177287675414,-0.0059330179102804114,-0.007360397990670801,0.003947303359687833,-0.014712120587954843,-0.0004745521503223958,0.000982607920271071,0.0016307282932402868
2023-03-09,-0.015026974914214734,-0.005454343390507934,-0.055656937675323974,-0.01130847028035904,-0.017941073159149744,-0.007758698954670232,0.009801105795066503,0.0024523039412170287,-0.01862213514043767
2023-03-10,-0.013975953855973828,-0.014893170208639148,0.02507802168069365,0.002443455070758233,-0.016614219739098983,-0.012447719619647744,0.021333677400424703,0.033904817403016076,-0.014534578736324003
2023-03-13,0.013178770528032447,0.021214303772009845,-0.018120541113194912,0.009518567288284716,0.01856353809514873,-0.011571611016497526,0.022688830431795662,0.0022703632872100336,-0.0014262193349402262
2023-03-14,0.013990857132857637,0.02669622898098387,0.025352093110833855,0.005602985535621252,0.026161333972728906,0.0037474280317323595,-0.005807904904608085,-0.016578123578256047,0.016394864643464138
2023-03-15,0.002617973875643445,0.01767334068305166,-0.04839654086185033,0.0027897640307719264,0.013816422422245626,-0.0510275633549996,0.007773811118121904,0.0191261360925604,-0.006273947930216965
2023-03-16,0.018521446434058394,0.0397364145330573,0.01922764922431542,-0.0020753623118020584,0.0391407483377575,-0.005822863725945026,0.0020180510240252565,-0.007853567356703974,0.017393071423942103
2023-03-17,-0.005468889294099413,0.011626573025626578,-0.0385142705819927,-0.010769987591502724,-0.0109554339608436,-0.011848597818523382,0.028704294498299792,0.014897503501923178,-0.01557085268984003
2023-03-20,0.015365219064056359,-0.026104516777849054,0.010516009145223113,0.009860660430896648,-0.012610764092323052,0.025805970063791178,0.00038083839311253703,-0.008836304909578752,0.009569695222626741
2023-03-21,0.011873323772638007,0.005677566944396744,0.02646745363687524,0.0,0.02924774834770762,0.04382772169500967,-0.019055517418337647,-0.008629326698054414,0.01304503454478312
2023-03-22,-0.009145155345115272,-0.005457189363250673,-0.026152889305876104,-0.01862715364307916,-0.01916670986452335,-0.02315465161374153,0.016877341867541105,0.013245226750020723,-0.017193414865615837
2023-03-23,0.006945349297902691,0.019529668802541002,-0.0026769561691151874,0.0005294857493482747,0.00010131199036063425,-0.011346275569293235,0.01246020779821327,0.0,0.0026996756412876735
2023-03-24,0.008271242092051186,0.010425904589784402,-0.015332971692328763,0.010007325598857702,-0.00589312821139437,0.0011597565811379963,-0.01131607408218599,0.004220404857612579,0.0065406104487253924
2023-03-27,-0.012369479283555878,-0.015046517821102334,0.028257602317571393,0.004249066696881729,-0.0009175715584902455,0.021689093646177188,-0.009299848207507622,-0.023771184170909867,0.0018681213147759624
2023-03-28,-0.003988230526153708,-0.004169618629578664,0.003030658573329512,-0.009701177289146358,-0.008193409211989324,0.012399181958718046,0.008155714491480127,0.0018193139503691015,-0.0022472203273405217
2023-03-29,0.019597386183798766,0.01900226320540868,0.00201534832960184,0.009766406733740837,0.030484916738756085,0.017031141018285113,-0.004973095474956104,-0.0020110133662730877,0.014430264829028837
2023-03-30,0.00984131979582841,0.012540904051967446,-0.0030245476544753236,0.0007824216347515932,0.017305747097592427,0.004852378484131236,0.008998997218528126,0.00459067370859905,0.005838163281309164
2023-03-31,0.015523137594856146,0.01485132564122055,0.012043687612969145,0.010180679962132259,0.012567752734271046,0.0015514490905689572,-0.005225923706158398,0.01486981037663189,0.013996219080722017
2023-04-03,0.007672131147568978,-0.0037183161010089973,-0.001151764246032333,0.01186481771744056,-0.008556201931195911,0.057325583281763993,0.007178625563347198,0.0021599294681706465,0.003803305654891863
2023-04-04,-0.0032549757490592185,-0.00017409167711666745,-0.01345832054488014,0.010401565207647172,0.014925650216675792,-0.009604226972058295,0.018469332041745546,0.004959538542722709,-0.005563568192875277
2023-04-05,-0.011354443611028924,-0.009938491658678961,-0.006327404620017281,0.04394412675706536,-0.027799888277596232,0.01698243477390198,-0.0007982757668264868,0.0104003166081326,-0.002621683053063882
2023-04-06,0.005480800517246007,0.025212294926951224,-0.001097694951055126,-0.00278147476460098,0.00945074960939968,-0.016721644578135252,-0.007159680081973839,0.0025832655753243623,0.0038932945026267686
2023-04-10,-0.01610123859737054,-0.007607740784304397,0.0032894766503987053,-0.005038405656550599,0.0010772169675068626,-0.004442709515663516,-0.007427375371761233,-0.0162559893858834,0.001025891638582921
2023-04-11,-0.007620146528043399,-0.022929248917307413,0.004914014802429163,-0.00030433062713952424,-0.022268226786010044,0.007046877654051369,0.006300675142582744,0.0020581913898658896,0.00026851207855412625
2023-04-12,-0.004362736742197071,0.0023308387441887124,-0.00015562991238329488,-0.0021329116224643374,-0.02113858734798482,-0.0010408535938394444,0.004873225699061368,-0.0010285661760518143,-0.004084283653082067
2023-04-13,0.03353504687786262,0.022152197409741545,0.0038059776417704153,0.013271715572341315,0.04565543413607004,0.0046753331917138785,0.0134251571961433,-0.007889587275162932,0.013195244525946406
2023-04-14,-0.0021162749380318254,-0.012847845048633726,0.07279471611558926,-0.0016267513754614177,0.0010736421899026558,0.0024156685028089864,-0.017869014060784824,-0.009188716193352372,-0.002445729065297396
2023-04-17,0.00012105072039954903,0.009253205480483176,0.007897800960125352,-0.0010256101770782196,0.002241170243811482,-0.011701108585120999,-0.0044636929098097605,-0.011967018501976547,0.0035818044101713262
2023-04-18,0.007476670343020137,-0.0014900292099613503,0.011165354409713071,-0.028531383093598837,-0.004291852081541032,0.019340958612199297,0.00387326322088258,0.003557183003904075,0.0006520558100983468
2023-04-19,0.0069440566372668076,0.0002773828941886638,-0.0012737953742716285,0.009396125258237359,0.01936168904914595,-0.0031690318157835324,-0.00478997713554804,-0.0009601536983433704,-0.00016901068429200423
2023-04-20,-0.00586336488943772,-0.008145408443967595,-0.002907494158980546,0.006439567191743507,-0.004709056801572645,-0.008010033783595653,0.00393054752901501,0.00851313190592683,-0.005472036123328575
2023-04-21,-0.009829126077551523,-0.0012240545707965717,-0.001919318165168736,-0.005455617785749201,0.029892627588533564,0.0031944771391700373,-0.009936896583689857,-0.005635432078311429,0.0007766236678086255
2023-04-24,0.00187679788705659,-0.014061162371853063,0.0013510152444246857,0.006066752682237362,-0.007036666460239479,0.018701710684682436,0.003034739228218952,0.009627832818559487,0.0010426391837209052
2023-04-25,-0.009480472101477786,-0.02279393001730124,-0.021983643933624494,0.009122486179254697,-0.03487277401412867,-0.014315172880764058,0.00507341330020356,0.014597424526589842,-0.016001123114056867
2023-04-26,-6.10631087419618e-05,0.06993160243045483,-0.017882484589583424,-0.015619597602879473,0.02322436350483422,-0.009225396290729456,-0.005452252433404516,-0.010715395317702105,-0.00424461424016596
2023-04-27,0.02799954111492878,0.031525436436464785,0.013368790263526593,0.0023340100270708426,0.045072806026572675,0.01188235092855257,5.412866384715291e-05,-0.009972066111112059,0.0197124298655815
2023-04-28,0.007512827788464046,0.007940050536614217,0.008645482306950716,0.00428528357032686,-0.0406057549259429,0.012841950519491052,0.0002705993792727808,0.016001856379737788,0.008498976720200236
2023-05-01,-0.0005305509011179143,-0.005548136029354921,0.021186020003396155,-0.0006110602084425462,-0.0327740176689299,-0.031503399198335044,-0.004501458369891906,-0.03177899941663365,-0.0010102954770624826
2023-05-02,-0.006210649011101915,-0.0004910224823273673,-0.016279097183268393,0.00870285138682967,0.015363973940272146,-0.040669394321578796,0.019112805550955975,0.02461456454821443,-0.011302837096972707
2023-05-03,-0.006488311103993742,-0.0033125102033009406,-0.021390411777559713,-0.013174938970007022,0.00019297568566267205,-0.019906174891379236,0.008443349950533788,0.0055663146692983,-0.006887651487020474
2023-05-04,-0.009962871988839767,0.0033125102033008634,-0.013772894500285716,-0.004553854023491703,0.003371060259584099,-0.017666487416430128,0.007008327987136349,-0.009927751373398453,-0.0071081895552386355
2023-05-05,0.04585904898141634,0.017011740318871246,0.0193463908876201,0.003386598477045983,0.015788169877517827,0.024591403137322113,-0.015771695007978176,-0.003331274198579436,0.018343304384735255
2023-05-08,-0.00040337684587633056,-0.00645892766979798,0.002410431757641927,-0.0022769941220446553,0.001654964086742562,0.003948763108860241,0.0012261763498186576,-0.01411381500543705,0.00026654712589809285
2023-05-09,-0.010021226737979814,-0.005360201252707633,-0.004826687738260953,-0.007793211139771257,0.007437078288981985,0.00027491409107854246,0.007061163898751629,-0.003584059631607398,-0.004394971076914709
2023-05-10,0.010338179385026795,0.017148536682306217,0.0005130272383399569,0.0037186283942341695,0.03293503710507071,-0.012910544505698297,-0.0014294414377760366,0.009657245503175368,0.004661447174374589
2023-05-11,0.0011229324109407327,-0.0070692110210003704,-0.0031556185141134977,-0.004091252917239074,0.01789857558050524,-0.01826492025370437,-0.008619825639436965,0.010516349309065334,-0.0017454973037059438
2023-05-12,-0.006814533185414003,-0.0036828884426830188,-0.014436674941622589,-0.0013052803543882531,-0.017263510918653295,-9.453136084942943e-05,-0.0017115049372268484,-0.008404213347207133,-0.0013111253274346358
2023-05-15,-0.0029015804944212843,0.0015846582557063886,0.008391242197635608,-0.007679618175562194,0.008489168654944423,-0.006734670937150038,0.0021389238677067854,-0.010411739673878796,0.0034440975106645386
2023-05-16,0.0,0.007340663999378347,-0.006752019715983066,-0.0013170687720325466,0.019591009477169793,-0.024568893204813477,-0.012578106055822828,-0.0030086886383137446,-0.006705075772761216
2023-05-17,0.00359670883151242,0.00722347884734838,0.030284236847685525,-0.0021989767916022365,0.0183491386681964,0.022186691878149836,-0.003467898354936639,-0.0029202785281868746,0.012065853606519992
2023-05-18,0.013573567804096048,0.014292281480990708,0.007555351644449623,-0.0032129047703223076,0.02268447367106871,0.009022331965941325,-0.013057797465129669,-0.007436433486932542,0.009587111754964073
2023-05-19,0.0006281945325228099,-0.0005652733875357341,-0.0022965418447163117,0.0027096018342494684,-0.016211959165451147,0.004621995682835749,0.009850139836733374,-0.007096422447764179,-0.001456108152484133
2023-05-22,-0.005495777514795229,0.008881719631636632,-0.008297006581217146,-0.012920567356396013,-0.010723963362975611,-0.012214325975090912,-0.002344283477868085,-0.0035671857089213136,0.00040601378616302573
2023-05-23,-0.015271004769722592,-0.018604018434948643,-0.010487314820686459,-0.000382555475208838,-0.0001739130439166797,0.013530981859837624,0.0012000874231062157,0.002874562122136417,-0.011286259461766542
2023-05-24,0.001630751671820239,-0.004482530434855526,-0.009193607210720973,-0.000957029453847718,0.015189728488433328,0.011122129698273796,-0.008101199268090591,-0.004961312022312189,-0.007271172877377287
2023-05-25,0.006669978038386105,0.037736787714955033,0.0024353356931376365,-0.014466449606319608,-0.01510276818575663,-0.018101314869648045,-0.009664578883931305,-0.002489917127236089,0.00862262227099355
2023-05-26,0.014006313582207316,0.02116015260053618,0.009317407195699711,-0.00038865138460455936,0.04347586120314892,-0.006551796688463372,0.0039875994354049565,0.008044935875873696,0.012867538294069412
2023-05-30,0.010603110139068832,-0.005059489787019004,0.003790092000542407,0.000129567245581791,0.012822279326160396,-0.008899154467255433,0.006171498538798851,0.009941516004653497,0.0003808617041992201
2023-05-31,-0.0002820476679253569,-0.008550688847285671,-0.0128127096001798,0.004459820597062949,-0.008916835831299739,-0.018039476677798896,0.0015369417889876387,0.008679170967090491,-0.005560674448036189
2023-06-01,0.015895560519624614,0.012678506215040986,0.013685310004588717,-0.003359176285375174,0.01799925313148899,0.011482076131639778,0.007867173443413986,0.0012614624932216524,0.009456166310023306
2023-06-02,0.004764024077889918,0.0084434167293401,0.020788376744950227,0.015601741781677917,0.01198297878398968,0.02295433606908448,-0.014857322169192451,-0.011018589368505272,0.01435757946552626
2023-06-05,-0.007599958917088782,0.0016087231997484429,-0.009872737223779644,0.00856359700719472,0.008415196925284498,-0.004453928234708173,0.006002385928022245,-0.0018646651460044242,-0.0019180843755738138
2023-06-06,-0.0020624885373653236,-0.006750122700167041,0.0017957839829340968,-0.0008846762030390245,0.010400633630139251,0.008134740280597184,0.0010974540170842428,0.005876608488985191,0.002175108735888259
2023-06-07,-0.0077864998623044576,-0.031354347577021255,0.00964189878714888,0.002147143230963053,-0.043421927773669725,0.02217344430865845,-0.012083238962654489,-0.014955020948743337,-0.0034636932286051863
2023-06-08,0.015346711534796179,0.005796760188633358,0.00028427261935446015,0.010916728027690222,0.02460609721824614,-0.0031376917584415753,0.013124705880590469,0.011629183979161236,0.006030309971934486
2023-06-09,0.0021574981400213143,0.004692900262162072,0.001987648840662486,-0.0015611830691411614,-0.006621471220900701,-0.007421872829356923,-0.0026880999262516698,-0.0013726838119721356,0.0017927201755973496
2023-06-12,0.01551778910957232,0.015365296829470129,-7.09194709704047e-05,-0.0006876934408746176,0.025121321048519565,-0.009073538701901862,-0.0008793141916313544,0.0029391615162801866,0.009030974890538312
2023-06-13,-0.002615092746109284,0.007325820135138182,0.007208002375779398,0.005239532944663794,0.000710816283927242,0.00018791694126521632,-0.0073947690868009655,-0.009929787139323767,0.006571261842196479
2023-06-14,0.003485272819509956,0.009082444102796126,-0.003738849546086631,0.005088437910639806,-0.0018966340441314942,-0.012098446247807971,0.0005537405313430638,0.007971306293970718,0.0011901493668857574
2023-06-15,0.011136454158076165,0.03139847098752487,0.011244759710782716,0.013342138956188843,0.0054431562624249665,0.006917819580682761,0.007005958872772895,0.009560115734855266,0.012321418015093063
2023-06-16,-0.005877136588834789,-0.016714610702695375,0.0011873582676615146,0.0030491546980685614,-0.01282677918436086,-0.007203139854623571,-0.001540408512772686,-0.003891055492966676,-0.007119727147828584
2023-06-20,0.00048657855148655894,-0.012581370578011064,-0.005108657319365436,-0.0006090876056252782,0.0023082749931405784,-0.023190839646088417,-0.01040465416019603,0.00689624412468499,-0.005201690867264468
2023-06-21,-0.005691534999787985,-0.01337105431790228,-0.0014744605093600243,-0.0015243440651739155,-0.007581537452397691,0.011133277298069037,-0.0014475005311058904,0.0024169780219827387,-0.005136919061014928
2023-06-22,0.016390274182863554,0.018269553253653467,-0.01944012976857395,0.01056155492688366,0.04173481977761478,-0.005502741114127236,-0.009966487872655187,-0.012143734992488341,0.003603193983842244
2023-06-23,-0.0017126957729717623,-0.013902080936897546,-0.005243699836197097,-0.0008456660123433692,-0.006320354013421379,-0.00875066352018542,0.00275350683931388,0.00992033033541484,-0.007588685638426101
2023-06-26,-0.00758170051969353,-0.01934902593237275,0.0024456924865006394,-0.011242560152406574,-0.015585135841808906,0.018288767527714175,0.0017381070227518024,0.001063984237338543,-0.004094147857286013
2023-06-27,0.014946840287009402,0.01800491963524076,7.184166101012129e-05,-0.0020800203265858596,0.014424639018982477,0.0024899457415209327,-0.004604163102477252,-0.0026136213513174343,0.010903624582472378
2023-06-28,0.006307831468627219,0.0038185064744649735,-0.004391813819608068,-0.002022989195667916,-0.00108434678737333,0.008097210232619523,-0.0023100553980644886,0.004255737151375948,0.0005042633278210447
2023-06-29,0.001794953496388748,-0.002384857293693869,0.034327177225410635,0.006971226177494809,-0.008873725232156357,0.012258522200445616,-0.0010723256382113141,-0.018213310869041547,0.003933681458931787
2023-06-30,0.022839662116253382,0.016252818573318145,0.013916519123046945,0.008616035341242567,0.019051145384563806,0.005141399500418652,0.006641177043062548,0.011725754829989497,0.011731604160897278
2023-07-03,-0.007815168001945576,-0.007516283745964084,0.008012369521004613,-0.013196895390208485,-0.0010745261606448441,0.0019561274925489346,0.001121264904153845,-0.00838947462812866,0.00114985301315995
2023-07-05,-0.005888654031343417,0.000473274774414948,-0.013528103306306993,-0.00331126130365592,0.001227935687677213,-0.0051313262752668435,-0.0035362502119827763,-0.009547786493172034,-0.0014882968516360822
2023-07-06,0.0025056128366851334,0.009184368819443331,-0.009935812153254986,-0.007459730656428222,-0.015614447254737042,-0.03803537161186508,-0.002984656587044023,-0.014243978064164588,-0.007861479788647057
2023-07-07,-0.005908668396971762,-0.011938416490557715,0.00785954315351592,-0.014648851634722206,0.01100189295136613,0.0023291935996004516,0.007472994463005274,-0.006037450417984243,-0.002527870534580391
2023-07-10,-0.010915239273545508,-0.016112746767562188,0.0055960628265117225,0.0016313217320840971,-0.020630524230991387,0.014722421318119596,0.0007833921278040774,0.0013112110406523325,0.002527870534580404
2023-07-11,-0.002813986831265311,0.0019268408791557165,0.015517965290503822,-0.005532169763992931,0.012895337148006333,0.012152432855481086,0.0037406179339097047,0.005127442993546048,0.00634836394986942
2023-07-12,0.008945408334073328,0.014126595666272362,0.004939618258431531,-0.003473212420806036,0.015563916913060876,0.004895048840547739,0.013450511363193543,0.011069671749766863,0.008013729182131306
2023-07-13,0.004049333712745697,0.016062475777126363,0.004848167869391589,0.004607285122997401,0.026406664506093643,-0.018481310742516528,0.0007145016655062433,0.010457869581070022,0.007905532586094523
2023-07-14,0.0007869265679022027,0.007501125446630334,0.006027342115338453,0.006652465854245292,0.0028254907636818217,-0.03504349237265951,-0.0031917262402442596,-0.005906110287488147,-0.0006230252526748096
2023-07-17,0.017157538496479198,0.0014182962563899833,0.023817718332408866,-0.005016628066531506,-0.008350779217419963,0.004349552132086851,0.0007162732061931064,0.0004935103490578777,0.003466207976486329
2023-07-18,-0.0013411742441602579,0.03902823675468823,0.0018238671027756646,-6.286738127993698e-05,-0.005480699931041724,-0.004547709271346242,0.01139114179275627,0.004528904068658621,0.007403103322491585
2023-07-19,0.007046810530211034,-0.012343244162416406,0.003832293346008324,-0.0020138458662596072,0.018867780713501207,0.006912242392728927,0.00016334975942239704,0.011233329357376224,0.002221270115751745
2023-07-20,-0.010148710344557488,-0.0233930462177227,0.012242420943590392,0.05895568624678845,-0.040711185057013585,0.017461303031297754,-0.005076291569968975,-0.012216130419284144,-0.006656552163950952
2023-07-21,-0.006180714095026356,-0.008977240875929377,-0.0077145994953304355,0.010692130097067602,0.00030773965468286355,0.004630977885556636,-0.0030691682538107317,0.0002949417511426622,0.0
2023-07-24,0.004211189253957202,0.003890377685747539,0.019492548793209535,0.00521582335212242,-0.009273636785329102,0.015567861326618722,-0.004290671635627603,-0.0036437087927733446,0.004457299023287818
2023-07-25,0.004503462848486702,0.016866034993246487,-0.007496382224190912,0.007628068548179191,0.002558835188306981,0.0015151518050108856,0.0055523630177869,-0.0018762657950846208,0.002726354971368363
2023-07-26,0.0045346877665754255,-0.03836405130231184,0.005976240051549329,0.0019124342996646858,-0.007618196048479997,-0.005598534336564818,0.004867254146836145,0.0009879471263946232,0.000153685713019891
2023-07-27,-0.006602726969137493,-0.02109309454969054,-0.01109068669415806,0.0056003148593694345,0.000780031240798674,0.00313524554955577,-0.01583668861716675,-0.019644646293066687,-0.006652006907575774
2023-07-28,0.013417499839381564,0.022867875386476975,0.005688188410809629,0.004538020827452216,0.03041008347112654,-0.012024192966801813,0.007949694069274127,0.00512280764736811,0.009742657417475726
2023-07-31,0.0031610100757235426,-0.007266934943997284,0.0066694438474717965,-0.04064768218793261,0.011057316765132965,0.029141134907499408,0.0026907569569222783,0.0024016823312474206,0.0019022428143197323
2023-08-01,-0.004310626358275508,0.0012495167186658946,-0.004950190980419755,0.008085175724388823,-0.014998208565009628,-0.005798201973143441,-0.010418770688334572,-0.019275030367985002,-0.0028656762148763105
2023-08-02,-0.015585667834055237,-0.02663449801929723,-0.011389207504481755,0.006021269667837478,-0.026781131157519397,-0.012552663525946941,-0.004776990698255528,-0.010756647279703747,-0.014008457532295803
2023-08-03,-0.007348567271211076,-0.002568180450313361,0.0060946459703030845,0.004287189065427807,0.005444941890404069,0.017231253514249176,-0.00033413153955679886,-0.023341687001030426,-0.0028699531362286835
2023-08-04,-0.04921134402861131,0.0034227770106877997,-0.0021128797436830615,-0.009420700855293803,0.07945178106553956,0.0027966830943962294,0.003613825410180467,0.01755714447950052,-0.004533028473386248
2023-08-07,-0.01740427480728878,0.007083280614965206,0.0047317691712636094,0.023734088874362277,0.018808886934818966,-0.002050135840611612,-0.0022779685934696445,-0.009890247710511627,0.008690668835189467
2023-08-08,0.005297656332493192,-0.012375188411435041,-0.0056294928609222274,0.00046205383749163233,-0.01616139513762117,0.004931848269399659,-0.006361273613350827,0.011546391345444025,-0.00435817735598018
2023-08-09,-0.008994725298196648,-0.011785167561145957,-0.013498445018676315,-0.0006353790827474812,-0.015047621847945005,0.016844247488776193,-0.0047695290034220714,0.005157841019923001,-0.006707683059238894
2023-08-10,-0.001235399977429129,0.0021700051915404103,-0.001496665319235141,-0.005213776148526851,0.0051373073443194105,0.005098335879529238,-0.0010692479704105609,-0.016599613439707922,0.0003588811917485563
2023-08-11,-0.0010119182334140055,-0.005963306176848582,0.005779049231993587,0.009710497665489448,-0.0010831499055144569,0.015409180765690348,0.0,-0.0023041484848501884,-0.0005832473582721206
2023-08-14,0.009349263341431456,0.009394689669533383,0.002069724560077719,-0.0023611402025889927,0.015485290435063885,0.0008044693171287967,-0.0030451723751665867,-0.0022043781560641754,0.005504847413584413
2023-08-15,-0.01126346277740628,-0.006750296571941706,-0.02578676914450724,-0.0028870047189972587,-0.020846068268822782,-0.03417271806257181,-0.002657996757870123,-0.00611364821902723,-0.011717305776204584
2023-08-16,-0.0049714807777985716,-0.004546453196144803,-0.004252215562671586,-0.003185361625396962,-0.01906635450217899,-0.016970104218461478,-0.005792837643915795,-0.007854832870509641,-0.007365222013406617
2023-08-17,-0.014662099100177805,-0.011047061880542842,-0.01044116305668581,0.009353416920599817,-0.00810262749255129,0.019186580929353412,-0.0015390318539283353,-0.004271685265303206,-0.007649050342971099
2023-08-18,0.002812134195609571,-0.0012631048793138922,0.002284947230698048,-0.008773505050949452,-0.005688638095088029,0.015015847050827863,0.00017112055484813594,0.003525456351616775,0.00048121542192835354
2023-08-21,0.007707057245172687,0.01691875684358473,0.003417661225781536,-0.030251836119202003,0.010899697307840328,-0.012160149840464853,0.0027339539726612314,-0.013420138068295341,0.006485225506382827
2023-08-22,0.00787383341173706,0.0018002922576615002,-0.0209566244442021,-0.007979164630445958,-0.0031978609038997253,-0.005627061570746431,0.0016481490474621072,0.007644720945364033,-0.002712283284180018
2023-08-23,0.02171147094776997,0.013981073361659753,0.006740451052090528,-0.009015338628330843,0.00941549751477037,-0.008827002725576487,0.010113366235017948,0.02447544965321361,0.011076170340667732
2023-08-24,-0.02651903655478346,-0.021732929498287014,-0.0009504413478544772,0.0033978553412183175,-0.027530164742582797,-0.007494180273339935,-0.00022488334271413213,-0.006615933819415092,-0.013956040679928571
2023-08-25,0.012563899456357483,0.009363160401954545,-0.0012233248773130207,0.007001899796186359,0.01071304097322951,0.017707825236353003,-0.0012940615641061247,0.0032609296239719133,0.007025095607040572
2023-08-28,0.008807191822330614,0.0022267591312775583,0.003462207728470791,-0.011859520617718116,-0.0009009009618335852,0.008371328957538355,0.0028671839740354852,0.0010496484641686532,0.006321319747784042
2023-08-29,0.021575869210317872,0.014445666852377205,0.008099396328394314,0.00012172854549429041,0.013206683278168147,0.005936903769484278,0.009720746935485896,0.01033250334223164,0.014351309186914706
2023-08-30,0.018990806631989123,0.0011564213096414567,-0.004041498158999961,-0.0035361578123387556,0.0011852731219471207,0.009696935831971211,0.00249868255158667,-0.0010388531995997453,0.004110340501526294
2023-08-31,0.0011717086981777867,-0.0031376158556015343,-0.012428425793534039,-0.012599656556035304,0.02153298372727593,0.002791914273564852,-0.0016650944625269059,0.004459431813331745,-0.0014644539761124395
2023-09-01,0.008427686168180834,0.0027421485145284557,0.0033430015783000467,-0.007449748881740238,0.0007967262218431489,0.02073858313662937,0.0004998195200269474,-0.018696037805481635,0.0018634785879243847
2023-09-05,0.0012659564935798922,0.014768997402380548,-0.011095244291939593,0.0012454852774561756,-0.006173083258223313,8.808632465518403e-05,-0.008195167817063786,-0.014121379217210272,-0.0043312707228408305
2023-09-06,-0.03644964835313406,-0.0020107144808386777,-0.0016542600960263538,-0.016756487327673885,-0.014011893405655045,0.0085950362488058,-0.004544569776333081,0.002456347686707166,-0.006745162151571515
2023-09-07,-0.029685648621999895,-0.008962174683733006,-0.008590880049351234,0.012702975494491214,0.01822824161189256,-0.0049023997335548375,0.0010678657752161262,0.0027694947399392765,-0.0030749572524875293
2023-09-08,0.0034856953266633552,0.013129159653535925,0.0007650843704799206,0.0033064068301837273,0.002752827006460032,0.014462701995536932,0.00033698399644917557,0.003822066442782231,0.001504992590636672
2023-09-11,0.0066006840313520936,0.010919315288014902,0.0043706060069029495,0.012994428250546477,0.03462472208613938,-0.012621484518649365,0.0018513848593772974,-0.007231766070144804,0.006555053282598962
2023-09-12,-0.017207869920025237,-0.018426407177125473,0.012930028833183175,0.00564003456819901,-0.013153919481432784,0.028752250410900272,-0.0051700030863567215,0.005747142255568071,-0.0055006623199777786
2023-09-13,-0.011925621351756389,0.012847757694417709,0.0004782237495067751,0.0025032830485261994,0.02530895713438698,-0.008977104702058728,-0.0023126614363148867,-0.00021226915808857848,0.0011652662382967429
2023-09-14,0.008744162015628939,0.007825044373930116,0.019211847067320625,-0.0015256464070521807,-0.0008978831283196353,0.017705603827941938,0.0005081157484055637,-0.007244092614116654,0.008585466452598693
2023-09-15,-0.004162514919631139,-0.02535566082003946,-0.002952427830752614,-0.014084306744018053,-0.030376577103179956,-0.015475183412854119,0.006582117094387449,-0.006112947342858548,-0.015642627040338787
2023-09-18,0.01677188161382818,-0.003518994045182519,0.002081026495322098,0.006297872137374916,-0.0029247087224662026,0.008022574393283962,0.00587036600426578,0.0056851855996232934,0.0005862457890562757
2023-09-19,0.006161794086773882,-0.001246750248918913,-0.0012749540395047615,-0.001663227660346456,-0.016930630269952396,-0.002638636250261823,-0.0009481052549256774,-0.007407838911069414,-0.0020759535401795267
2023-09-20,-0.02019472962315274,-0.024268999299615433,-0.0042391477538898,0.004367759396765456,-0.017148302376172316,-0.00795794213819493,0.0007251025222180266,0.0031201273362436777,-0.009235897047674732
2023-09-21,-0.00892914180545344,-0.003873189286785821,-0.00785273463976821,-0.007702536772379631,-0.04505334518811581,-0.014189544184173357,-0.007274794254504713,-0.026009410007307558,-0.016666477752474377
2023-09-22,0.0049323339269332096,-0.00791784700213488,-0.009628919958513053,-0.007201421735627762,-0.0016250729055143228,0.0015672619664314656,0.0031962345319531725,0.008016295055244262,-0.0022510771738795798
2023-09-25,0.007353183871211162,0.0016704755283163905,0.004928478728137282,-0.0014964462201460717,0.016514066293677417,0.01116073357602124,-0.005163909095134503,-0.02491685297700462,0.00419637780353996
2023-09-26,-0.023676545590125463,-0.017151989534958,-0.010433206039317394,-0.007767515876586992,-0.04113310662153318,0.0015474556045329529,-0.00802309518681928,-0.0034821714489467717,-0.014800237526573553
2023-09-27,-0.008937236390935535,0.0020802337362564502,0.005847768719641787,-0.012083783513831329,0.0,0.032038579840957655,-0.012443793199642889,-0.005189542332670885,0.00039909382755964483
2023-09-28,0.0015243905390963399,0.0027137925120572226,0.012339523239617584,-0.0014650150714153162,0.0,-0.006091728271974827,-0.00500965548329381,0.0030492993303977123,0.00578070112039234
2023-09-29,0.0030418274404849423,0.006704929867879394,-0.017566495250237856,-0.007229024220528256,0.009008358034677604,-0.01594634085502354,-0.010328512381920224,0.00011275864025016916,-0.0024299077376612977
2023-10-02,0.01472661122817496,0.018979473327682392,-0.008656863508945484,-0.0038597667731732886,0.01824043088890372,-0.01672351483323846,-0.010554187678690145,-0.02004394629738796,-0.00039775851903122946
2023-10-03,-0.007800126215308751,-0.026481813250095444,-0.007400201322201292,0.0012238720971120007,-0.03730072836784316,0.001728160803384367,-0.002892478625951411,-0.021746307265485595,-0.013476467356901502
2023-10-04,0.007282006402906303,0.01760160569521608,0.004474593217078924,0.0011580777206276467,0.018115861709070123,-0.03809900804408123,-0.00011823825021168353,0.014009101394209552,0.007255570972884423
2023-10-05,0.0071721912864727315,0.0012689661196958384,-0.0031441073935570404,0.010362787035546437,-0.008222690225767415,-0.022768455998953212,-0.0018344828649738052,-0.004997395489568591,-0.0003768430022458004
2023-10-06,0.014642713381283392,0.024435968877650305,0.01527807495432039,0.003176824579127496,0.01575331884849327,-0.016839776176314544,0.0051398807510781635,-0.012190984414216817,0.011802862884746777
2023-10-09,0.008415669058153363,0.0077920890998744805,-0.002276883724189849,0.005692975082206816,0.0023417386393995415,0.03439286202267164,0.018218418173072674,0.023198569054293038,0.0063817906856858475
2023-10-10,-0.0033577735952325274,-0.004345124655896701,0.006060207239491479,-0.0011360051710797992,0.009466975337326752,-0.004246290881451097,-0.0016794560194807035,-0.0013837640584414004,0.005191340985260642
2023-10-11,0.007872957274343912,0.012197303198236704,0.0034270081518113543,-0.013861734003400876,0.017986784711835034,-0.036511845838833885,0.007276539382869904,0.02067109518353122,0.004087918790183204
2023-10-12,0.005048414372552726,-0.0037975873723588897,-0.002329087229061033,0.0009599693547039022,0.0037855890150794735,-0.00018782870077760117,-0.003054317314648236,-0.02750259283391155,-0.006115102161206689
2023-10-13,-0.010346070705045956,-0.010411543609239989,0.014907869435921147,0.003320777047454065,-0.019381043085290647,0.03143459338627485,0.03164227743795077,0.017734228016889498,-0.004993306412589051
2023-10-16,-0.0007271303841361216,0.014870725448337537,-0.0010140274656288567,0.004325981681190497,0.02104217303536712,0.0007278682879805387,-0.0048768279621039055,-0.01622496900862497,0.010466471736675266
2023-10-17,-0.008823504009409537,-0.0017451486300624746,-0.002166701369010588,-0.009183152347555817,-0.00818124402652177,0.013011839856328254,0.00185263210883777,-0.011082061506021323,-4.5868403558294294e-05
2023-10-18,-0.007422340656169735,-0.005889743228994012,-0.011041551653544536,-0.02176110738796755,-0.025733315187028146,0.013907686056913936,0.014367103122745077,-0.008836581800498,-0.01341465229080621
2023-10-19,-0.002163393955073432,0.0036587434794169253,-0.004258248192683612,-0.002688085539299172,0.002105017734376021,0.000619551287684873,0.012199294055089419,-0.020685857465823757,-0.008825234716263508
2023-10-20,-0.014813384501607395,-0.014134188703983969,-0.01623682631492664,0.004454350349380375,-0.02547757791592873,-0.017314131763098428,0.002727175247601043,0.005662324628129204,-0.012364188561956037
2023-10-23,0.0006938822991483712,0.008079435404145997,-0.013735028390152407,-0.010578632768648101,0.01104369067941166,-0.01478283846972678,-0.00338280549563958,0.011941866300286338,-0.0017346882505940376
2023-10-24,0.002540123753502385,0.003667504300272119,0.001204947517939997,-0.0010574318611381956,0.01567921740991341,-0.009731990141213443,-0.00010931351125892657,0.013090581414729657,0.007511082712290534
2023-10-25,-0.013583537353133628,0.030216840052984643,-0.00546934630439741,0.0022457076809163086,-0.05738721851954491,0.001843488401150481,0.004199967992377026,-0.022512799132605486,-0.014456135150031866
2023-10-26,-0.024913268142836346,-0.038236080500700806,0.0025608208616736505,-0.017101258498106373,-0.01510652897822372,-0.00915867450112509,0.0015772445006903425,0.015222080102528606,-0.012046887048886217
2023-10-27,0.007937733778979876,0.0058385447899460706,-0.03668344029552287,-0.02308317018287358,0.06609497420195448,-0.01923587343335436,0.01156269636044308,-0.0042578420328373565,-0.004543088119588232
2023-10-30,0.012230219504221885,0.022485657753747654,0.012669057445068382,0.009773511826980304,0.038169348315714856,0.003121603064570979,-0.0056565807392741085,-0.004514144039999743,0.011884874907133232
2023-10-31,0.002814755860634412,0.0023688974981838635,0.011863565067941964,0.008870288718846122,0.002859294649306839,-0.0002833797780263696,-0.0054714511209810355,-0.0048934871177663776,0.006260589656635804
2023-11-01,0.018565248657311163,0.023269780409453062,-0.0008633094061369258,0.0023566654007197655,0.028955334729660023,-0.001985910151942679,-0.0031556065358876125,0.01802277855955897,0.010608286339472917
2023-11-02,0.020482026814284352,0.006480530752125687,0.017692000911359723,0.010370413750821008,0.007779877099936075,0.032319460238075956,0.0033185570264574857,0.022540747528304112,0.01898301712667409
2023-11-03,-0.005194523565589096,0.012779726646399021,0.011110444083812619,0.00729494580642279,0.0038312838277419024,-0.012264435161656687,0.003632326240293475,0.006755621960126621,0.009082042898631277
2023-11-06,0.014499523438351727,0.010517063653828608,0.007524070607793356,0.002375925088110903,0.008191466368501902,-0.017880186150062195,-0.00782315067199918,-0.009747224697554586,0.0022978479285109352
2023-11-07,0.014347289450206285,0.011156783229254433,-0.00048595925840948966,-0.005287520580683198,0.021031045987995243,-0.015803832350952386,-0.004153692368693404,0.014642219957403068,0.0028420179107287785
2023-11-08,0.005867692522772056,0.007378475711419069,0.004918099477748396,-0.0036514563392652417,-0.0044243198684398065,-0.012358948465867952,-0.01001769716187854,0.01689039140294639,0.0007321147001603099
2023-11-09,-0.0026279785176610655,-0.0069347830722107946,-0.00297567777787535,-0.01968025367339534,-0.010471299867295478,0.0002914177494031189,0.003975050781546265,-0.023269998366985362,-0.007829311365906304
2023-11-10,0.021638001552667766,0.024591852119227733,0.014722335258001592,-0.0011538332294466075,0.020834086902842053,0.007643595822936469,-0.01096963908533058,0.0055843782939006634,0.015484327901075597
2023-11-13,-0.008620743043906975,-0.008121182680580288,-0.004448862613099008,0.0025773210143003196,-0.006779686985378804,0.01045121934439805,0.005555261217391249,-0.002275572719351873,-0.0009536785463956244
2023-11-14,0.014184634991956381,0.009742936151143206,0.01808220023832992,0.00020319008502289352,0.022262440280529972,-0.005259898322084046,0.00887963256621128,0.022414634415668638,0.01921491867668443
2023-11-15,0.0030363587051535548,-0.0016217534705629327,0.008719620610142483,0.007690788767972144,-0.01799356504801264,-0.006059167371561062,-0.0026391042368310337,-0.014133718170937183,0.0021148481296500133
2023-11-16,0.009001437459760396,0.017430453096400955,0.011355080670707092,0.008698616240424607,-0.002587142652007931,-0.01164383425050428,0.011222847928222566,0.012349994175148071,0.0012223446088626049
2023-11-17,-0.00010542962582250905,-0.016943650836679435,0.009005220746174453,-0.002067425458788628,0.016319239982157407,0.02410684668472278,-0.00010888501752923478,0.004675506680534586,0.0012430358307394418
2023-11-20,0.00923551718467184,0.02031409762548813,0.0030707939585953854,0.0008008008435958546,0.006522284629866396,-0.004392253790913116,-0.0016346995793703675,0.006089815642665011,0.007668122209848631
2023-11-21,-0.0042398451328168225,-0.01164554606258142,-0.0020897284428419765,0.008039109169030872,-0.015378022593238741,-0.0003828483967130574,0.010739960035668045,-0.000441647351774126,-0.002181746923410964
2023-11-22,0.0035083162048033414,0.012731221869945538,0.0023506377131239115,-0.0019871504187532456,0.019339235258230576,-0.004317174643110823,-0.004271315731242951,0.0035277293778332186,0.0038533996090087063
2023-11-24,-0.007028984038332228,-0.0011121704355797279,0.0013686579514544694,0.011077523272965495,0.00020446413429564512,0.005369655245455453,0.00518807908177812,-0.011844938399101737,0.0006151683118686702
2023-11-27,-0.0009479672081294751,0.00312153049615162,-0.0022821383751476434,-0.008032171697264267,0.006723970047668364,-0.005850493837207923,0.006715220378239483,0.01656581229276879,-0.0018026340918649683
2023-11-28,0.0032089246084366536,0.010744740904355694,0.002282138375147703,0.002310918462645833,-0.0047496357439508335,-0.0005773116681076526,0.013243817754570796,0.0019695815536576677,0.000989652712699425
2023-11-29,-0.005424349082451199,-0.010111044054274123,0.005067249197721177,0.0031606005108037803,-0.004840643506955602,-0.015128294728235948,0.0014783529619621205,0.012492694111355696,-0.000703652424749553
2023-11-30,0.0030581063588208724,0.00015836148681733716,0.011340327717382297,0.01662521585723779,-0.0015731339381875487,0.003900921662176007,-0.004176695912914687,-0.011618568181570156,0.0039297094510993445
2023-12-01,0.006768304124268134,-0.011680204993732051,0.00485748110927516,0.023768049601377066,0.00641377744514319,0.002430371098588681,0.017124065875691007,0.01549746540573985,0.005898433267255992
2023-12-04,-0.009509620617715183,-0.014442528991322671,0.007305562460626798,0.0031519915145960813,-0.015006962692125331,-0.0054522576892670005,-0.021850449438455703,-0.004040844915419523,-0.0052632275159039685
2023-12-05,0.020844427148629722,0.009114751774311957,-0.0001265983037518521,-0.0020791993125060778,0.01398624197473987,-0.019619104159059014,-0.003786570215931386,0.021312063141666657,-0.00019708964357722928
2023-12-06,-0.005703338941974386,-0.01003623597101826,-0.010563926673626014,-0.012247511661564783,-0.016198020592740725,-0.013330189870767152,0.003680102289293708,0.013229928372552355,-0.004037926834789402
2023-12-07,0.01008829270384663,0.005812790953096038,0.00306611546497922,-0.007820051389244525,0.01619802059274079,-0.00698630898078497,0.0016489803997147088,-0.00575345485836393,0.00760143420750511
2023-12-08,0.007385027666188418,0.008803299022462895,0.010973437949875212,-0.006326275052877508,0.0036697288889624017,0.011415995072373048,-0.01343020266647134,-0.008216626865450934,0.0042899361328545904
2023-12-11,-0.01301157496572789,-0.007860220474963419,0.0036521670215068427,0.004135975910143322,-0.010432742677338593,0.0007029171349322038,-0.01110430390086077,-0.002117747508974665,0.003882068224571401
2023-12-12,0.007888875376379983,0.008260963190148579,0.00888561005497484,6.448908524454226e-05,0.010839660282139616,-0.01588539500278207,-0.0005448403752520138,0.002963592346886464,0.00455680042129323
2023-12-13,0.016553717956155536,-2.6711185310398745e-05,0.0033584209686827802,0.0046323186482795965,0.009179330112478144,0.00883389001086014,0.02231176840242097,0.023191261866855644,0.013695912778304148
2023-12-14,0.0007574419025498934,-0.022802554909027505,0.018028483987955445,0.0069084903438118295,-0.009586247717279091,0.026535222719883397,0.0058454837507646,0.02246367686642817,0.003204212776369498
2023-12-15,-0.0027294800609216695,0.013031976577452559,0.00753299230754501,-0.01096059429638257,0.01714961833244602,-0.006716738013535639,-0.00920880539546127,0.001110046029519028,-0.005694026049874386
2023-12-18,-0.00853967473000472,0.005165606471404911,0.006033928884468486,0.0018029624974182919,0.026971770500094902,0.007405612714792357,0.0045351551653911425,-0.007999637617813245,0.005609278491612816
2023-12-19,0.005345836624347039,0.0016355864272807094,0.013266598305193807,0.006540581187749918,-0.0018190091418514135,0.013096356063354596,0.006790837280385112,0.005373903933907595,0.0060624809417910335
2023-12-20,-0.010771730361860072,-0.0070979488191205455,-0.011343405212873124,-0.020599314246118283,-0.010918352391773183,-0.016841678793516723,-0.00546087299337828,0.00675235621749183,-0.013954207975986498
2023-12-21,-0.0007701984925423142,0.00784781494959831,0.005687786625432477,0.010191253698630935,0.01124341822046545,0.004532027461463304,0.007045826833202875,-0.006347948164260004,0.009437240589843948
2023-12-22,-0.005563010122776955,0.002780304416246806,-0.0005971932097461632,0.00399613809262623,-0.00273384274937409,0.0017678260349451766,0.004424552912121953,-0.004609820478161807,0.0020077145223528553
2023-12-26,-0.0028449521322311392,0.00021354973120517738,0.005896559566842635,0.00436457689007122,-6.518267446820173e-05,0.002254350378895671,0.007591858239121221,0.0028899556200093174,0.004213637330922501
2023-12-27,0.000517866402044983,-0.0015760023563083502,0.005980064595736465,0.0013440432117054792,-0.00045639772593363725,-0.004710509200741443,0.004527602644690178,0.017564560559669713,0.001806419580446897
2023-12-28,0.002223774608652289,0.003229468343598034,0.005298805450688544,0.001469977575917968,0.00026082420596480104,-0.014565528747584825,-0.005832438551007118,-0.007289462603757229,0.00037767520381774963
2023-12-29,-0.005438877979698404,0.00202310669014777,-0.0011750882668266056,0.0010213201449503495,-0.009432796261637646,-0.0020982172857472686,-0.0015680538441868977,-0.00906076872351073,-0.0028991616945184652
2024-01-02,-0.036442671368269126,-0.013843923821519683,0.011572985557658564,0.020397916028785667,-0.013317187568263713,0.02352584530616363,-0.0023567006639419108,-0.005781242330547678,-0.005612065870819058
2024-01-03,-0.0075157833035290516,-0.0007282830375710583,-0.00436796361459336,0.006231714564633729,-0.009785600874907497,0.008366621428992973,-0.00837177457662192,0.00416180877824475,-0.008200249894121091
2024-01-04,-0.012781471795321235,-0.0072034324536222605,0.0004668261740842023,-0.002114428648463282,-0.026619098311553353,-0.008757475449993909,0.001004095737684271,-0.015311108539768284,-0.003226257245218288
2024-01-05,-0.004021047032982935,-0.0005165219160903672,0.00500466593931219,0.0031079090158028727,0.0046237272257840115,0.00302513038703578,0.00015844930975662165,-0.00961198036511682,0.0013686914027165624
2024-01-08,0.023887267642401212,0.018695657944882968,-0.0014522643349442826,0.002479391340188945,0.026229675224557696,-0.01680216388476591,-0.007846920068596214,0.00981767819572993,0.01417500286689283
2024-01-09,-0.0022659842444777943,0.0029314593000031577,-0.007937476014894765,0.0006188884960505542,0.01510994900378118,-0.012463394793492157,0.00031931878930188044,-0.0063963903216618465,-0.0015182189151048907
2024-01-10,0.005655362068895832,0.018403809875328525,0.0021072356193704354,0.0014837715241519324,0.015470646150034186,-0.00988110479544909,-0.0022907076580439777,-0.004668300401870213,0.00563950823387367
2024-01-11,-0.0032277181177477222,0.004847546630957421,-0.004218921059166627,-0.004457935684422303,0.00938791654129537,-0.00020267531484043205,0.0019713888687421404,0.005599351004481405,-0.00044075516764358595
2024-01-12,0.001776534073333066,0.009934113516139488,-0.0073670585147475875,0.007665241215549258,-0.0036152395734745067,0.012889112077333781,0.009746356085246488,-0.001966568972040827,0.0006925280698169097
2024-01-16,-0.012393610132458198,0.004622860532718894,-0.006290075331772181,-0.011582304078280137,-0.00948736728323494,-0.02287086128155791,-0.009533465563392846,-0.01776988328285871,-0.0036779814688094967
2024-01-17,-0.005186875214289937,-0.0020519667599570193,-0.005371864416070813,-0.000560835035731604,-0.009512322849092281,-0.007294427987644902,-0.011077036338907494,-0.0015831973331722825,-0.005574221059148539
2024-01-18,0.03205143604083493,0.01123406509250833,0.00197303582585817,0.004850152524922606,0.011729763267250537,-0.0018577773946750074,0.008199183148267435,-0.0093389196199527,0.008853532820525922
2024-01-19,0.015413651116775463,0.012113101397397462,0.017114680618834397,0.0029112102074585347,0.011915695964249537,0.0015483874061295432,0.0029842814580883794,0.0031935304978270664,0.012389096018869524
2024-01-22,0.012089912468505099,-0.005432745573701132,-0.001175019229252989,0.0048742962462933115,-0.0036115091491882765,-0.0013417971771126588,-0.003785157124910932,0.005934106636657501,0.0021120643955134947
2024-01-23,0.006631221770401399,0.006009497473535819,-0.006605745046759226,-0.01650775974464152,0.007979450317854082,0.01119510485443173,0.0038915740665882727,-0.007955491441114628,0.0029122925438548578
2024-01-24,-0.0034900466548141206,0.009133395160660125,0.008895755148839214,-0.0053330113534559645,0.005433232707981731,0.01711347522457263,-0.008281067758696078,-0.005874516226485773,0.0010925020411555063
2024-01-25,-0.0016980990521387232,0.005721873852633294,0.014209416808712771,0.0037674287936445405,0.005594064553173494,0.025084346999454995,0.003962097596276036,0.006513289802980393,0.005424187858880814
2024-01-26,-0.009053581073243873,-0.0023244323027543107,-0.003823653346374321,-0.00037610481230663996,0.008647133124394319,0.008482476639628325,-0.0006949084871382771,-0.0019175461292717062,-0.0012712213636788723
2024-01-29,-0.0035923506028184725,0.014232403946433967,0.002608621519283275,-0.0008781283886110875,0.013359334711159172,0.0012613400983419159,0.007033651846027236,0.011450506787995285,0.007888216813165512
2024-01-30,-0.019433426174370286,-0.0027617912973210194,0.020287228726669056,-0.003709179746867982,-0.014113767036644445,0.016540429019951272,0.0013796033176180077,0.00902514259073682,-0.0007738047140204976
2024-01-31,-0.01954739503343621,-0.027316036564637654,-0.010894783061670256,0.0008184594532501022,-0.024189594471113258,-0.019648132793301718,-0.0007426268111294039,0.009772403376765455,-0.016451894529429734
2024-02-01,0.013252362242316237,0.015474003475702406,-0.0036197574643838564,-0.003404151304740384,0.025949052006822602,-0.004093572967901838,0.010346922273343943,0.016213797981894214,0.01300322823353313
2024-02-02,-0.005419776621548585,0.01825817590837775,0.005739555445138831,-0.01111228375958734,0.07572555531793476,-0.004110399210591014,-0.009498250923408958,-0.022336371977185156,0.010472364530124796
2024-02-05,0.009798488161904201,-0.013637632249381516,-0.0013171837084650724,-0.00518550504169459,-0.008768909223131092,-0.0041273643497407005,-0.005529281990829607,-0.020400286862518248,-0.003647790041453811
2024-02-06,0.008594673310111774,-0.0003945065021453527,0.0034324976493241735,0.014401574340181238,-0.006834410624027053,0.0068695068965174,0.005211114632116429,0.00972626337530926,0.0028990522367016284
2024-02-07,0.0005809194533730344,0.020890527140780636,0.0018828636492873503,-0.0005062650405562696,0.00812533909810546,-0.00029344158277764507,-0.0002652168163007091,-0.004851306709358909,0.008305829540848039
2024-02-08,-0.005771334156683685,0.0001448995365750125,-0.0035976397196582407,-0.010051614625062245,-0.004054416929822275,0.016975042649745403,-0.0009022636814095288,-0.005831538553210307,0.0004415808666524262
2024-02-09,0.0028104056464991977,0.015431739392162159,0.0012006519266309016,0.0022991452202199003,0.026781350237782442,-0.021387030786038697,-0.0038837066345315894,-0.002022460639351033,0.005762782076023155
2024-02-12,-0.009042614808027809,-0.012658548326619347,0.0044469856637336085,0.0069292416725699815,-0.012168897821162254,0.013662747908444415,-0.0026153573659832077,0.0011713967581942993,-0.0004390428935598388
2024-02-13,-0.011338416427254269,-0.021763803588837453,-0.008741664008658927,-0.008780916690034772,-0.021703004458623384,-0.01789691306452083,-0.013884627317754424,-0.01728345314546306,-0.013868732731996753
2024-02-14,-0.004821375032109306,0.007771456477540805,0.010105998254740171,-0.004676348165125773,0.013780325245090166,-0.004946097728044668,-0.00059628677739147,0.005076427167780812,0.009046553411184943
2024-02-15,-0.0015760444554656545,-0.007180963398676457,0.021579932681998468,0.013900625536331321,-0.006925316720840549,0.0282562671240175,0.006701278860791314,0.0051579740402683694,0.00687603900450576
2024-02-16,-0.008466063620235055,-0.006168137786457456,-0.004680978176697792,-0.00871312791275656,-0.0017093517468521606,0.0,0.003655918050492511,-0.005804595465967112,-0.004992421903817029
2024-02-20,-0.0041223572271086705,-0.003148047465649366,0.0039023352007615548,0.008333116507841746,-0.014439182501420249,-0.009492516067392683,0.006045870586821034,0.0008620690189053243,-0.005520605828398443
2024-02-21,0.004177207349163798,-0.0015155847218256773,0.0064886676373062694,0.005181031365873042,0.00899699219873509,0.0202319039715849,5.334044540533379e-05,-0.007134394113874092,0.0009054599852001101
2024-02-22,0.011181223144870737,0.023273724146513606,0.011924200961673782,0.011092771909736392,0.03491335747949397,-0.0008587377084177582,0.0004266211668802674,0.004869875973573819,0.020484238850910597
2024-02-23,-0.010084852023097546,-0.003187389406375361,0.005012814943078729,0.008625825303624294,0.002345740126452326,-0.00882076668373129,0.005635614894353176,0.013297783082964396,0.0006894174695677843
2024-02-26,-0.007479137371188802,-0.006846996965269114,-0.0034299747796272422,-0.006509027103169854,-0.001486904082709054,0.00394060772313092,-0.0022291819644595424,-0.0029873061797353537,-0.0036692221391820532
2024-02-27,0.008081629515937215,-0.0001472356509248496,0.0004907172749160763,0.0011809679092676442,-0.006833804985603366,-0.0021125415961069584,-0.0010632643213300001,-0.0070770185999170935,0.0018560207515768623
2024-02-28,-0.006647463017152321,0.000588812578346435,0.005056694569157303,0.0035345586049196384,-0.002192097791563814,0.002783779095538937,0.0018068772519680071,0.006328795594564838,-0.0013225556858260906
2024-02-29,-0.003699924147923935,0.014415366016562164,0.009070356969964279,-0.00105285985014682,0.02057685768875929,0.0019153424740689874,0.005137042939901488,0.007032527651595758,0.0035885441826403403
2024-03-01,-0.006048685237813562,0.004486583978728509,-0.00414703704608942,0.004574969339747435,0.00822586192203458,0.012550079154288593,0.01873419521433021,0.003074478965634349,0.00934448925870076
2024-03-04,-0.025708936509254415,-0.0013968837318755157,0.007473755787291711,-0.014163486859864413,-0.003597530580392952,-0.014082059538172565,0.016045600101034938,-0.00403055276236869,-0.0010730138082634994
2024-03-05,-0.028853168906373343,-0.030018032322073486,0.00996730262275133,0.000812982753260892,-0.019676494920083998,0.01219062716040379,0.006002052606410772,0.014141223410488119,-0.010044420776265255
2024-03-06,-0.005895548263505318,-0.0013917540830389475,0.005184099633842667,-0.00394601370128431,-0.00350948207051649,0.0106399007612795,0.0081818638246506,0.00585102494628294,0.005054439285673223
2024-03-07,-0.0007098071988540113,0.01738145160210167,-0.0087970890590012,-0.0029540262202878533,0.018897031364077933,0.005603825255833285,0.005667726770789521,-0.0009380374860528662,0.009877491098168725
2024-03-08,0.01018464636006875,-0.007162510997276787,0.001861257151434175,0.004083048481596113,-0.008348289391471274,0.009362756691923997,0.00841701311094945,-0.0017742529311306683,-0.006020300103898986
2024-03-11,0.011762101364637087,-0.004193705729370112,0.00037183607769519046,0.010662610762120146,-0.019522084958106242,0.005887781498166658,0.001833362751220699,-0.0005224387559402173,-0.0008602151068079921
2024-03-12,0.002774728643070094,0.02625181248500399,0.00819828461917112,0.009321918292862802,0.019750174141965615,-0.0064415424721699435,-0.011000882489347224,-0.00839635495290639,0.01069986668711092
2024-03-13,-0.012196689701489103,-0.00043353645998041806,0.008079368223608602,-0.010128545085582571,0.0066203767923971105,0.011108675171690343,0.0069829202892874405,-0.00486002013127458,-0.0015686277726263758
2024-03-14,0.010868092908418524,0.02408722699122649,-0.017978604722612698,-0.011801204675015307,0.012355739011673686,0.01755701206587693,-0.004183898118991305,-0.015476054650374202,-0.001978815684699962
2024-03-15,-0.0021989477062673733,-0.020912315723171475,0.012319398673599807,-0.006490460416642176,-0.024521997775277506,-0.0017958162319230372,-0.003199522801431549,-0.0003227368109342716,-0.009992471754677103
2024-03-18,0.00635216087510961,0.00215894727272039,0.012325203027373602,-0.009017651759840538,0.00034393809453396704,0.009214181574788281,0.0016010410184396176,-0.0030172436683299276,0.005925566624999985
2024-03-19,0.013493629551585165,0.009752917911159625,0.00584812120868046,-0.003514717488513155,0.008105529850138925,0.0070101001388381354,-0.0011504890847084041,0.0028020279137061263,0.005541688545641708
2024-03-20,0.014602091726869399,0.009023967500901208,0.013021818372499772,-0.002884894778973282,0.012710240308332522,-0.0008846426620807515,0.011841523511458465,-0.00032291050277892216,0.009206870737265695
2024-03-21,-0.04171556727231797,0.00968881906437734,0.013809369907259735,-6.42033963817047e-05,0.0,0.00441540809189269,-0.0010392182056145815,0.002150769728969004,0.003299193539987298
2024-03-22,0.0052960985131520685,-0.0014683434832171145,-0.01233335487913927,-0.0033442696292106354,0.004033392953309443,0.0,-0.008053334438143456,0.0095152265462712,-0.001897624705687753
2024-03-25,-0.008335081624609079,-0.0138095195962668,-0.009196876595968727,-6.442261235911506e-05,0.004685155538776358,0.010169281990866058,0.0031893184955069484,-0.0050136112273142545,-0.0027666255230762425
2024-03-26,-0.00669488053812676,-0.002865568976072291,0.0046601031716228605,0.0035370949125217294,-0.007876915674836074,-0.0075293649349961606,0.0032287736367695536,0.0027765929841781878,-0.0018486785291629195
2024-03-27,0.020990800438109806,-0.0005218959173353191,0.019178323417293933,0.013961276079934125,0.008544435308010738,0.010316580396731613,0.007214539371908879,0.009869024760498899,0.008368731542376877
2024-03-28,-0.010615256731507589,-0.0016861608222264114,0.0039017607400463473,0.0014550057920393353,0.003053776560456537,0.01098579449637854,0.012817552320376496,-0.0008451299890305357,-0.00019116072852205465
2024-04-01,-0.008491749660381801,0.00910936275803653,-0.006812970947504756,-0.0025951845435445687,0.0032655349345476667,0.0064314417974826845,0.010156299517785114,-0.02211983118349558,-0.001741243993994561
2024-04-02,-0.007023371155096464,-0.007399473484209081,-0.00040221217234022775,-0.00031694716756091657,-0.00154841594837037,0.0193852093969728,0.014664350099172274,-0.005525773852341245,-0.006378503854489534
2024-04-03,0.004785970315941081,-0.002351852276009238,-0.0028200240261772565,-0.022245219993529557,0.009474044975083773,0.0001676586473873504,0.008734092299845874,-0.0002173204398426784,0.0010980015550518345
2024-04-04,-0.0049044326746653,-0.0061312563095996895,-0.013453686869328843,-0.011474894458386706,-0.01330004980861284,0.0035143538806277964,-0.005751206160197344,0.007146754836853137,-0.012281263923799508
2024-04-05,0.004491733320283071,0.018117640464754954,0.009158039076236793,-0.0007215717456969819,0.027777280999446596,0.013688048133772036,0.016969422340537697,-0.0140166362800652,0.010392725630285291
2024-04-08,-0.006685822023295179,-0.0021879530202048776,0.005202951650887161,-0.005263516329842409,0.0006481931842571633,-0.006779126491090116,0.006209185418618624,-0.0001094271489849019,0.0005592248133013563
2024-04-09,0.007216404202286154,0.003972409938898253,-0.006723479059909264,0.004607089891672634,0.0025885793454655816,0.0052124388896630115,0.005481990004267702,0.009258821112502164,0.0011560249447415537
2024-04-10,-0.01120177663669957,-0.007109759920447812,-0.008557945358705698,-0.013818858533565187,0.0015069159516991589,0.008382003220651826,-0.009508934278284626,-0.022034325267377673,-0.01006356225012168
2024-04-11,0.04236092181546785,0.010972983371631011,-0.000204655922945073,-0.009431823490428376,0.016533709965863008,-0.0033607966384758235,0.01924682182105995,-0.004554804297391491,0.007518541017551879
2024-04-12,0.008589603140779035,-0.014191311673645719,-0.06686430611347287,-0.008572156031322152,-0.015566176026700183,-0.01172791770737566,-0.013327729395005304,0.0053303846365294425,-0.013899237222050371
2024-04-15,-0.022106042777816807,-0.019772288813518706,0.0005469262879715479,0.000474399385400711,-0.013576949594687727,-0.005748818165476249,0.01854611900223312,-0.015627062065804328,-0.012607278183044454
2024-04-16,-0.01935336810312574,0.0022699292545909308,-0.011493431258408127,-0.021504732281440415,-0.0016351450746307115,-0.008306462157753304,0.0012212498973593075,-0.006659542643669291,-0.0018254335511998902
2024-04-17,-0.008180732090194025,-0.0066310351636034,-0.003990251359599337,0.0022128492537080192,-0.01119046236122706,-0.0005056463954019661,-0.007395510216208087,0.011037391023086476,-0.0059357994376956205
2024-04-18,-0.005730674708985095,-0.018551952839171586,0.006476097136307263,0.006677936076183891,-0.011428695823622744,-0.0009276829676474372,0.0034096366540187478,-0.005053067851391289,-0.0020598565384254944
2024-04-19,-0.012287830793693253,-0.012820848015808328,0.024793532644954,0.014779768441142508,-0.02594465150431966,0.011409519743098055,0.0031266309994319222,0.0035959135275399484,-0.008766694663457628
2024-04-22,0.005077994226943483,0.004599548154921408,0.019243151288912064,0.00814737025400249,0.014778874115294518,0.005656311869777542,-0.025012756126008538,-0.0016839745770096447,0.009166998900018871
2024-04-23,0.006371362540265182,0.01635102536197105,0.014310295312942112,0.002946299171631961,0.012949700261494035,0.0038908944322723496,-0.002461625450557532,0.00033702185343999967,0.011796788784550795
2024-04-24,0.012622220448546821,0.0036491474803457564,0.004880337810699771,-0.006910692067471593,-0.01656736290350943,0.000165234633555,-0.0018618512174160449,-0.007101421941982061,-0.0004747492819569324
2024-04-25,0.005134117677486852,-0.024800182058348587,0.0015008412702082906,-0.011579611358806113,-0.016673714666010097,0.0023104226797141534,0.005945762592380577,-0.007038285383509896,-0.003806130078024901
2024-04-26,-0.003478879654733546,0.018079364001317953,0.0006203794853369669,-0.004642280319563596,0.03368656148378084,-0.028168522116706153,0.0032366976978418813,0.005226690685158953,0.009429276683316947
2024-04-29,0.02450531024782426,-0.010067240620496958,-0.0010859168013872878,0.004642280319563532,0.007432504125006777,0.01414164981467182,-0.002033272419534145,0.008351250432648762,0.0035352381858079476
2024-04-30,-0.018439867514427888,-0.03264647283291663,-0.007999627097599596,-0.01530519564260026,-0.03349003844429629,-0.011517087498721844,-0.020138514951857683,-0.00857793070110215,-0.015968087596702794
2024-05-01,-0.006065442733396251,0.014306541589587678,0.0006256517409510899,0.04456902882399578,0.022599831917240992,-0.019121367903571367,0.00902134577611731,0.003846593723587719,-0.0032524247241546
2024-05-02,0.021792700729467398,0.007316059777319481,-0.001042970474185435,-0.008369361373918692,0.031455359205484874,0.0018082409025733245,-0.0030919166391693495,0.004281696682168873,0.009309979915025782
2024-05-03,0.058095512753197624,0.021927541075712598,-0.006018282288272586,-0.00434507184496359,0.008033904047431246,-0.0020668281556627667,-0.0007979535263457446,0.010068325347637469,0.012319110453764142
2024-05-06,-0.009148492960789133,0.016776789490428306,0.007790685400437968,-0.004633212921488143,0.013283383280833293,0.006444705442641963,0.010463473640827854,0.003888245747428887,0.010273863060949281
2024-05-07,0.00379006797926549,-0.010208138421320798,-0.0013029317804160172,0.0009418096895282508,0.00031791448368225726,-0.004980261023623227,-0.0046109860229045195,0.006079718058201086,0.0011028239211585457
2024-05-08,0.00186229993024347,0.0029272597377296736,0.020134908409056025,0.0015453357461027394,-0.0040344040282374646,-0.00017217630896526663,-0.0029453725213256002,-0.006079718058201069,9.668094329465807e-05
2024-05-09,0.009964417748725246,0.004326380615022106,0.00941123568475504,0.006024114603380876,0.00794706169253194,0.019524044016972327,0.015655442500960546,0.004866727889073413,0.005745369394033598
2024-05-10,-0.008269455752954628,0.005852070965639534,0.006409793061331135,0.0004003202615510645,-0.010716851467975767,-0.0040609192863150685,0.008079739130101427,-0.005643168502646539,0.0012872116358365088
2024-05-13,0.01749157854793115,-0.002462401360091368,-0.00020125786231462575,0.008700616105900567,-0.004865669270597801,-0.00042396235849347964,-0.011265263857069994,0.0025489014741936207,0.0001343892490622963
2024-05-14,0.0061545242567172895,0.006841092345040668,0.013891888406689765,0.001057501750897489,0.0026763745769055737,-0.002037525112744396,0.008426434111743668,0.005628843293019717,0.004577631268572258
2024-05-15,0.012143858638487333,0.015530777605208343,0.002973095693795332,0.008485497387829612,-0.005789969533777639,0.0077037418033839835,0.012757018419600285,0.013555082930003862,0.01230691265287922
2024-05-16,0.0006323111181272563,-0.0049522060286979926,0.0017796237827466738,0.010490404071176036,-0.012770045295947339,-0.00600551604074346,-0.003900939356685454,-0.0009776764669911482,-0.002059577286653515
2024-05-17,0.00015801532781546361,-0.0018544941120891172,0.01139333642479606,0.0023307015600483477,0.005810023674106101,0.01490491152326908,0.016363140907992516,-0.006761203510159689,0.0014364831320756027
2024-05-20,0.006143202748913628,0.01213426277591618,-0.046015560964091824,-0.02203351532596738,-0.006300259814327131,-0.008140702084699594,0.004015890453584895,-0.002958744145183546,0.0011514758093828892
2024-05-21,0.006833798994066926,0.008661305579688625,0.0199449790475972,-0.00019834055137585703,-0.0021271381660436005,-0.006933902294907645,-0.0014706212681877937,0.005144776275969377,0.002449549942589936
2024-05-22,-0.007566898466602133,0.0034436257214277106,-0.006083019033987866,0.014832588004519684,-0.00010920607196614332,-0.020315274587405664,-0.018544889391426653,0.001200283847522968,-0.0028835572520469624
2024-05-23,-0.0212830310918398,-0.008209767167472933,-0.007033908007738754,-0.025067275601669204,-0.01142304694120695,-0.017206416027486342,-0.020146150924986346,-0.006454811536652081,-0.007331036157671222
2024-05-24,0.016452103822174123,0.007373219272798081,0.0190635252814019,-0.01840480710698946,-0.0016583751727762275,-0.0007931961813661264,0.0009266982407228952,0.002959068409358328,0.006594679954583983
2024-05-28,5.2635734412367455e-05,0.00037188546356447584,-0.00604684384148363,-0.01777977160757817,0.007715662415698708,0.012616252850268505,0.01045827412480986,-0.014439490339474005,0.000698607533723294
2024-05-29,0.0015777851174667318,-0.0026760071350771532,-0.006991804343682822,0.0004154836982421589,-0.0007139523053631646,-0.010766439506232744,-0.009347368622670335,-0.012175520417755641,-0.0070271429702637575
2024-05-30,0.0052413768506466675,-0.034370087645995105,0.0061393107484390055,0.0057987184437261535,-0.014944651861970954,0.003163169318769364,0.0018949466072905226,0.009618685052292077,-0.006655820739561021
2024-05-31,0.005006007221191284,0.0011087010053507313,0.016419913142563473,0.00952225040568053,-0.01619104405049978,0.02828296628738193,-0.005881416448861953,0.006766901411116313,0.009066901482708827
2024-06-03,0.00921617789742773,-0.003885843301481734,-0.004005444840855087,0.007268806841928052,0.010710965469994352,-0.02425564513749332,0.008878260481572624,0.012634059838780276,0.0008150345893141825
2024-06-04,0.00164787101505114,0.006147634448569659,-0.013267689262400722,0.00040603641350964664,0.005591604817168073,-0.015674854222501214,-0.009017610645534559,0.01161352391851553,0.0011172233430903386
2024-06-05,0.007790516568419784,0.018903524523145216,-0.009585866248134583,-0.012458887371614814,0.010759351755794705,0.003986009972188081,0.011775979441184805,0.007311074389131457,0.01181508674056735
2024-06-06,-0.007121843858783997,0.001202079034123092,-0.0017758839687686443,0.003078083076009899,0.020313027798628695,0.0074860537193813,0.007364241400237909,-0.0015008579146658838,-1.870330019780303e-05
2024-06-07,0.01231586714587319,-0.001579499839207087,0.015320563735748565,0.004497452214574802,-0.003790960402547182,-0.010762277484856192,-0.036335575063633885,-0.01851603979159,-0.001216465476068699
2024-06-10,-0.019333439804519667,0.009439792071799598,-0.0017018724700359577,0.00033989327678434514,0.014864556330627226,0.0029225544426018666,0.009126468766012003,-0.006688988150796652,0.003085066064625991
2024-06-11,0.07013141117418949,0.011179013635874695,-0.02665335328508903,-0.0025179502227743377,0.0009083866076563295,-0.008079955168257512,0.0028525353112237024,0.010289057494751685,0.002405348862984784
2024-06-12,0.028177581693864077,0.01918249585196244,-0.014667655223132557,-0.00924126096168693,-0.001817599131850149,-0.01111620590656376,0.0026581497219368565,0.007485795737807499,0.00817951161974446
2024-06-13,0.005476131725587446,0.0011782834681454038,0.011059589868815303,0.00027504641581623944,-0.01650879098743072,-0.008055435694194426,-0.008183543063912809,0.014592533619584281,0.0020114233444897055
2024-06-14,-0.00820195350922139,0.00223943994513376,0.0006194507734730273,0.000618577977729799,-0.0009251953094042941,-0.008487388389366548,0.012876315063108093,0.008379789157977149,0.0006081660296365605
2024-06-17,0.019480530284974665,0.013020140382955866,0.006173494244267334,0.0028131343811834443,0.002175569225334804,-0.006897530450113019,-0.005205198349121928,-0.009978851382405415,0.007927519771683995
2024-06-18,-0.01104522088362487,-0.004537790978981311,0.010306739536863126,-0.002057613894680043,-0.006814429291716989,0.009369040701732168,0.0039992612827512855,0.009133453466684743,0.002537446938742902
2024-06-20,-0.021747678819839824,-0.0014349134787948383,0.008441428041983659,0.014518197955057993,0.017836801529211254,0.021346686112375935,0.012407049821191306,-0.006682602434367198,-0.0027202455865420186
2024-06-21,-0.01049941327679117,0.009112494377829196,-0.012001055497556654,0.006542363065237562,0.015886042276830638,-0.008809045728241557,-0.015614490107262628,0.0,-0.004562494744698358
2024-06-24,0.003127784471353396,-0.004702220486551524,0.01305752647998558,0.002484306511541833,-0.018738036568788197,0.0292712504276359,0.003949727492503932,0.004036118065403702,-0.003255923777701586
2024-06-25,0.004458193908823937,0.00730011476792948,-0.004081124193228308,-0.013027081732785774,0.004140792666031387,0.00280185806272841,-0.004974556389205966,0.001694556643581523,0.003843435498935823
2024-06-26,0.01979606225325129,0.0026796308844455833,-0.003236412433035214,-0.002516922521860065,0.03827286437879511,0.00034968091972701357,-0.009271031427932681,-0.014388737452099556,0.001247317512265877
2024-06-27,0.003978009223848612,0.0015248453247948873,0.008774640263040033,-0.006971527108077388,0.021663341430359296,0.004273697141857466,0.01127312731262078,0.00396422011621535,0.001575265006846784
2024-06-28,-0.016387633643185913,-0.013114213287096015,0.015395267074846718,0.0024660924951934683,-0.02352448036390198,0.0019128777244023967,9.30232558810317e-05,-0.018780908197125454,-0.003942825049378484
2024-07-01,0.02868905370820015,0.021645675135553714,0.015648696855394356,0.0019138761822841976,0.02023375470100362,-0.0013908208083429645,0.0026011441114048707,-0.020585238970005925,0.0020558764904829397
2024-07-02,0.01610945093541497,0.0055676391899659,0.016317828519266248,-0.0028037081996553324,0.014098924379501675,-0.006808091234656197,-4.638972004634951e-05,0.007755412237287838,0.006707202921154286
2024-07-03,0.005794231049432281,0.003238957236265132,-0.0006706265819457115,-0.0023310033864755897,-0.012123189802310612,0.005066840577051002,0.011209897112027878,0.013047715392475455,0.004452650318184895
2024-07-05,0.021389995892297006,0.014628679643923122,-0.01886483341851824,0.005407823700350747,0.012123189802310667,-0.012186185083656802,0.013396719085613008,0.008244785258976399,0.005749948036161822
2024-07-08,0.006517549933970494,-0.0028271597327295377,0.0018538399298934317,-0.006850280247467023,-0.003556316202777237,-0.010552081949316386,-0.012479666428377808,0.0021584295019098513,0.001153236397093276
2024-07-09,0.0037678029240046994,-0.01447453385728289,0.011918745743767407,0.010734044881215807,0.00025085919405079597,-0.011115209453102487,0.0016943335478661569,-0.004429805742082032,0.0009720097966270446
2024-07-10,0.01862896657586023,0.014495981808468086,0.0008184291432453195,0.01605539075329756,0.002254905372547251,0.008794815730137313,0.003653639431579032,0.0031353071794362267,0.00984665205497975
2024-07-11,-0.02349472960050368,-0.02508411012706041,-0.0016857318862502433,0.0018052356722809378,-0.024010878959191965,0.011813434005917717,0.017578003942604215,0.009668138473055074,-0.00865992171701677
2024-07-12,0.012966499801739235,-0.0025323437700117343,-0.01217309340730497,0.0012016824999040129,-0.0028751880976515573,0.00017658484947884933,-0.0006272963732898786,0.004267128301108766,0.006287695260978772
2024-07-15,0.01660467452999099,0.0009035713719849185,0.024628344243819263,-0.00427922557252947,-0.009142389548398144,0.016982200837339922,0.003221911768214195,-0.011563298007073423,0.002746274641366987
2024-07-16,0.001790205499208203,-0.009828741628995392,0.016853138046158237,0.011790311434740582,0.0015554521723741726,0.00717840920324123,0.019729915409988173,0.014008676930196192,0.005912711763135104
2024-07-17,-0.025621414460210976,-0.013437450242459003,0.015099360018766071,0.03622100169207041,-0.026724257410480495,0.013694154432590954,-0.004654030177814534,0.00021235931275393304,-0.014120398634509987
2024-07-18,-0.020748548148905522,-0.007127613924232124,-0.03228580759352034,-0.007435931698672171,-0.02249341497556341,0.009812293242750273,-0.0064016465503054345,-0.007673489640233713,-0.0077145299686901024
2024-07-19,0.000579723086984512,-0.00743040296974103,-0.0009529255533373404,-0.004708015532522557,-0.0033798549400887957,-0.023247949548013274,-0.01810064836849581,-0.005901621292283626,-0.006662757820810198
2024-07-22,-0.0015615591992412968,0.013249441024188627,0.0023806134177895566,-0.002913283386338037,-0.003172175051211241,-0.006916254767610078,0.00031564945136165924,-0.0029099551708396125,0.010257057777279522
2024-07-23,0.004677381180546939,0.004302825999077189,0.00023774993573862292,-0.012329325430517558,0.020924440779508273,-0.016267631785682097,0.0035105126290124935,-0.0014041153681304827,-0.0015697882205588987
2024-07-24,-0.02917578151864024,-0.0365133551679417,-0.008307123107949836,0.025468764755151807,-0.030391185484265785,0.014009510277251017,-0.0035105126290124154,-0.010867309731750624,-0.022923168831288386
2024-07-25,-0.004816191682329889,-0.02478587877212164,0.00038345396625706396,0.021272009993663177,-0.005434193255255465,0.02082333027249969,-0.015768395241241465,0.00816153395897662,-0.005223975423526694
2024-07-26,0.0021586872546282805,0.016286348577470033,0.01696365308419086,0.00624455632283122,0.01462700288091325,-0.0008519339414574026,0.01047941064525488,0.0077728988996415335,0.011137391754578117
2024-07-29,0.0012838149401997857,0.0034272334016145676,-0.006570729636915393,-0.01303276592168639,0.003828279217483705,-0.01053858873168666,-0.001406055339935554,0.005362518213118327,0.0005875872368837046
2024-07-30,0.0025626958927289704,-0.008968458865471768,0.02037437861388397,0.017318886096374747,-0.008166442579064327,0.017672376947078464,0.00993595022674791,0.0038432843292934902,-0.005079329261110337
2024-07-31,0.014879606770613507,-0.010864633122718079,-0.011168601338963307,-0.021806741674052076,0.02858964960220393,0.003547900325779624,0.01794868590605466,0.010177125897350035,0.016123920660358285
2024-08-01,-0.01689260040488277,-0.002968426760173963,-0.02300700395197428,0.018267354576999684,-0.015685539218538946,-0.013925672946515753,-0.003448889163265922,0.0052598480196667215,-0.014262186129383783
2024-08-02,0.006845903237160914,-0.020882541785172955,-0.04333765855557684,0.020807152620565133,-0.09194755596113545,-0.0005987255877441043,-0.0019064092138614658,0.030685810703443887,-0.01879394666788421
2024-08-05,-0.04936569589813954,-0.03320199454527645,-0.021521488446423025,-0.017763766525683643,-0.04183998321166037,-0.018217641749867085,-0.012773162810310502,0.005277057100843819,-0.029556175110448443
2024-08-06,-0.0097959967031821,0.011223631835318555,0.027529316670103027,-0.014240450503101418,0.005635562213544675,-0.005329152523995997,-0.008032896663018702,-0.022622388562617498,0.009177288733269463
2024-08-07,0.012420732753943361,-0.002957247406033707,0.00029944602709169486,-0.00044043163011005,0.0051740183180275364,0.013226785241873646,-0.0006798867117418544,-0.007064964451344811,-0.006706340408373959
2024-08-08,0.016496486400387027,0.010635211087385377,0.01809869903644934,0.00827279724430037,0.018444081297787844,0.01892422789358146,0.015566267164771223,-0.00617059950931848,0.022854107690647777
2024-08-09,0.013642395264465933,0.0082353843045346,0.008490755152790172,0.0024934559733455148,0.006852223721395857,0.008110207502166894,0.0024522383379071678,0.009813211644421987,0.004399992055931015
2024-08-12,0.005947870083418819,0.0019438265043088651,0.001893250401674279,-0.004617792917193442,-0.000838976497944178,0.0012612993053265204,0.016999327606915426,0.003629391654454901,0.0005252002446609306
2024-08-13,0.017046903231228767,0.017543882146470933,0.008451502748200529,-0.009363187768793881,0.020354973901832534,-0.00962601370176211,-0.0015335074313301477,0.006911162688438667,0.016311936946089543
2024-08-14,0.0020316492687641797,0.006860305890555828,0.01100015874642162,0.0005680563159666347,-0.0007639644246629496,0.00920575733919939,-0.008189188547192307,0.006250981055482081,0.003149782948380894
2024-08-15,0.013439858244384291,0.009953656037424785,0.006211641869830714,0.0038416774268529796,0.043091023264687764,-0.0018512290712658374,0.0031338994111584037,-0.008103023976059805,0.01699499338706148
2024-08-16,0.00590103094462589,-0.006098887278695847,0.011374441112783072,0.001883949313813211,-0.002988864483600721,-0.004727742026776733,0.022140804195875302,0.0034954286643077517,0.002239521245215976
2024-08-19,-0.0007080586214304646,0.007285746514104966,0.006893045782987396,0.0015046081454260147,0.0065300840016707055,0.0030418274404849423,-0.0016393446294331684,0.00460759531175215,0.00951601550356654
2024-08-20,0.0027409389396927126,0.007727520641370719,-0.0043258899471224944,0.0033146782905229275,0.0036964477821605666,-0.03389282411097732,0.003663244555941247,0.007936549595736342,-0.0016274560736346034
2024-08-21,-0.00048574772984859386,-0.0015548805168114723,0.00037285608187362086,0.007898296602527626,0.006852585382231844,-0.006391476470683136,-0.0013344527496311667,0.0006079027542829458,0.003430657690571998
2024-08-22,-0.008294017784918365,-0.020460645411882226,0.009414998934601883,0.005682886379416948,-0.022345416604761997,0.007699749301303076,-0.01204729425980647,-0.009975652757883204,-0.00787941471390894
2024-08-23,0.010235594601717834,0.0029795538298447027,0.0077252418959048805,0.010904298194989366,0.00515333699858996,0.01376347197415746,0.011487154641136374,0.006525974012198892,0.010569240428314612
2024-08-26,0.001497731657448228,-0.007949167454422871,0.003931613366522795,0.0029202429951496246,-0.008736652836873637,0.02118056468498678,0.0031843049412083406,-0.0025441422159168127,-0.0023866359777309663
2024-08-27,0.003734544442783304,0.0008460953208024044,0.004597709248629549,-0.01013563445542332,-0.013654047247803721,-0.009556502177013967,0.002702994244660659,-0.0017337213052063954,0.00137212121140038
2024-08-28,-0.006776405407990087,-0.007859921110426365,0.005028664865517494,0.005935098647073854,-0.013491714303647215,-0.009906144201948353,-0.007051669587165338,-0.0012256155144657534,-0.005822172787435674
2024-08-29,0.014465054528776243,0.006118603073444443,0.0041488221855330186,0.0018893804188253609,0.00769862661592943,0.013722780869194756,0.005164633816841171,-0.0032756708581614985,8.955357548638842e-05
2024-08-30,-0.0034438448126052905,0.009683789210211182,0.01158823732622858,0.009876174673588176,0.03639669324929494,-0.0016096923880704293,-0.0071515038553980415,-0.010720646951631269,0.009500708701126247
2024-09-03,-0.027582154477457006,-0.018631524457010256,-0.020220864211238518,0.007807378556656799,-0.012685159527315687,-0.02116526460859358,-0.004332950147482962,0.012973822833182675,-0.020793751280581006
2024-09-04,-0.008656111034247143,-0.0013197450408820716,-0.004412808834963187,0.0011957432968435322,-0.01670614973915904,-0.012286130235371649,0.0006077444187754474,0.012807656268948168,-0.002048902378560329
2024-09-05,0.00690389223256762,-0.0012480271781052238,-0.007781071847358578,-0.01426231487320507,0.025968089783959206,-0.007833512750542579,0.008297726852287052,0.005640059265569538,-0.0024351251402282216
2024-09-06,-0.007039740264112212,-0.016517058827254908,-0.024042637774108352,-0.003704045282999174,-0.03722372033269757,-0.004694220568117929,-0.007430160754406002,-0.00010043690060158414,-0.016973351692077254
2024-09-09,0.000407488743102535,0.0099577251425586,0.02026765861113204,0.01347493122062362,0.023127418533601885,0.020822188694757708,0.004197050922258936,0.004309703488366729,0.011134025598169043
2024-09-10,-0.0036279573600808664,0.02068568245368871,-0.05328343183897055,0.004610924663750423,0.023384640734009244,-0.037111817665286526,0.0043944752120527305,0.006976308939765486,0.004346244971666878
2024-09-11,0.011518522906548473,0.021117788261783055,0.008091325425367337,-0.015412707269490534,0.02730413801752792,-0.009975597369801005,-0.0015918432169448528,-0.0007948336235641453,0.010206667589763558
2024-09-12,0.0004939047762214708,0.009317276005357816,-0.0030447308638580084,-0.0010926972494980773,0.01335075816496674,0.01366846353453554,0.017414755698246832,-0.0046824494021606025,0.008387939723531017
2024-09-13,-0.001212747470487677,0.008372348022774062,-0.011097164401309015,0.005330761351548294,-0.0027309985112316283,-0.0007194891937323237,0.009894609261686225,0.0026925969895461167,0.005209181345082117
2024-09-16,-0.02816830875169572,0.0017402809724365456,0.017177383876046507,0.008841896947053524,-0.008616564701093562,0.013937507843781458,-8.379771237156335e-05,0.009120713568881226,0.0014757525903619298
2024-09-17,0.002170350185825443,0.00879415701168752,0.00666493320930894,0.0004789558853457592,0.01070564599760079,0.012958002282126,-0.005546232704516617,-0.004847415140507071,0.0004085584162131873
2024-09-18,0.01782985881964383,-0.010023641595028616,-0.008253801836015724,-0.005521891469083516,-0.002410866132492018,0.003497118444318453,-0.007740336837031154,-0.01247334437617087,-0.002970290408486168
2024-09-19,0.03639515491017921,0.01812585565140335,0.014114729198468259,-0.008037025465365824,0.01828379394795348,0.012316922125932904,0.015421220750811466,-0.0033190877842534158,0.016920518845091714
2024-09-20,-0.0029317193422724623,-0.007826485096194014,0.002893946085941847,-0.004012407352832808,0.009070238081436522,-0.006312988493443519,0.012630522307461735,-0.003835676449914162,-0.004792720040221275
2024-09-23,-0.007609951608332035,-0.004051664190420563,0.0016566874780546894,-0.005742577941307845,0.011829545440414976,0.017968931221805175,0.0019385846158618259,-0.0021260448403052487,0.0024957830727825358
2024-09-24,0.0039661606724042875,-0.010061753175372987,0.0007091695921638381,-0.0026993881422014143,0.00041254125997637956,-0.0026449398978065576,0.013872345226311669,-0.00020271640045093473,0.0028572199249817408
2024-09-25,-0.004407817777012997,0.006827074631207908,-0.006638556316308962,-0.013482794386234133,-0.007399966495907438,-0.01967106824434282,-0.001382676104788478,-0.008346953999287006,-0.0022079319254054044
2024-09-26,0.005067317899841547,-0.0018530963585069932,-0.001952521038430804,0.004906994535069775,-0.007141212031286758,-0.017313786628618457,0.005073989494055976,0.0023482577537498367,0.003956795610045245
2024-09-27,0.0011860052783758518,-0.007657165640615848,0.003426290588978272,6.19597881173874e-05,-0.0168283980814534,0.02642092273368511,-0.007967521823651787,0.0051874194542603285,-0.0014513409963401271
2024-09-30,0.022614301672448562,0.005312716382559086,0.0017087530263676025,0.004080881196730808,-0.008763080389182627,0.012015249250639487,-0.008031513423370305,-0.0047795891060301715,0.0039992019980517
2024-10-01,-0.029574682195956357,-0.022586419437884826,-0.018282394836267975,-0.00043203210053257657,-0.006461014238236166,0.02285572819534663,0.010436585613812287,0.003967653610293696,-0.008998817706609515
2024-10-02,0.002516613173949516,-0.008498296592468231,0.0012067676988842557,-0.005074896397420018,-0.0020005954386805615,0.013170619043887576,0.00020355405448172127,-0.008462961548096741,0.00042198544776417637
2024-10-03,-0.004906629359874915,-0.001415428403330617,-0.009987477570403561,-0.004165765964556083,-0.015270802860601217,0.008685019770068374,-0.0006922529035481703,-0.009465091238677082,-0.0018298910690843348
2024-10-04,0.004994816669778129,-0.0011530147806335601,0.02876894287731203,-0.0013092679322809048,0.024697974247552355,0.018188933605373943,-0.0019980026626731087,-0.01237729670855503,0.009046345002780202
2024-10-07,-0.02278856224773533,-0.01579490200982246,-0.001373919439148658,-0.004752682324883434,-0.03109340899127963,0.004316553464974221,-0.003393506537667222,-0.007563855790645998,-0.009081568052748002
2024-10-08,0.018236772344019592,0.012544902158405345,-0.0008537279972147978,0.0010024435398695666,0.010563478509569246,-0.026920505279464775,-0.007399219847332737,0.0016858080064549768,0.009413112792512116
2024-10-09,0.01656052430264099,0.0066092505389408794,0.012589458306453966,0.005993649709091816,0.013319395582079016,0.00040961783229521054,-0.005461103308095624,-0.005701028954572443,0.0069025145611961705
2024-10-10,-0.0021806454626626935,-0.0038881604245801747,-0.002721345460250215,-0.0008718396367412335,0.007960883310868423,0.008563441802299926,0.007316047264197916,-0.003925109797201782,-0.0017515417174031708
2024-10-11,-0.006526666327208577,0.001153624430960471,0.04344212597464969,0.005901188041743247,0.01155897494377768,0.0038095284166676487,0.010854312059099489,-0.004047294905940256,0.0059703736197406964
2024-10-14,0.016345574774742577,0.006750797667656345,-0.0036505437480519906,0.0008667121201254465,-0.006802024312891354,0.0037950709685515343,-0.0016308561530410748,0.0006934628075088028,0.008145074671632304
2024-10-15,0.010964314934501682,-0.0009547907346815768,0.004100305381971735,0.015351852009050168,0.0007995096766793339,-0.030522354639202463,0.003462395768398059,0.012137422090515455,-0.0078000567272769284
2024-10-16,-0.008891238265650197,-0.0062765220544207835,0.005605018821706479,0.0010962909923127669,-0.004271457185947328,0.0025725087835346792,0.004989159962682577,0.0042056628071337485,0.004337057603802122
2024-10-17,0.0015950685596858294,0.0014408532342417256,0.0034816800782755558,0.0011558936648198507,0.003418624129619526,-0.0025725087835347265,0.005970407827298252,-0.01596988093735551,8.586270558673028e-05
2024-10-18,0.012201799678228265,0.0034496009677303843,0.004224199793854055,0.003944299540020217,0.00775527099511555,-0.002829091585730854,0.010562210614998452,0.000745990336721617,0.003839105268871988
2024-10-21,0.006278123615677908,0.0014815879595039864,-0.010571724570455536,-0.013965770517068985,0.0004232132528913029,0.0005831146818564907,-0.00019900893615801886,-0.01762538910127292,-0.0016435264181308073
2024-10-22,-0.0026252290980128675,0.020631957551925872,0.00500985123696504,0.003800421394090634,0.0033265600811309285,0.005149940778279435,0.010729589226194049,0.0009753455121618859,-0.0005312995540377734
2024-10-23,-0.02186019927313537,-0.0068301306469403964,-0.0031729743064199123,0.014636925852838201,-0.02665684934974001,-0.0035689127809606057,-0.012123761811554322,-0.0027116454600348843,-0.009179353360714041
2024-10-24,-0.0008237054201667888,0.00030612365279741416,0.007002860974015946,-0.013291853505265296,0.009000572766280971,-0.005669989341809078,0.007663785598955681,0.006387722688747935,0.0021603319757513505
2024-10-25,0.003636525069058395,0.008019928550247753,-0.011938705150779579,-0.017193460053395834,0.0077496980678194395,-0.0008365401190535942,0.0020548493755270947,-0.005627720480731377,-0.00034533964496960936
2024-10-28,0.008562690814875203,-0.003650236872380932,0.0142473547288329,0.004465400622598455,0.00297698375195403,-0.00494988216492635,3.9474982734851804e-05,-0.002716949994977406,0.0030865552537514716
2024-10-29,0.0011561437475111353,0.012486476205073024,-0.011596918550909815,-0.009387988996991852,0.012868697181539787,-0.013718565558394794,0.01083595856498245,0.001522401337972014,0.001617065551064632
2024-10-30,-0.015395866558646653,0.0013418473233082768,0.006751495543661943,0.0032429089848028604,0.00990726635213746,-0.005043392320325461,0.005490774907844028,0.0029295306580408766,-0.0030298358491037914
2024-10-31,-0.018377307172189244,-0.062436830928987566,-0.011157779368963726,-0.004680633876932906,-0.03339534345946928,0.0007709770373756701,-0.015616450118838925,0.0016238163243274461,-0.01979779980485798
2024-11-01,-0.013368587316289905,0.009844334570248713,0.004585720394955913,0.001687553136512203,0.06001853058115288,-0.015794571646200996,-0.004110840209416198,-0.017568240595776097,0.004211714775563771
2024-11-04,-0.004045676650014111,-0.004665201480450853,-0.014275630942699433,-0.0118731174599833,-0.01092185299935951,0.031343548831993744,0.001424896342410133,0.01540256568327892,-0.002156287814492032
2024-11-05,0.0064652494766336294,0.007317819757072832,0.007750395720405856,0.0006949051102467378,0.018822656496633807,0.002946502110715118,0.0022519417690929065,0.005297596042678184,0.0120192286940089
2024-11-06,-0.0032722982334056835,0.020971380849396815,0.1092537803694838,-0.0029725221900024847,0.037339245053575845,0.017003243444841415,-0.030857988359905338,-0.02777045189473672,0.024561496389508077
2024-11-07,0.02114694529254415,0.0124172312458831,-0.044190542524573106,-0.007310671128669593,0.014192116231897119,0.001238901665793613,0.01594865741948495,0.012449893635009528,0.00770239344983837
2024-11-08,-0.0022885319380029265,-0.00681630526927575,0.0025350698044994207,-0.008071792704327329,-0.00894250752806874,-0.0003302237295756134,-0.006792494112899646,0.012621209862581004,0.004322338778288734
2024-11-11,-0.012101479715156712,-0.010778761188517328,0.009700456102630718,-0.002769638819193373,-0.006457542559301615,-0.005298464254197821,-0.02375137155412453,-0.004877265399003388,0.0009524208080329197
2024-11-12,0.0,0.01193774283367698,0.0011277019050372084,-0.015600940442479774,0.009957989682937261,-0.0009965950496804551,-0.008668836302644815,-0.015107019654461982,-0.0031112548724308913
2024-11-13,0.003961282580639748,0.005116547950544451,0.006656706224943077,0.003923112132471919,0.024539658384679072,0.009263154483098576,-0.010132392832651438,-0.009531270204549296,0.00048572554112622993
2024-11-14,0.013676482640454679,0.00396672233213823,0.002939778114550864,-0.008980428090269667,-0.012312764228387701,-0.007519764393939448,-0.0026125078064855047,0.005773944533252689,-0.006450876604582226
2024-11-15,-0.014209673802113448,-0.028247848569232886,0.01412232510623997,0.013927710671450435,-0.042847482429189496,-0.010422406430531097,-0.0017736491136152094,-0.00266075545002629,-0.012891366723243088
2024-11-18,0.013332942201153587,0.0018296504694880775,-0.0011420648139411412,0.004987541511039188,-0.0045015039778938636,0.008346597157724206,0.01884162253701126,0.0017746233583684796,0.004088940018545213
2024-11-19,0.0011396012629335743,0.004870743238754795,-0.007948906887310874,-0.011502222532232877,0.014324283218301996,-0.014062339372421285,0.008919413304905945,0.005084569371342301,0.0036488648401933068
2024-11-20,0.0031490578857323766,-0.005520367321750931,-0.009548091633863283,0.00071869592456839,-0.008491056929606819,0.014145454528517825,0.005616264993102691,-0.0032024763718158703,0.00033875339077332414
2024-11-21,-0.0020982696979778065,-0.00632577318241154,0.016394485087459373,0.015489114302284866,-0.022430287931013364,0.013292249370643888,0.008304884078625025,-0.0007745505228169374,0.005353973791504906
2024-11-22,0.005890197880063815,0.009953448364022656,0.015365893946341996,-0.002124441523896268,-0.006371702972692671,-0.001148859473154306,0.012809842836981155,0.0005533115838615092,0.0030945718366895045
2024-11-25,0.012966426208818584,0.004283379166561803,0.006976213041411128,0.003923465396409997,0.021728531292201227,-0.015056538572182561,-0.02990148022527545,0.025558403001815135,0.0033863104846350504
2024-11-26,0.009360442759563672,0.021730229857498513,-0.0012793349204223959,-0.008121217693721877,0.0313235645229195,-0.01681135667308561,0.0019364281023642612,-0.003889794207615903,0.00520791041713731
2024-11-27,-0.0005532032737520651,-0.011751292717967056,-0.0007203457971165026,0.005678900135466413,-0.010251540457391649,-0.002631245417441253,0.0022202130656220212,0.006904763649856921,-0.003034650676483076
2024-11-29,0.0101639802704588,0.0011105205228955624,-0.00028027467101044773,-0.0025128069663442497,0.010395857956138769,0.002546474510765457,0.008587604914131979,0.010268568140597876,0.006192897982499703
2024-12-02,0.009477551441854002,0.01760262668697498,-0.013993010141345089,-0.0013556698115760584,0.013473686869693382,-0.000932954564935411,-0.008792973242950206,-0.0010647360460730802,0.0017907779744643418
2024-12-03,0.01269094670795666,0.0005103342800221258,-0.00582403340483184,-0.015887819545223395,0.01287298219854281,-0.0015285329063025209,0.00201079329914016,-0.008666399932398025,0.00046375276184341897
2024-12-04,0.0014825189059665656,0.01432181233961893,-0.005817066093939537,-0.012482412839616638,0.021872975810074226,-0.02923251911326526,0.003029064943946001,0.010688430100399361,0.006190334813620189
2024-12-05,0.00012344409027086238,0.011817782189859459,0.008509296967469293,-0.006333565623479218,0.01089568801361581,0.004365675317644187,-0.007425218206128968,0.0020179498112181562,-0.001647012691966246
2024-12-06,-0.0008232485852293405,0.0021440105708975103,0.007629287878160908,-0.0014054816087349209,0.028957740788585033,-0.01059786577666164,0.0003705152262390151,0.0014843090087328788,0.0018938307965044219
2024-12-09,0.015972888051357558,0.005508169368808567,-0.014455531965834068,0.0019403840018042515,-0.004149017251309016,-0.0059169157479385314,0.009870858954084192,-0.009259818173040092,-0.005162940647360091
2024-12-10,0.004125218177144301,-0.0060493803415409345,-0.003904087807550155,-0.0024763255970003274,-0.004654985906623553,-0.0020392789795417947,0.013078433200092778,-0.004715978729722019,-0.0031139257281666602
2024-12-11,-0.005179471782210545,0.012686202056882959,0.002754992593491101,-0.01750813641192705,0.022930941063916892,-0.0066788618188488086,0.00948861087633373,-0.009499207871542795,0.007700862673177611
2024-12-12,0.00594601812519399,0.0012687108707523317,-0.008246449239164937,-0.002731495825609495,-0.005618114639912514,-0.0008938947587265393,-0.014772266058561858,-0.012221889367009372,-0.00516592307378968
2024-12-13,0.000685359538206058,-0.005106887541648961,-0.006604796893217131,0.00259509808960055,-0.0066165918493073725,-0.008802715603721456,-0.012165253676711313,-0.010263291546212494,-0.00019858672513011795
2024-12-16,0.011659486612797755,0.009612249432104846,-0.0015015017835970255,-0.019073115797883684,0.023763580486964548,-0.02161408294265154,0.0024122504900074425,0.0029905322171326796,0.004260947817455216
2024-12-17,0.009672635470593672,0.006335212403129382,-0.005105254424406808,0.017639815207833913,-0.007671128809028569,-0.004249821621743386,-0.0038460012220648187,0.002430134853291669,-0.004128552285611203
2024-12-18,-0.02165458570825826,-0.038284655330873545,-0.03409542386821635,-0.011402788752286211,-0.04707845671275159,-0.014830286262159514,-0.019371466672334144,-0.016463108202082855,-0.030256723999342438
2024-12-19,0.006990226117495902,-0.0008234029879000186,0.011180052997759232,-0.008115745304767576,0.012482981318446182,-0.008587794014222463,0.001420039498536246,-0.015257119145763826,-0.0003070676767162298
2024-12-20,0.018640977623199214,-0.0009843985090345262,0.019721822480168644,0.0061795023929529175,0.007273408384071898,0.003406191201287642,0.01037999770271859,0.005677962108806765,0.008579368826738666
2024-12-23,0.0030602660418225774,-0.0030968654675452034,0.0033194005142089516,0.005522206343502343,0.0006222498978500861,0.004053358992613698,-0.004719919332483982,-0.00921455811714218,0.005970469061106944
2024-12-24,0.011412669882966294,0.009330260463846865,0.016309910119615915,0.003984616428938089,0.017573287010900208,0.0009402915596419434,0.001990050408010009,0.004219656144183098,0.011053716675293576
2024-12-26,0.0031708003828989626,-0.002780818713948305,0.003419511005333185,-0.0018529326236184614,-0.00877006278879104,0.000845507119748291,0.006728472681632375,-0.0005691843741805098,6.652032198299545e-05
2024-12-27,-0.0133306806880835,-0.017453012547246734,-0.008135330119668733,-0.003647253122698797,-0.014640900388995468,-9.390994043614707e-05,-0.006894159037739926,-0.008232381275114296,-0.01058228624041855
2024-12-30,-0.013352174576538492,-0.013327918947873099,-0.007700510486148104,-0.011859080001639896,-0.011010110097960732,-0.006784797983480024,-0.003194824616488341,0.008004616782613818,-0.011477184545126546
2024-12-31,-0.007082915290017537,-0.00786931146116691,0.0016282908634877985,0.00889018218103264,-0.008668279106034621,0.016969422340537697,0.0062142879574477155,-0.005367454215429427,-0.003644728551456477
2025-01-02,-0.026586226084739983,-0.006951746880078449,0.0012090639566725628,-0.004157433926084965,0.003776078734475515,-0.0024199565048779533,0.013496256544011048,0.0027444271084914656,-0.002460025840862423
2025-01-03,-0.0020114536450788353,0.011331229526454522,0.01357412002711795,0.0011796954978346489,0.017866859924863424,0.005112247970044853,-0.007895154630867757,-0.003202564786874521,0.012425898668003484
2025-01-06,0.006716382033744203,0.01057340677577758,-0.010038710292879479,-0.0036824776719000174,0.015139731407784835,-0.0011131726566933277,-0.0012328430919601103,-0.0044778764759120515,0.005744092740666969
2025-01-07,-0.011453092086491822,-0.012890959721518212,0.00958645414373806,0.01773132797713222,-0.024460883367675646,0.009330752716405833,0.0056176467570051404,-0.011341401510791797,-0.011368461698192505
2025-01-08,0.0020209942743203797,0.005171631377093842,-0.00016450750602587194,-0.02745406396071197,9.004141911351375e-05,-0.016877255200228133,0.005301590656615876,0.0012794418727021754,0.0014599534050094873
2025-01-10,-0.024399083362794845,-0.013301757460344054,-0.013499169793003129,-0.0014771570934117725,-0.014465076393119836,-0.003653913279712201,0.009512893808326189,-0.006647642417377951,-0.015385181844416077
2025-01-13,-0.010397971666903203,-0.00420982753921808,0.01793140095818557,0.016822369971626068,-0.002194788261014159,0.025484398199729093,-0.010001095608095971,-0.0003511030523514867,0.0015492136537416299
2025-01-14,-0.004789608882564205,-0.0036500772941136213,0.013260851661625746,0.001936242911814702,-0.0032093925122412274,0.003926766380820206,0.005235720303066671,-0.0016401128325091426,0.0013750668214543903
2025-01-15,0.019484857132124,0.025275104928999953,0.019527650245521357,0.0015187080097014104,0.025346508894971788,0.016182606907868134,0.007461065846889524,0.017088471627655526,0.018026480285188926
2025-01-16,-0.041238975826963314,-0.004066336151107945,0.007579681782177362,0.019130186452736495,-0.012116992465967626,-0.0017053363195805612,0.006887189872586412,0.0032220971489588567,-0.0019249934179293732
2025-01-17,0.007507018495064835,0.010426401549097972,0.01904893701330782,-0.005020363325976778,0.0236464219666227,0.008943003619810968,-0.0053213961169682415,0.0017218623320911515,0.00998982425325709
2025-01-21,-0.03243623140288344,-0.001236108515119177,0.014822462531762495,0.007588626430008494,0.020892033278734474,-0.007596443875968777,0.015366544407133963,0.008906201824859461,0.009111945972825356
2025-01-22,0.005330717933897527,0.04047654396059758,-0.0007226120838521344,-0.01963119413478209,0.018466555852769646,-0.0175570120658769,0.005122558289584605,-0.005242774716843366,0.005605683184129089
2025-01-23,-0.0007597935514905356,0.001142332498144708,0.011762839158659446,0.00938652364665723,0.0017430865540477031,0.005644588912696972,-0.0014159294401010314,-0.007800888475186,0.0054432418826487715
2025-01-24,-0.003942304182998584,-0.005949926059146918,-0.004182451131681248,0.0012267431511856692,-0.002424140511330493,-0.013619332124975179,0.006199501924390868,0.004481478342066601,-0.0029234984524875406
2025-01-27,0.03128569052356898,-0.021625663507153406,0.003806369893702259,0.04051136188988698,0.002424140511330511,0.013800886228596522,-0.010459359271348284,0.011740033398785758,-0.014246435063574881
2025-01-28,0.035892086430602384,0.028671896910612688,0.004840625598611579,-0.016553284622641468,0.0115295742625348,-0.019523098427558654,0.008619216238937173,-0.0006801179133167325,0.008555651121952734
2025-01-29,0.004606180414897502,-0.010949712000212162,-0.002098479373087161,0.0051072972755863665,-0.004545271071728406,0.005814238150345374,-0.00384781973824355,-0.002043133514368942,-0.004492973827814843
2025-01-30,-0.0074221957254156,-0.06380178628584356,0.006170435239464469,0.011315165787475674,-0.010303031505945406,0.008247847342541517,0.015032005839382473,0.0037425617826600316,0.005352790673669038
2025-01-31,-0.006714694035086833,0.00016866453868067421,-0.0034731982704630966,-0.004721010669962654,0.012872806485156745,-0.025324828459505826,0.0019744107379944266,-0.006587190201405633,-0.005336174271617979
2025-02-03,-0.034442317383852845,-0.010024539745451297,-0.0018348285464392696,-0.00184198460080149,-0.0010945065289643418,0.0024308164549877317,0.0053230598207117995,0.004547529437629516,-0.00675233269360745
2025-02-04,0.020790228215525564,0.0035224562408462663,0.004226280250405738,0.010610526583138194,0.01935490468506991,0.026447060884261235,0.009800246878236118,0.003057933183039603,0.0066858654287108065
2025-02-05,-0.0014185314133143574,0.0022285211364244705,0.009250209911396523,0.007787695923256695,-0.024633744621397648,-0.0007278020699718667,0.006190324156031368,0.016375421997664095,0.004046440015445117
2025-02-06,0.003221029648218312,0.006102948589908493,0.023643145416679917,-0.007657402763463429,0.011200117079536328,-0.01328405774298248,-0.0026537281476958115,-0.0004450873557399547,0.0034695294770691197
2025-02-07,-0.0242607103328896,-0.014705256691303348,-0.003980464817714605,-0.0025437837804659184,-0.04137519081346349,0.0042333948738790105,0.0017825654692643273,-0.0064761280382973855,-0.009195733722667531
2025-02-10,8.785802149386105e-05,0.00600996979121241,-0.01740955389551183,0.007287903157591353,0.017262320536553234,0.018921696154502655,0.016796381868699157,-0.003029115459130788,0.0067683276247509526
2025-02-11,0.021596859130101596,-0.0018939859484906557,0.014468321905344965,0.012179162691193436,-0.001631251703217151,0.0062881989452285335,-0.003658358567241818,-0.006425091144496019,0.0007602300888389014
2025-02-12,0.01810524652359782,-0.005850250694916952,0.0016713905496908111,-0.005587862575894629,-0.016591599818817578,-0.0394535691329108,0.0010466116904993448,-0.013662970142516589,-0.0032266899846492007
2025-02-13,0.01948222154550864,0.00366041551728898,0.0031534904796429457,0.012735764603015733,0.006270432040910372,0.007239682632655627,0.009814570027282202,0.01648607630298362,0.010502202720036824
2025-02-14,0.012630534273072785,-0.00515282530167358,0.0009766508887938668,-0.007019811851462272,-0.007363065614791294,0.001016776905086811,-0.014983508047206742,0.0052859595610387205,-4.920331631344751e-05
2025-02-18,-0.0005316212528338489,0.0029581842198776473,0.012074750507739897,-0.007456485020128146,-0.008916669008912316,0.017401299971802855,0.016425256138945094,-0.011847811367015735,0.0029315688499782803
2025-02-19,0.0016348554750960618,0.0124454245210562,-0.0025035778455922033,0.01853798932483765,-8.824567601914891e-05,0.0014516424251213907,0.0005539654836524655,0.0012478023285416393,0.002352135156081447
2025-02-20,0.003912782656568721,0.0032735617150155796,-0.045608123907841365,0.011273224529356694,-0.016685221679343602,0.015294945035637861,0.0005167577259539476,0.0037340920333195377,-0.0041690228861182435
2025-02-21,-0.0011396476466492649,-0.019215963572431702,-0.009641532958934468,0.01627466195739175,-0.028673515831262143,-0.011765369897561977,-0.0009229690722217182,0.012012493592133008,-0.01725206381789887
2025-02-24,0.006292520509310753,-0.010366869909726645,-0.011035539521534302,0.008833329427756598,-0.018030258524674245,0.00522617877207647,0.00541487647778575,0.0028972607741541024,-0.004560839881861268
2025-02-25,-0.0002428461581531033,-0.01521416052826713,-0.01519094639897381,0.014250006162605246,0.0004230217919302169,-0.01393687716690131,-0.013276085754496791,0.017100091233316315,-0.004985532169610801
2025-02-26,-0.027412467370684025,0.004588601760031497,0.005385626841827643,-0.01828893215985479,0.007257435576496708,-0.0024636172869357213,0.0015251560661215015,0.00588942699138241,0.0005047191345218317
2025-02-27,-0.012812636024009335,-0.01817635177029448,0.0010041712569433695,0.003977851700348114,-0.026520734652080394,0.006283887532580132,-0.015357257398230021,-0.007093389266732001,-0.016090683633896055
2025-02-28,0.01895118702948463,0.011298124030447871,0.021387105043199097,0.007847949024796314,0.016816699567788553,0.010655690492263692,-0.006285518611262263,0.012191290648437478,0.015484990096299429
2025-03-03,-0.01587963432324655,-0.021643662002385777,-0.015344790587236581,0.013602376444180988,-0.03479862260443867,-0.032592231638507344,0.01309427965669035,0.0015135138024335582,-0.01767523412309218
2025-03-04,-0.008861565289334123,0.00030884056351513414,-0.04060298952142997,-0.011181360856617865,-0.005968414566631044,-0.002043660720576557,0.00866000186314831,-0.012391462902784544,-0.01190746688596688
2025-03-05,-0.0008056480601985587,0.03143503136036059,0.005101848524892913,-0.0018152119705623449,0.022128232088366378,-0.01972080062733502,0.002079157205521103,-0.008016295055244323,0.010690494254774401
2025-03-06,-0.001740718379554715,-0.01035213716623464,-0.02003801459684945,0.004290684932809618,-0.03745609707469844,0.020464433307076556,-0.005094178752110212,-0.0033130897229601266,-0.017910616610670373
2025-03-07,0.0157676116588977,-0.009061059210242155,-0.017430170010626914,0.005172632728989173,-0.007250938131967971,0.012924847574861176,0.0005217650684857146,-0.0032131211511849185,0.005589281764736165
2025-03-10,-0.04969407363916757,-0.03400588826385554,-0.042408883913886315,0.006040868874166542,-0.02392252022903023,0.02518020908486401,-0.008794473163073125,0.01037765992667092,-0.02699680012812802
2025-03-11,-0.029623865022754978,0.0007625458883061385,-0.01335202773338031,-0.011032609806105383,0.010482544278221042,-0.023896864880861016,0.011659324903896972,-0.007164538775486099,-0.008347563026847447
2025-03-12,-0.0176332740215393,0.007384939025453362,-0.005426234213841175,-0.01831452730081529,0.011631566355639908,-0.00027486371513928305,0.004337436594938308,-0.005991363756116948,0.005292488963655007
2025-03-13,-0.034222624379153584,-0.011810540938027794,-0.011962445945390362,0.0008593175092989108,-0.025460920132241296,-0.004224065050238149,0.017600278323906975,0.008753033558846312,-0.013420118728424427
2025-03-14,0.018007434149081746,0.025518437327532274,0.03168763690065648,-0.001104972488118326,0.020723485609225777,0.029289848243119396,0.0003997310953165971,-0.005309159689044762,0.02044532414242739
2025-03-17,0.0023860218576188547,0.0003602398206881487,0.006389798098770988,0.00018424689135504516,-0.011227225554466057,0.016485350737051294,0.005398857253713095,0.004978161727176785,0.007681725621321671
2025-03-18,-0.006140308495397844,-0.013416067172103214,0.004435921114838018,0.008621533729941691,-0.015030136761439182,-0.0010554090689436032,0.011604434233346615,0.0009926653878604345,-0.010867263493937702
2025-03-19,0.01191797809476539,0.011149543768397812,0.01746585067399662,-0.007700808133178397,0.014007850841290906,0.015455448446326325,0.00409931598702626,0.005167970158442819,0.010831998832651152
2025-03-20,-0.005310489025581843,-0.002530143605709478,-0.0004183050341261384,0.0001840434347699891,-0.003021846648918817,0.004236744913392557,-0.0012814581898126394,0.0006578226308917023,-0.002895942409903512
2025-03-21,0.019289632955349155,0.011361129784403443,0.010902238476978398,0.00373488877449278,0.006442398803403915,-0.0034572203838577915,-0.008082441538601666,-0.005936040295096309,-0.0026738220574662338
2025-03-24,0.011207406602134005,0.004640852861060173,0.026263021849820798,-0.0020800203265858596,0.03530043347761008,0.002594035177046528,-0.004462525849474466,-0.010306513352493902,0.017749969553981487
2025-03-25,0.013589122001844327,0.0052775926820471525,0.012300080952891082,-0.013999180242383582,0.011981462254762397,0.006798941806305184,0.004390707406467615,-0.00011140199421076112,0.002400961537538268
2025-03-26,-0.009971336660380734,-0.013220933088235803,-0.0003982794381148973,0.004337863900735456,-0.02251594479925321,0.014306639317825335,-0.0008262830309710109,-0.006594781627598131,-0.012010108961596242
2025-03-27,0.01041816419239041,0.001563000766598788,-0.011659953797043055,0.008680984175641145,0.001142885661930857,-0.003218159958989388,0.013316631694347013,-0.0029200380137405237,-0.002659224756887704
2025-03-28,-0.02693994273640031,-0.030624452542713034,-0.021468531313162988,0.0035491409180391648,-0.04385599252044459,-0.001358119213930658,0.007384801152662217,0.01373939512945461,-0.020343790839198347
2025-03-31,0.019226554118956955,-0.009042875766849933,0.010037982472689904,0.012926898261273927,-0.012846800528305018,0.010141217649048528,0.014260989680344878,0.009825105254695288,0.00669030790181233
2025-04-01,0.00476063056656272,0.01795238160692924,-0.006708140338182241,-0.07895289331120334,0.009988839166024745,0.0009244863456277524,-0.001980164271073517,0.005040554174246421,0.002820523844933686
2025-04-02,0.003131433175311838,-0.0001308335406730681,0.008825749860573258,0.013674429726694191,0.019785281392848002,-0.003113039407734086,0.0020495725653926337,-0.0006560245151085519,0.00630838438882758
2025-04-03,-0.09701335791648369,-0.023913751277569985,-0.07223218611854258,0.02830317740330193,-0.09408140595057173,-0.05401572591537947,-0.006056616377089449,0.004583159484799364,-0.05053653336302296
2025-04-04,-0.07568030250025096,-0.03621379412275393,-0.08392739871704478,-0.04204286211386835,-0.04242071588395214,-0.07467600816742162,-0.023670162214890423,0.010828476137580248,-0.060326548115506085
2025-04-07,-0.037425955653188146,-0.005517639747289659,0.019590003008089597,-0.017245211159242605,0.0246070291250447,-0.013508503369638259,-0.021719951102797296,-0.030620216176749725,-0.0017827788332160732
2025-04-08,-0.051101882959704026,-0.009264264344851563,0.011268116720978594,-0.004124814576949959,-0.02659731251926574,-0.02130560193229743,0.005428954326319658,-0.019058872856259665,-0.015786751533991002
2025-04-09,0.1426174108719208,0.09652477663835866,0.07747495655969405,0.0064458474833888725,0.11312357813778856,0.048709827131888,0.036323519443240616,0.005868428984678443,0.09986283357347388
2025-04-10,-0.04331861279615431,-0.02368477214697534,-0.031338570632507515,-0.015217539870512775,-0.05308508845231278,-0.05708057855050092,0.02413008911925052,-0.027955497246596735,-0.04480809185268924
2025-04-11,0.03979216077889878,0.0184468727861822,0.03924442215575994,0.020239023828017767,0.01994111257043962,0.03161734774911487,0.018906844961697342,0.005423820347327411,0.017685530675971325
2025-04-14,0.021814327465264516,-0.0016489324324636817,-0.006285589368590311,0.017184911132268346,-0.014987064897772767,0.0024209569757887893,-0.005722379961498755,0.007110121696625092,0.009654707541135678
2025-04-15,-0.0018781204551920384,-0.005377886115999518,-0.006797076505411083,-0.004805516098882165,-0.01398933543593629,-0.0028088545756875917,0.005218779205526265,0.0035361925858315964,-0.002804790411545598
2025-04-16,-0.0397115825958271,-0.037292725613748225,-0.015214020385328632,0.001885995421326669,-0.02972642027552106,0.010516764401178135,0.03202256268417698,0.0055640863471396644,-0.022478774320088647
2025-04-17,0.01385325669086682,-0.010359983921511193,0.010182725504308035,0.022866947940455407,-0.009915340356525996,0.025864735846625842,-0.004400339569861008,-0.008871759736364183,0.0014257608848264034
2025-04-21,-0.019583339736215177,-0.02382833883903039,-0.0128866085297511,-0.003498842590966347,-0.031126567824600306,-0.014792751020520285,0.03046672084992362,-0.01763429549083892,-0.02409060162774479
2025-04-22,0.03349765980964751,0.021214670049209856,0.028414671576404232,0.005275380079970737,0.0344233694456575,0.027617013756746956,-0.014297355399516964,0.0055658770774451765,0.025685044195475088
2025-04-23,0.024040332702537383,0.020426770322138518,0.02220587811858541,-0.015137771899047848,0.04195312496322977,-0.008624340560900761,-0.024270825048542676,0.009666358350790247,0.015376666278090485
2025-04-24,0.018258492064582833,0.033901551675681416,0.015488858007273657,-0.0029003275140742505,0.0323610523158323,0.011666798999615379,0.014451307534729065,0.010480843263504005,0.02083042852909907
2025-04-25,0.004357722686725041,0.011679526978167121,-0.0044654819282004,-0.0022616403294754904,0.013048410308228734,-0.0005524862018987519,-0.010900891234091869,0.007339275308336581,0.007199323924035108
2025-04-28,0.004100906991795252,-0.0017624300547992623,-0.001355876699698238,0.004968874160331376,-0.006849160014483116,0.0005524862018988328,0.014141649814671602,0.00628015970114468,0.0003813016959653287
2025-04-29,0.005078923935421559,0.007335743543404078,0.005739602506363683,0.0035982818494038104,-0.0016529370048887133,-0.002488595228765131,-0.009786627296002937,0.008349617113849876,0.0062795975330518445
2025-04-30,0.006089089168420812,0.0030913492248099282,0.0,0.0025622972189197762,-0.015976241476579285,-0.025516595381823572,-0.0075103250543289025,-0.008126053509073436,0.00039680392995782374
2025-05-01,0.003851397367929873,0.0734861265538484,0.009236907244056727,-0.01190605176626202,0.03086038500029479,0.0014190438027631542,-0.020991073944109467,-0.008756230171143612,0.007061960508589742
2025-05-02,-0.038077545329833914,0.022959599411533093,0.022507958588320436,0.010689779171296371,-0.0011573466492535804,0.004056800695614248,0.0017466079947414254,-0.010883227248068401,0.014735031938352542
2025-05-05,-0.0319639323274125,0.0020425734337741314,0.00019799235814194074,-0.007199825393167644,-0.01929217753676896,-0.02807134865013557,0.029430421535880165,-0.005600974806864296,-0.005750854144731125
2025-05-06,-0.0019124313830772783,-0.006578668433527895,-0.013192435407788477,-0.003425214193086958,-0.007216748253756305,0.013847706616058098,0.02763849683471676,0.003318650410918301,-0.008393452168488195
2025-05-07,-0.011450120029559962,9.230840243802775e-05,0.0005615273691587384,0.018154907338072533,0.019801567469493214,-0.0009554749437011421,-0.015106558138969686,0.004218212946784661,0.004196622079458141
2025-05-08,0.006298593485377273,0.011061247347841878,0.016227536621756754,-0.010480668532990125,0.01770050677199359,0.013860104161709269,-0.019890804956844907,-0.01121164930290242,0.0069436707361845195
2025-05-09,0.0052522720610924155,0.0012772267673115025,-0.0015398285541795302,-0.00929398712642754,0.005089069507471228,0.011622588421657217,0.007228513657119799,0.0014945108259691068,-0.0012750134541162756
2025-05-12,0.059922155002815725,0.023717595041516697,0.02716827594039796,-0.0005188740549674778,0.07760925731781906,0.017092853901101667,-0.028595571863329464,-0.009348559053511018,0.03251312680038858
2025-05-13,0.01010109598650392,-0.00026714158662880427,0.011318134049522349,-0.03768044415745031,0.012999873558457381,0.0027444898756343247,0.0042499854818069385,-0.004066699382553575,0.006582176726721667
2025-05-14,-0.0028218050046047607,0.008425023229193184,0.009949954403909021,-0.014111496041390652,-0.005312853443687964,-0.008993361523686514,-0.02126231765192332,-0.006658514174983641,0.0012772155036144656
2025-05-15,-0.004153104275204898,0.0004193936512298052,0.006940173787209958,0.0219625680751348,-0.024458395074943115,0.0009214042852194291,0.0158378945068118,0.008752025058233316,0.004872468363891485
2025-05-16,-0.0008989615234814366,0.0025126748948330183,0.0002616577904844278,0.011430974472793872,0.0020449904877276478,-0.0035982877778229887,-0.012160668708450437,0.002668679427999303,0.0063140688895582265
2025-05-19,-0.011808536414863721,0.010075210618417079,-0.010066947011216465,0.007636137427986014,0.002768672078267622,-0.01602568537296721,0.012798391723333755,-0.0029010754318338746,0.0010933098940278192
2025-05-20,-0.009238830030494746,-0.0015266512604802495,0.003015683829500236,0.007643349312568066,-0.010189494103115218,-0.014379209059872737,0.0184510146193683,-0.007231195494021032,-0.0033678570184555085
2025-05-21,-0.02332909321950063,-0.012297846975223624,-0.017618924783425943,-0.003128668958041297,-0.014561327399057002,-0.012367733505081597,0.007351526381292217,-0.01723773496805554,-0.016994395612415697
2025-05-22,-0.0036187919030965495,0.005047231987903018,-0.001418412765840937,-0.003728052978664064,0.009796723744401567,-0.006678629092900989,-0.008900917648740177,0.005226285800156669,0.0003945280723588758
2025-05-23,-0.030711134574654807,-0.010342176510575202,0.00015343895077852597,0.0021600401132955793,-0.010443313008678411,0.0005825242883171321,0.021669744577986667,0.0016571973489608023,-0.0068491061066177856
2025-05-27,0.024983599431202347,0.023077862821184108,0.01741488878575075,0.0020248872002417415,0.024718095877886762,0.004744622795613768,-0.017094433359300068,0.013859747346075382,0.020577350051717586
2025-05-28,0.0010483489465745394,-0.007254538651160704,-0.0068081506586177174,-0.00536510054257054,-0.006330059604013984,-0.0137141671851438,-0.0022685811376483415,-0.004325215697166676,-0.005802133541071826
2025-05-29,-0.002347829337355481,0.002881972214387715,0.0033342204950116763,0.007516129628647358,0.004775604807378092,0.005664077642757145,0.005907273257781336,0.00921235598044075,0.003939620303707172
2025-05-30,0.004491025512463802,0.003655992930186601,-0.0014005339458312647,0.010557434760695754,-0.00336003822242771,-0.003805068252622893,-0.006598733748609758,0.0015078585470170523,-0.0011191753186094886
2025-06-02,0.004223084154874757,0.0034911618081408594,0.0024968801985873674,0.001223399270453846,0.007967782521257615,0.007304634378887234,0.02623389022907502,-0.013065981495676974,0.005617136840275297
2025-06-03,0.007753699610704572,0.0021623032621133197,0.006064848228454964,-0.006326275052877508,-0.0045591309933585905,0.0072516633953202065,-0.0088949634137808,-0.0017629433960111365,0.00568642178297005
2025-06-04,-0.0022162583870203394,0.001942083386294382,-0.007728742123150249,-0.0078013657919948085,0.007361877585013495,-0.014556297774207487,0.006421344727938764,0.01610303174152528,-0.0002684518732252705
2025-06-05,-0.01085647049174078,0.008179960806096748,-0.008628443595979437,0.0028675723508140394,0.003276006205900945,-0.004604916774006777,-0.0050626488667461795,0.0006942837585067496,-0.004844498027883502
2025-06-06,0.016265344375750522,0.005756577310805083,0.01432710983396318,0.00887627713878206,0.026859354028594514,0.02367893261792764,-0.013506901734372287,-0.012805762888850027,0.010216581202681749
2025-06-09,-0.012186548430503737,0.005025828864825925,0.003793645506056776,0.001289241460081021,0.01584053561041297,0.0066909062462046425,0.004707429418718566,0.0010539259714351045,0.0009008859320361195
2025-06-10,0.006037828893865591,-0.003878479328570745,0.0069488828948888895,0.007828582076539206,0.0028992864138967307,0.021208203351685374,0.0002934798579751716,0.0051365977986955,0.005653678300715158
2025-06-11,-0.01938035499136232,0.0036034547332919114,-0.0016767586602032057,-0.007635339137356799,-0.020473777516511898,0.019305083906352424,0.005397684952656982,0.0030229066153843803,-0.00285610104150431
2025-06-12,0.002110659610638244,0.013137478884932047,0.00033557672903893846,0.008976720961558125,0.00018759966287100572,0.0038349206969637865,0.012343647388391289,0.011886355397520178,0.0039664480975689425
2025-06-13,-0.013901399146029038,-0.008198571865799984,-0.012340973219202139,0.00280469332248308,-0.005360430383923552,0.02154692329387982,0.013015506175636442,-0.009683072776053457,-0.011243091574180354
2025-06-16,0.009978050217287622,0.008762240318423093,0.020213275293382335,-0.012039079835582625,0.01868340194220344,0.003205701765767216,-0.014361703372433261,-0.010128732031552404,0.009469262540485506
2025-06-17,-0.014109760550600004,-0.0022984192821627544,-0.0031118051338560873,-0.018466064381129244,-0.005940795342939336,0.01342302033214055,0.0005130507391445788,0.012095983721954738,-0.008581884182840926
2025-06-18,0.004793237467327044,0.004591567944907383,0.016339511231406947,-0.01088724422242578,-0.01076436658715843,-0.0071306257501666664,-0.005400205987494332,0.0017326022237815313,-0.00015063139688876312
2025-06-20,0.022235434920592347,-0.005931265038858024,0.0037889873368668176,-0.006255843641810209,-0.01340585198408833,0.013252201490996249,-0.0004190912229492145,-0.0018482158431947073,-0.005303271584205799
2025-06-23,0.0024844733276619658,0.017853909995764,0.011820767713723802,0.010162486584200953,-0.005835103604308607,-0.02614528010432236,0.0030585494135067287,0.003232139486977778,0.009829035202201478
2025-06-24,-0.005973138714965093,0.008421231806033241,0.010687643061806494,0.005732940481879793,0.02041662409128085,-0.030900313801249798,-0.015844289529663064,0.007234342856091524,0.010986663170780219
2025-06-25,0.006270861140624811,0.00439749074864165,0.009905975010880436,0.0005911912675883967,-0.0036726663374653037,0.00027686770515093344,0.0030327263954628043,0.0012577898862500228,0.0005601779535233621
2025-06-26,-0.002782195753321553,0.010467702580200092,0.016375778383021216,-0.001774623358368601,0.023911092338397836,0.014838154634121295,-0.0011076723725795081,0.005015398635827458,0.007793376552052447
2025-06-27,0.0003979307652987323,-0.0030400973695640823,-0.005695844246258745,0.002627949741830163,0.028065962759553177,-0.005561394650398547,-0.018289983536260154,-0.006387611544114276,0.004956073986436596
2025-06-30,0.020136064953739752,0.0029596840450329376,0.009705112396267293,0.0022283401539463766,-0.017665190895142832,-0.0145503994437299,0.011913349382197081,0.009792836173953276,0.004769793916052953
2025-07-01,0.012833416646386379,-0.010834298365843018,0.001723187633457249,0.020540457147600492,0.004865304584200062,0.013269638130607359,0.008883431488477745,-0.0012472363995651799,-0.00032375556737677426
2025-07-02,0.021987275129697868,-0.0019529269587524277,0.005460084648812619,-0.0023115459117586997,-0.0024524286781791678,0.01643325373493213,0.005512335618220026,-0.006373798040588678,0.004523067237805917
2025-07-03,0.005211401733277193,0.015657992666304153,0.013605652055778678,0.002888598471611333,0.015744804533673617,0.010302442748159644,-0.006846341575050447,-0.006989429771578488,0.007850480601414028
2025-07-07,-0.017001590157273334,-0.002247733145115835,-0.013708397059893063,-0.004754570766079516,0.0002685284656307818,-0.009762291492678652,0.000748563931392595,-0.009589351975709318,-0.007479850606759582
2025-07-08,0.00028574150113462317,-0.0022125237820710877,-0.03198184710047285,0.0033434095312587725,-0.018562961042290306,0.027343026117639346,-0.010498354888820265,-0.0012778069927077077,-0.0005479363886263763
2025-07-09,0.0053662719302118,0.013778426809218635,0.001342898742294167,0.0031403236625325254,0.01439264491555007,-0.003421206021326139,0.00446136417714168,0.010407124457716166,0.005978802766439778
2025-07-10,0.005996948677244871,-0.004039846686753755,0.017607875931137974,0.008981810230625586,-0.001258992972053974,0.009880725688436913,0.0022232403063227177,0.0006899724284761807,0.0028162722233661245
2025-07-11,-0.005902229283378157,0.003662424475942728,-0.0046256929710596206,-0.00502242067850853,0.01234141938542548,0.004341038246153542,0.009555765500589196,-0.01389071993457544,-0.003521581306208044
2025-07-14,-0.01210172470759039,-0.0005962199830811877,0.006393794802822235,-0.0005100089362110831,0.002973089097313925,-0.013167837963155269,-0.0036619987451893855,-0.002100350830479631,0.0019063950087797872
2025-07-15,0.0023460140508832585,0.005550944034121594,-0.00747504567114281,-0.010577360707383325,0.00292009764172767,-0.008905406471234889,-0.004164368187554911,-0.00703320212512675,-0.004282455720792721
2025-07-16,0.005008716078575935,-0.00039547576249049837,-0.0025507989440978216,0.06008996079205135,-0.014059047245873686,-0.006040704164266316,0.00497570092714555,0.0014106032666981305,0.003337722537631157
2025-07-17,-0.0006663810994370712,0.011953116798728996,0.014173793873961067,-0.010983756995370353,0.0030867673870649676,-0.005091797145950173,-0.002175855368464279,-0.00023496240709600672,0.006100988371448054
2025-07-18,0.005508086100520932,-0.0032297556825181557,0.004714636122553436,0.004407990485015418,0.00999986111174377,-0.03545921327347403,0.0025974883918191377,0.0015262697415466652,-0.00073270578770567
2025-07-21,0.0061370159097006195,1.960572879448489e-05,-0.0010305029766020087,0.004023659638119855,0.01392113472895621,0.0025947563441546064,0.015253224033584657,0.008876489023091419,0.0018943771335627375
2025-07-22,0.008995562908578003,-0.009435425992856277,0.0015796706581572898,0.02148808189170755,-0.008012828300088403,0.004524685682363857,0.009440179446058794,0.006028304831350234,0.00014312635696291893
2025-07-23,-0.0011667251352669031,0.001186779418126545,0.018123891589606644,0.006943029997617972,0.00359838899775039,0.012725030955513635,-0.01247867469130497,-0.0055632966853286035,0.00847147346635673
2025-07-24,-0.0018228137130991595,0.009855009683878937,-0.000707893036589419,0.002716590579901859,0.01711150932321088,0.007792717941809134,-0.006137058381453017,-0.0017448966213959448,0.0003310657984092403
2025-07-25,0.0005612197322500155,0.0055241749320338734,0.006956023813782111,-0.007458745287676058,-0.0034075992168520475,-0.0035263836895865876,-0.009293055044318725,0.006267429986413571,0.004215433447535568
2025-07-28,0.0007945225104243903,-0.002358192885942628,-0.0011392194229238846,-0.012435889071880082,0.005816098940336038,0.009376195628555234,-0.006494694913663756,-0.006500313080153477,-0.0002511695093421143
2025-07-29,-0.013072696278811793,0.0001365760389218923,-0.004165832806769303,0.011306314920086998,-0.007675759980119169,0.012838978073008265,0.0027466256681052074,0.016745006997349574,-0.0026410957028047332
2025-07-30,-0.01056347850956926,0.001306284975332303,0.008681570272562786,-0.0050690390915876645,-0.0035559447704130664,-0.008719692226678887,-0.017424396306216585,-0.0051667834099139165,-0.0012601205082383743
2025-07-31,-0.007104825623744683,0.038715498714990526,-0.011378443536030234,-0.015181014440276887,0.01688603551454311,-0.0023262066497581812,0.006623418040819098,0.000575407116399713,-0.0037582749875794386
2025-08-01,-0.025321513877215478,-0.017757484787532907,-0.023463790531846405,0.015599436993379652,-0.08631652950786199,-0.018077137233536395,0.020096417010864325,0.010301109745342353,-0.01652613779978061
2025-08-04,0.004781514051619624,0.021760707673090265,0.016757584196290084,0.021929536770252743,-0.014540593897432078,-0.020921457988540927,0.005806280626210025,0.0027291351940364286,0.015085409270341028
2025-08-05,-0.0021168196547443788,-0.014839606898935459,-0.009869793078274524,-0.0017555156945746155,0.009873140849936941,-0.001211500078285657,0.0008037681079596869,0.0030614004294330136,-0.005082845258532892
2025-08-06,0.04965337367329933,-0.005338716382201705,-6.864360244311915e-05,-0.0008789148897321723,0.03926569639703059,-0.006830435912684097,-0.0021233479650399323,-0.005790535623469537,0.007630415764893208
2025-08-07,0.03129871432026111,-0.007841077485700686,-0.01525215891883943,0.005495161729305513,0.003681757032511692,-0.005271592740766305,0.008402602274232673,-0.0017094995330770879,-0.0008379248413242609
2025-08-08,0.04148532035113141,0.0023013204387992716,0.006322758600716342,0.010439113531485295,-0.001973891448846635,0.007990641811786376,-0.00022358145644660825,-0.004343856853235771,0.007767304673703826
2025-08-11,-0.009506566239905357,-0.0005173355419507385,0.002766636153980513,0.0028229890560950636,-0.006261422740561193,-0.00912389342046139,-0.014479017424243576,0.0011449508921944234,-0.0019794209589211113
2025-08-12,0.010813755968526953,0.014215137416834164,0.011298003110850677,-0.006001172078575896,0.0007678930747497951,0.002830724668097972,-0.000907882426745382,-0.0050476188391609155,0.010589723632381049
2025-08-13,0.01589734978716502,-0.016498440562615617,-0.007953691352075878,0.009447074868101429,0.01385579192187321,0.013755889953953004,0.003044635376480518,0.008246524800202135,0.0034172667188266254
2025-08-14,-0.00235995904513725,0.0036431309828070797,0.012416995809301112,0.0017185087577006358,0.028188194633314262,-0.00204670273326062,-0.006358909270666837,-0.007441788307960211,9.303479508046076e-05
2025-08-15,-0.00512523464010095,-0.0044310243697106,-0.012554684701467216,0.01092907053219023,0.00021644553232712447,-0.008322860967131097,0.0005856706095698108,-0.007150301482523953,-0.0023440118153315323
2025-08-18,-0.0030271602428172274,-0.005919401822515224,0.003573764155486802,-0.0022103213963523298,0.001989103829746276,0.0021574981400213143,-0.0015625511822085856,-0.00289771283607128,-0.00021760417885903445
2025-08-19,-0.001430274379700124,-0.014276635798202614,-0.002988717249011728,0.00875588138742616,-0.015147188407257478,0.006537802309999658,-0.005488236963517039,0.00578705318767636,-0.005439921139343534
2025-08-20,-0.019931886170219938,-0.007976487160276234,0.005421183289002513,0.005832228285975549,-0.018592010009719304,0.010280247980610242,0.010071300681073148,0.0021903288484759922,-0.0026605750012675547
2025-08-21,-0.00492338711572196,-0.0029308112388423155,-0.002638297944662437,0.0005031165379905513,-0.008345346351993766,0.006429118397528223,-0.0034760044745084915,-0.004963935156783296,-0.004019916535665689
2025-08-22,0.012636584004512057,0.005912204433956132,0.01623285206299268,0.0020099387035653125,0.030570938120283817,0.018593796759735572,0.010649590024490023,0.00737925636089015,0.015240055749260446
2025-08-25,-0.0026378279605502935,-0.005872541568308925,-0.0045336207841268185,-0.004920334220723874,-0.003940632972738876,0.00412519641581515,-0.0024177571778237973,-0.0028760445478935733,-0.004410698417700851
2025-08-26,0.009420184893664791,-0.004412210278256445,0.012368095381871015,-0.010820054842137689,0.0033723890496785594,-0.0022398432515225537,0.007235805235181765,-0.000576202839335896,0.004178224976744538
2025-08-27,0.005132677644756611,0.009318253748705969,0.0023751788367891236,0.0016983699734572906,0.0017910582950128682,0.011238077603307584,0.0020166782871590475,-0.001153402665353396,0.0022759127017902216
2025-08-28,0.008940778702967176,0.005706542572228595,0.005963205811067576,-0.007608485488707523,0.010765861926559369,0.005307398570750316,0.007391628900451512,0.0065566462530052575,0.003535181791426007
2025-08-29,-0.0018076183101439452,-0.0058052173697786275,0.0011618451405721354,0.009755621583121795,-0.011289742144600495,0.008258700955968656,0.009603611956202743,-0.0071338468462309925,-0.005981609371052626
2025-09-02,-0.010479461944380755,-0.0031033519337198886,-0.005722666668912816,0.005010848533179155,-0.01611163081821983,0.0034937584669245546,0.023367436783818904,-0.011264126530288831,-0.0074378707816654625
2025-09-03,0.03738234025703522,0.0004552337109901406,-0.0006341683428770188,-0.0003370218534400167,0.0028803777696932093,-0.024537859546495285,0.007801425460703118,0.010917646189581605,0.005404955487229947
2025-09-04,0.005478320026376708,0.005171132195877908,0.014287614799776088,0.004260573773165631,0.041984202208607144,0.004368960629655088,-0.004428637569698801,0.007594973217444988,0.00832268158142734
2025-09-05,-0.00037541452460853166,-0.025864628147859222,-0.03156397101507593,-0.0018477566219133172,-0.01431617792712355,-0.02860818660413898,0.013257712353817697,0.015131979955254284,-0.002900430926529775
2025-09-08,-0.0075800769165061295,0.006443840259389787,-0.005006055168386162,-0.0016827466389439224,0.014994834213775265,0.005660047975167387,0.011323652616783563,0.013236312147455746,0.0024535724114473703
2025-09-09,-0.014950620469677826,0.00042142864933734724,0.016724609478642096,-0.006589902470423503,0.01012495993472719,0.00725626766643964,-0.0022724564258371177,-0.0056992946357770965,0.0023091854221836696
2025-09-10,-0.032791245197944616,0.00392479327977397,0.008990852522883955,-0.00663361752217041,-0.03376550572088485,0.016581155147416184,0.0035857326413301907,0.005699294635777042,0.00288666959246001
2025-09-11,0.014185256029157005,0.0012782362083138793,0.016565302075578495,0.015298500407894258,-0.0016511692288813473,-0.0032051309489483353,-0.0014924930384585258,0.00666372967862089,0.008275867181647363
2025-09-12,0.01741048072188551,0.01758856709560473,0.004408386325239401,-0.002468029074168592,-0.007858586612521158,0.00017833259075342953,0.0019696207388084867,-0.00432636982991601,-0.00033459058591749514
2025-09-15,0.011173300598125255,0.010651057521778771,0.006463054926137696,-0.0037135022700460272,0.014274144618159172,0.0016925753450582849,0.010351107503465316,0.002331909334978743,0.005309800690638552
2025-09-16,0.006107210726931303,-0.012339086658352013,0.0009383747392125128,-0.005312848081520452,0.011257315754508859,0.02052664238383101,0.002004422189152718,0.0021051473067167,-0.0013778382235956578
2025-09-17,0.0035209828050978467,0.001923341711194247,0.008245609896397388,0.004184816377021704,-0.010436669989848062,0.005305052229693098,-0.007745101977835473,-0.002548901474193717,-0.0012431966912957713
2025-09-18,-0.004655365213574466,-0.0030830583985846176,0.004736160409982866,-0.017304621244688585,-0.001685211590355352,-0.011866468534837861,-0.004014338045248695,-0.010373189885927732,0.004661589746749318
2025-09-19,0.031530602396182335,0.018473215755626417,0.004936237153326167,0.011588541276245883,0.0010805905397618272,-0.009790596398194486,0.010551372342238628,-0.0019078620904078001,0.002172012075954637
2025-09-22,0.0421929484270323,-0.006741729170953449,-0.0074615313813582804,-0.01130149015046957,-0.016771972946340738,-0.007116201530143812,0.017158394151356483,-0.003601174272174432,0.00471989692795084
2025-09-23,-0.006464146619889126,-0.010198587927461228,0.000959723673267778,0.01351256342136832,-0.0308718811470144,0.017082328910007036,0.004078037784183803,0.006965537656423236,-0.0054584549647028885
2025-09-24,-0.008367258825429779,0.001805019226955901,0.0021719696797057623,0.000622753155122207,-0.0022679860941820077,0.005338947520642306,-0.009104415000775589,-0.003813801594061268,-0.0031865677755949086
2025-09-25,0.0179116301245757,-0.006134626683067846,9.571362490758364e-05,0.005868760143341611,-0.00939873694848225,0.008950744093840477,0.004156559823392065,0.0,-0.004624198059199872
2025-09-26,-0.005504278726233457,0.008699207527024353,0.00829221126098018,0.01107889577203043,0.007444146449159394,0.014003063742107184,0.005755702884330417,-0.0008994828580367909,0.005712699361002146
2025-09-29,-0.004040092572912473,0.006120518882373149,-0.0011713495601271592,0.01057215171775144,0.010815808570258127,-0.025926097811566306,0.01636192107848171,0.008177942849411248,0.002806489959773006
2025-09-30,0.0007857620331213641,0.006488812656467262,-0.0008239321039064155,0.02070692991715389,-0.01177176630779074,-0.012953434853929073,0.008503716860535027,-0.002905029975969566,0.003759798693121445
2025-10-01,0.003215184701967226,0.0033922511954726036,-0.01507678604802702,0.003391932613795385,0.004816002039034899,-0.006763396788185652,0.001574139467704785,-0.0008955558641755764,0.003401695134902471
2025-10-02,0.006555097802094066,-0.007668201175168525,-0.010222325614519726,-0.0003763137425804196,0.008035435074072431,-0.006270174609268262,-0.0034889318191375835,0.002907628977595577,0.0011512556685068594
2025-10-03,0.0034553077180894433,0.0031168655265446286,0.008031391336042708,0.014201295739009653,-0.013124735830304374,0.017546653700325245,0.00800082872179176,-0.0019001850014153895,-1.4942880838291834e-05
2025-10-06,-0.005167970158442561,0.021455618819687983,-0.0027454354222321196,-0.002547772078798664,0.0063123208620233275,0.008265236536250817,0.018670385270421707,-0.007975330113389745,0.003579902691099707
2025-10-07,-0.0008184422773049941,-0.008721731216950957,-0.004830848955822098,0.003872170333466178,0.003975789098998194,0.0005252560744065715,0.005146184575263606,0.00573518580741506,-0.003714398667631104
2025-10-08,0.006141427162457078,0.0016589918281101695,-0.011966401864584237,0.0042263256949033,0.015391802743809685,-0.002102681692880744,0.016356517165868684,0.0007846214604177038,0.00594534729952674
2025-10-09,-0.01570038108892594,-0.004678929519585462,0.00492159271526383,0.007301027783129689,0.011126925113579588,-0.009782830411004952,-0.018625238498694022,-0.0007846214604178179,-0.0029012049182987006
2025-10-10,-0.0351320903749287,-0.022142268708887615,-0.015303224011731394,-0.0018858046447762429,-0.05121472218312071,-0.019496235482413853,0.010047052045466269,0.016018140039661493,-0.027399801942726544
2025-10-13,0.009697193227107182,0.0060292277353936686,0.023257626180916924,0.0009433468547169363,0.0169557723621054,0.013544630084188441,0.024010468092066483,-0.0005519068521351383,0.015227563512238449
2025-10-14,0.0004440587037828413,-0.0009341975339306365,-0.019310492675095114,-0.00026195154046320984,-0.01686334237775276,0.0004453747902418524,0.007115779550685572,0.0031968279444002483,-0.001222392570361296
2025-10-15,0.0063165304260936386,-0.0002726387553403759,0.011879633595646998,0.0016753053496881916,-0.003796652398348653,-0.006074158916823781,0.017183895458474423,-0.002203614818554123,0.004429719462844643
2025-10-16,-0.007608885518933919,-0.00355108466508018,-0.023667589347689207,0.004957092255696777,-0.005115814338472142,-0.008728964311120748,0.02311799219173792,0.007472562244149775,-0.0068335849457119065
2025-10-17,0.019370678108879068,0.0038431947731934805,-0.0032880418819530733,0.005709259292739903,-0.00668992694119338,0.014357748437702768,-0.018996293371264655,-0.0015339106765671982,0.005660264314098174
2025-10-20,0.0386808954887455,0.006230791628410493,0.016002475100835457,0.0025843814456648698,0.016018222916801047,0.0040899852515252876,0.03575506478388776,0.0038303740402339005,0.010346804492827629
2025-10-21,0.002019009847587752,0.0016820536616067938,-0.017583237222655042,-0.009543640901165256,0.025314343455006803,8.872720825643021e-05,-0.06642711145534695,0.004903305928520715,-1.4896580490177991e-05
2025-10-22,-0.016576873201058953,0.00554807818816677,-0.010081276179305418,0.005509083108544446,-0.01854682919308312,0.017589056039189192,0.0001060276733220477,0.0006519613400549868,-0.005212506854661459
2025-10-23,0.004362688617564541,3.8420900974708165e-05,0.0014609702760006865,-0.0024389623153750883,0.014304179752726551,0.011010558155118269,0.003994344459226319,-0.006866886212760177,0.005912406365753746
2025-10-24,0.012404446955879033,0.005841977215151645,0.019833249519794906,-0.01081317506976751,0.014013254239251859,-0.005100067241718204,-0.003358414390100379,0.0004373974919379006,0.008139347089896708
2025-10-27,0.022535423122463517,0.014993694023049847,0.012272933948903345,-0.0005253480551611301,0.012234737480998162,0.004755120705010511,-0.02823445177837736,0.0033833592984143287,0.01172866089705333
2025-10-28,0.0007065692638837042,0.01965431796691912,0.003970407670260126,-0.01786755907786346,0.009995260979195912,-0.00787985200366786,-0.007191816502215735,0.0026115357606351225,0.0026524827910452933
2025-10-29,0.0025988505438451492,-0.0009597461101031609,0.0004911028631778691,-0.001766926810996926,0.004569695690065268,0.012269032422431153,-0.0037944448726882295,-0.010157915970603958,0.0004801920860577721
2025-10-30,0.006283517255084504,-0.029590563432842814,0.012781700964777121,0.01304424192369841,-0.03283903520773168,-0.015229159953918903,0.019451461015338633,-0.0058354143018456385,-0.011059049824417662
2025-10-31,-0.0038023561325672382,-0.01523645524209018,0.00541447758256246,-0.0009525826291872443,0.09152568678596791,-0.00288146892232006,-0.005445323309533328,-0.0029859021354849014,0.003274863598399585
2025-11-03,-0.004894155332772815,-0.001507479702586237,-0.005705367870494037,-0.013915400614243074,0.03926480861366079,-0.005260401399180277,0.0017912883063622672,-0.006110111771550602,0.0018749090009720192
2025-11-04,0.0036728602382412124,-0.0052358171115765365,-0.0003233107044005723,0.0032161262712979443,-0.018597055077886716,0.0033347990536312495,-0.017672461029060074,0.002226180794724001,-0.011924356281126827
2025-11-05,0.00037024695894810876,-0.014038547132903064,0.007827009181572926,-0.004612999651608408,0.0035233860921609433,-0.00403828131971674,0.011498006836119833,-0.01095595084028915,0.003459443730445934
2025-11-06,-0.0013705990180649203,-0.020035322559120352,0.005567123640899662,0.005201502463981479,-0.02903455918534807,0.00718733920544901,-0.0012012341393667768,0.008952611272114105,-0.010787335017882127
2025-11-07,-0.0048305682516764535,-0.000563425642722093,0.002517408081858309,-0.0021416723932752564,0.005621104143197465,0.02347768805398892,0.006100402916146831,-0.0021189992872824317,0.000984134637463724
2025-11-10,0.0035694404880914537,0.01830888182956057,0.008493158326252059,0.00981393550600165,0.016193207068663642,0.008494784347940224,0.02697400679741503,-0.00022331398038315668,0.015483779591687818
2025-11-11,0.02137115925182126,0.005282465865080587,-0.004015752183193867,0.028361046948274665,0.0028140722088110495,0.01310943144009298,0.003930107267645218,0.004567998584394048,0.002286653395886616
2025-11-12,-0.0064878489709490625,0.00482439013025795,0.015062467373432106,0.0028849641358375706,-0.01986686059153044,-0.013955669960594429,0.015982373467575858,0.0017769884729289052,0.0005562142446419322
2025-11-13,-0.001903298404073698,-0.015476980563366001,-0.03470795601216492,0.004414338345773981,-0.027483152815210615,0.005656171425726304,-0.008115956418218759,-0.008245172058738329,-0.016733211254230287
2025-11-14,-0.0019803439067010314,0.013597059906317998,-0.019149486625809092,0.003476663862880167,-0.012238914496294703,0.004200274992406144,-0.01821275122317497,-0.005722315754921499,-0.00016369413044279956
2025-11-17,-0.018338261876415136,-0.005286598337446123,-0.010728934996698079,0.018457705873490996,-0.007785136419954548,-0.01358842700067238,-0.011530203580798142,0.0024724669821685726,-0.009360116184323966
2025-11-18,-7.478033280722247e-05,-0.0273666806960986,-0.003201176497390083,0.0021022080918700592,-0.045328562483280974,0.01140648588660634,0.007238637505391835,-0.00033679483899609196,-0.008433012450347006
2025-11-19,0.004179110559936339,-0.01359982629189267,0.012809626272719404,0.012471901495320415,0.0006288743357019816,-0.014214639882755967,0.0016281649377564592,-0.002023154562181792,0.003855725229498871
2025-11-20,-0.00863863564814463,-0.018000589599925308,-0.01625565587937373,0.0027614791452689256,-0.02523836299385921,-0.0028160619369424597,-0.00029340766537949985,0.003930160580685601,-0.0153596498741545
2025-11-21,0.01948958925950229,-0.013276719139525063,-0.0012072436073881122,0.004078930391783553,0.01621669505636254,0.0005126014635950356,-0.0015484838634499296,0.0030213193687496317,0.009911941835396358
2025-11-24,0.016185662345448357,0.003974131134208199,-6.711184190965246e-05,0.010489180204416972,0.025014168614886534,-0.009525924855073245,0.015719967968707508,0.005682149988184316,0.014611334234121861
2025-11-25,0.003798228444435278,0.0062882046129223565,0.016639319003964724,0.0030044604883876997,0.014870325553368643,-0.012669381543363792,-0.00031567317566288456,0.0025520124807547747,0.009361928842259892
2025-11-26,0.002091900063149602,0.017683761423380632,0.015197462679483785,0.004297136226324759,-0.002223046487946426,0.0022679702673287934,0.007966499155688188,0.004422828970002267,0.006879779110253937
2025-11-28,0.004672905699392423,0.013319753757626425,0.01752848074778434,-0.003088209364224586,0.017561764551809682,0.009970172319850071,0.012347757401991523,-0.004755331051203608,0.005443607681908437
2025-12-01,0.01512618928229114,-0.010768941875060578,-0.013376405235574108,-0.007665103264495513,0.0028259492152829047,0.006106232690531421,0.004809494501540468,-0.016091530588319393,-0.004575928668685979
2025-12-02,0.010855733793081178,0.006675291490726859,-0.0033722470349464967,0.000389521866839466,0.002306214987564331,-0.010775501874215146,-0.006460852086015099,0.0004505011901847902,0.0018504925239445134
2025-12-03,-0.007153658167804741,-0.025359671759571177,0.01370967102858191,-0.0004382227702508663,-0.0087404155403184,0.020757242388743092,-0.0009300884254429126,0.0028110436231436483,0.003456815265752739
2025-12-04,-0.01221578437529367,0.006488855090952381,0.012638851526873576,-0.013977324730538775,-0.01417172518631325,-0.005618470555850066,0.0006459865084268608,-0.005404201398504222,0.0007308445965087893
2025-12-05,-0.006863543066096575,0.004813287301024281,-0.0033590043307566435,-0.0027200135461370686,0.0018315023434676188,-0.005135238946708053,-0.0017839372855458168,-0.004639329396116382,0.0018976999739243122
2025-12-08,-0.0031975883676944017,0.016136998425424685,0.0005394684779780666,-0.0015363650649359928,-0.011568421375822457,-0.0048167992666335955,-0.002642967879534252,-0.003294521582526267,-0.003008794955265222
2025-12-09,-0.0025582372933893355,0.002034505910104316,-0.04775805207701097,-0.008267391080425875,0.004529371653605105,0.019383264923747753,0.005124102203120884,0.0010235997481737166,-0.0008634125819003481
2025-12-10,0.005755825661083699,-0.0277377711909689,0.03144604195672073,0.03237675169788829,0.016793955716592184,0.010850016024065844,0.004250119090043615,0.003857504216127696,0.006610219529773459
2025-12-11,-0.0026939187642996787,0.010207670516877522,0.02317272088619318,0.016661050388079024,-0.006492686098636116,0.0,0.010712242435784478,-0.0013597735806215373,0.0023243324379854545
2025-12-12,0.000898779517999993,-0.010270360546049068,0.003585473254547747,0.00744802892729163,-0.0179206057677189,-0.006041300468512889,0.005578956499980332,-0.00968502984267441,-0.010810285225808881
2025-12-15,-0.01509831537680152,-0.007783120004944595,0.004698226451484493,0.01216691462385026,-0.01626849331033557,-0.008961087947029133,0.000909964169761495,0.000686734604075,-0.0015119379903136695
2025-12-16,0.0018224235981354902,0.003301061649250175,-0.014066345810480033,-0.023001462730524717,8.986744557840477e-05,-0.026503013965396977,0.00022736172084436364,0.0054769648549194885,-0.0027361005595293282
2025-12-17,-0.01013825135315272,-0.0005669231970929791,-0.0018080032838139492,0.00490909643503201,-0.005813052892293079,0.023526441626951358,0.00855157503956733,-0.0009107468753384797,-0.011064566655824327
2025-12-18,0.0012866939260253387,0.016373660249112805,-0.006305954206281485,-0.009650371091162596,0.02450851417326317,-0.007437520927192285,-0.0018048284045931544,0.004772194035722725,0.00752301618359532
2025-12-19,0.00542264912845835,0.004000417748646777,0.013360824574808488,-0.009356680589791003,0.002598490814916632,0.0012862841030877588,0.0011283994226310985,-0.00762363594493281,0.0060719683113198775
2025-12-22,-0.00991488733323548,-0.0020600724190560447,0.018366907066298607,0.004592819115473193,0.004739137396758782,0.012434157814900983,0.0228192001139181,-0.0021725467352658938,0.006210563238336997
2025-12-23,0.005116606969895846,0.003972138546382672,0.008751712202584186,-0.007455856373841543,0.01611082027269827,0.010691687485929404,0.013165289255941069,0.0016012813669738276,0.004560064429104888
2025-12-24,0.005309714582129585,0.0024003211951340825,0.00989170025432795,0.009672190694721475,0.001033324814239349,-0.0016761653270658853,-0.004142598315004114,0.00603887210924592,0.0035114739275361267
2025-12-26,-0.0014985109070465431,-0.00063542170565724,-0.0038351541498215826,-0.000722178120503964,0.000602280078434131,-0.0009230898989709141,0.011609094140284148,-0.0032997697347469483,-0.00010139857616117882
2025-12-29,0.0013158858540342575,-0.0012515261017451839,-0.012767567474603229,-0.00033719502234278245,-0.0019371925384825683,0.011851248707442686,-0.04450411836335973,0.0037540570793002897,-0.0035699811526619394
2025-12-30,-0.0024870175938038583,0.0007798231428045302,-0.001019824863949633,-0.003136538388229347,0.001980198666862501,0.003809212953134134,0.0007272818788515075,-0.0023873142697345565,-0.001221942749836467
2025-12-31,-0.004477564642977647,-0.00794978957685083,-0.0037172460869571646,0.00019330208343175265,-0.007381062969270996,-0.0053868277611807585,-0.0064889563704801385,-0.007999128471214458,-0.0074364992469158325
2026-01-02,-0.003131507339199224,-0.022330943826937916,0.010066473765615872,0.001930968497648992,-0.018893241069169987,0.019013700912292673,0.004958542232817688,-0.0014926232749967363,0.0018313815929654762
2026-01-05,-0.013933753214987847,-0.00019031708999174405,0.025959730456572162,-0.014769738440669753,0.028550986222028535,0.02185482734326713,0.02597291122412485,0.0049286591833520325,0.006638047848428545
2026-01-06,-0.01850436092738003,0.011898895854702336,0.001704928252664568,0.0023466155965003958,0.033210503723363205,-0.034985914663697944,0.010755146619474472,-0.002060204459959047,0.005929573091759232
2026-01-07,-0.007767549433242862,0.01031215608229191,-0.02303608514780463,0.013098081890138846,0.002611454571219948,-0.021375114555418972,-0.009605988190344073,0.005826257413302033,-0.0032286348346833873
2026-01-08,-0.004967567062966796,-0.011148433858863474,0.008526498868993605,-0.008421306181180562,0.01939181396933358,0.03662381139824085,0.005507373312130111,-0.00502456235805192,-0.00010151621730295682
2026-01-09,0.0012731237613982068,0.0024441462360174867,-0.0018209965880646576,-0.006631906103492829,0.004415912537829645,0.013736479727886757,0.00721587711372946,0.0066180068108452365,0.006591619582212326
2026-01-12,0.0033870938043550165,-0.004391199578570552,-0.01438037264250125,0.025743374250645715,-0.0036853337245891745,-0.004665388127537989,0.018549593662225798,-0.0029612777904166224,0.0015692149229013152
2026-01-13,0.003069252361483235,-0.013736566684124953,-0.04278340196360805,0.018565854385702033,-0.0158262857123247,0.020034991891500164,-0.0014220370703896606,0.0017094995330769684,-0.0020015414226026377
2026-01-14,-0.00418418683041337,-0.02427945725136549,-0.009793701113169897,0.02267565921928961,-0.024831740157692767,0.028513266055730523,0.010170339088515206,0.005790535623469446,-0.00492729281072797
2026-01-15,-0.006754565696655325,-0.005938622754253253,0.004504731095746305,0.004656266971921739,0.006444433987592757,-0.008252080915908623,-0.0061464745415705305,-0.00022644927632991854,0.002719515635281093
2026-01-16,-0.010433387748804377,0.006982963826499683,0.010326117520876898,-0.004153076274906701,0.003938827635832757,0.005868289560632358,-0.004830584089580318,-0.005791850839639964,-0.0008382109024625031
2026-01-20,-0.03516679604537734,-0.011680178284046685,-0.03163411323374219,-0.0020601101433011565,-0.03454780745388892,0.004378727948757409,0.037137939781288806,-0.01318448447945579,-0.020566878432386925
2026-01-21,0.003843435498935823,-0.02316963755424119,-0.0023148923991942313,-0.0009169685663833072,0.0013410916764160913,0.023858442232852776,0.014463883046724585,0.007587987661101166,0.011474982476874479
2026-01-22,0.002822582519112694,0.015705433122423392,0.005250395933694524,0.002199313601279234,0.013014250041799905,0.00022450888775300812,0.018294214625264853,0.004342863968547862,0.005209633575644586
2026-01-23,-0.0012490180716823703,0.032300619613673955,-0.019656407377209476,0.007523460697312168,0.020359731772694033,0.009902914032635013,0.01365171401270812,0.0027331755996465017,0.00036278941923500416
2026-01-26,0.029280073618068572,0.009249929767875864,0.011089698793471915,0.006113734143938236,-0.00309895972284819,-0.0009636411553305853,0.01452285197674761,0.004765155374794441,0.005065280447057316
2026-01-27,0.011135452238227017,0.02166544578855833,-0.002427871817031089,0.013230969143587212,0.02591741008450858,0.01465038902585888,0.024235880109540545,-0.006244698124634376,0.003976320232466472
2026-01-28,-0.007110830218916325,0.002182476625228129,0.0015305785912104412,0.014508393200109859,-0.006848639617172422,0.005466286706149315,0.038040562183333106,-0.0022805026987252177,-0.00010065352906969757
2026-01-29,0.007149548639209559,-0.10528438819273024,0.018610856828246407,-0.0018900689128132666,-0.005281193939182302,0.021073094520380573,0.0027058151112820373,0.00022828444340665494,-0.001986383852371168
2026-01-30,0.004635360586588554,-0.007432396246365072,-0.0017311496867997353,-0.00017600211247967645,-0.010103405903681695,0.006314092844223565,-0.10841237719221687,-0.005608026142557076,-0.0029869936567086114
2026-02-02,0.03977936700470298,-0.016212898767266753,0.007328664952821144,0.015284140325373216,0.01517882582316566,-0.021444710278903146,-0.040873499760924734,-0.006678974620977162,0.0049589976064314725
2026-02-03,-0.0019648192570985205,-0.029142468295565205,0.02154210978112279,0.010132672658749778,-0.018024492289839038,0.03778849637957112,0.06164734409472733,0.002423404336455438,-0.00849139360665812
2026-02-04,0.025680477850631312,0.007220772832516508,0.007656811437866128,0.005860101890932902,-0.023876794257912545,0.026501619630544218,-0.0007046440738128336,-0.00253895116193489,-0.004855648769157645
2026-02-05,-0.002099928360374465,-0.05081181085000359,-0.022664853009944096,0.014060283295161404,-0.04521486439217652,-0.010283742347026108,-0.026992764558786714,0.01080346101182835,-0.012567898466513294
2026-02-06,0.007977949648101178,0.01879749866398829,0.03870471726979942,0.009209324579439251,-0.05715048937593953,0.020127403277422035,0.03026954525265736,0.0006856359541821666,0.019003086020040857
2026-02-09,-0.012664351337211381,0.030588829636318773,-0.0009309542953199125,-0.0056411156007520015,-0.0076365395931526974,0.014387779000497284,0.0250855981775699,-0.00022849308907832593,0.004810166940943426
2026-02-10,-0.0034287832242565278,-0.0007981908099713801,-0.01193055782781924,-0.0012159585556583599,-0.008468102950699219,0.0025099088473490316,-0.00996317807613397,0.011474138949286623,-0.0026405608134012124
2026-02-11,0.006628087923619858,-0.021770831965960063,-0.023717532021868198,0.010475670181499194,-0.014013464044217668,0.025852001315619627,0.01124706758123454,-0.005323077295349987,-0.0002312005096709931
2026-02-12,-0.05127419054863344,-0.006276300976498732,-0.02666998616269213,0.01520393515303241,-0.022196709956192454,-0.03686299078073476,-0.03534567410219666,0.013198905584452233,-0.015569447134089434
2026-02-13,-0.022995738039161814,-0.0012948853843771802,-0.00029742725644322734,-0.0045082043566564275,-0.004066372730933708,-0.009920317297043157,0.024574271920949492,0.005476403739947487,0.0007043183810107444
2026-02-17,0.03117675434949605,-0.011175540400305904,0.015024557656774639,-0.0004930358783467688,0.011801907249367296,-0.01534105568624423,-0.031666421391328234,0.0016704720182744938,0.0016121943987357
2026-02-18,0.0017795283267892476,0.006880473117292294,0.005357938488675204,0.006798846634824432,0.017934165452423663,0.03025123730031596,0.022240789658598412,-0.003790417024217499,0.005025062796631903
2026-02-19,-0.014364066906673809,-0.0028569299937212644,-0.002366941753200729,0.007806504373375658,0.0003417551601676865,0.0019227587558043417,0.002789158959739026,0.0010047447119323756,-0.0026408530270246467
2026-02-20,0.015233747259448463,-0.0030916587609020186,0.008855335483110162,-0.01806342534470055,0.025304384092569222,-0.024745604654822183,0.01952269550212247,-0.0023459766107704113,0.007205743342883489
2026-02-23,0.006029108624176231,-0.03264969552508297,-0.04313195258971336,0.013720445408366444,-0.023305017371870358,0.023353631474112114,0.026657015834133678,0.0036840678006105324,-0.010263827328610054
2026-02-24,0.02214386810430231,0.01171358112375393,-0.0012437603499245462,0.0017881822207801408,0.01590058389615879,-0.009999416695693352,-0.013955807166681551,0.0017813409297374849,0.007242282009114867
2026-02-25,0.007650530571124887,0.029384079613271614,0.019980684690483464,-0.00451725256898835,0.009923745562807573,-0.0013408422496935118,-0.0025104703964938914,0.00011122851910680478,0.008402802066956044
2026-02-26,-0.004678542106070572,0.0027919052934204255,0.009287433641634585,-0.00695811582694567,-0.012997124854819091,-0.0034946272123974613,0.008539330468592872,0.003996009313381923,-0.005569836092779004
2026-02-27,-0.03265793923204912,-0.02260751320305412,-0.019227873346885322,0.020167384066643076,0.00995414038423402,0.026310313806316068,0.013045970117153955,0.00607434635974143,-0.004813539531445302
2026-03-02,0.002041974617639438,0.014685145551848102,-0.00916608966614404,0.000523149371073524,-0.007696206634470403,0.011215558357348228,0.012837146760680682,-0.013412604773676904,0.000568359859948312
2026-03-03,-0.0036709788230805565,0.013408634747967675,0.009032880661018164,-0.007308586771201041,0.0016302266748167073,-0.015618680510718172,-0.04563799462291401,-0.0020107245380382457,-0.00885343564941631
2026-03-04,-0.004674415184754272,0.0031391767526281825,-0.002901694690028367,-0.005893727049147322,0.03802596547533061,-0.013326900374359641,0.007787770491816283,-0.0031358520489404014,0.007030626707290436
2026-03-05,-0.008530875553872642,0.01343355005623566,-0.01969908878393556,-0.023385884179966846,0.009730203443265561,0.0062545948791977975,-0.01209060179573044,-0.004046313264913991,-0.00559118578426759
2026-03-06,-0.010932025820161116,-0.004196970681648809,-0.013961772512267986,0.0032081355765758244,-0.02652012416949779,0.002980430725643332,0.015708466549460398,-0.0037235586040548444,-0.013193758601503453
2026-03-09,0.009355617780841848,0.0010997471690169806,0.001518812856687482,0.009068572883908672,0.0013123976573191716,-0.005105265522442257,-0.002071794745551101,0.008666833471879465,0.008721781864122403
2026-03-10,0.0036488680994934642,-0.008955247109325767,-0.004113027486741729,0.004606218302593949,0.003926890184808392,-0.015474067008174906,0.011216565580630982,-0.010703724523524399,-0.0016083223061841322
2026-03-11,-7.668123613900738e-05,-0.002171124902983902,-0.004199572332624061,-0.0029587036171585925,-0.00786926164939863,0.0230232717899223,-0.0033958737172498895,-0.012997560699239552,-0.001255993840815324
2026-03-12,-0.019552668124098685,-0.007486957649415538,-0.016234293532057763,-0.003917288476275683,-0.014780694498625896,0.012782449286924565,-0.019849663510713874,-0.0019527890876222917,-0.015301366036724435
2026-03-13,-0.022298702052488843,-0.01582656778900157,0.001942331054025407,-0.002150716355537259,-0.008916645846129057,0.016728954641606585,-0.013021354164568094,-0.004956496804935031,-0.005676230093446902
2026-03-16,0.010736970368314249,0.011062337827425507,0.009550634393545884,0.006890745426990435,0.019408825560346045,0.007084759169770365,-0.0008900757151931172,0.007712268442155377,0.010125375692972446
2026-03-17,0.00556159603365261,-0.0013510810702158187,0.0025477720787985617,-0.02111027905467996,0.01620872137239566,0.009998817640370729,-0.002522563042560215,0.0027481982257169598,0.0026272200927514693
2026-03-18,-0.017018480043426643,-0.019262476266033477,0.0029584275793260923,-0.0034918733812719692,-0.025079536878299395,-0.0077117954885753195,-0.0321484306608134,-0.005676458004805191,-0.014051964415039928
2026-03-19,-0.003928648067610788,-0.007095225780035513,0.000799013434668288,0.0013477090988677778,-0.0053030246341174555,0.0036104552283815557,-0.04208851701705017,0.0061337576583672445,-0.0024673990553668104
2026-03-20,-0.003903818218666852,-0.018550519628093117,-0.004908369731153709,-0.009429843434625303,-0.01637203642321065,0.009502006489248422,-0.03103405795054604,-0.01915590538804452,-0.017166819459998206
2026-03-23,0.014014804546515736,0.002954752630193092,0.011622591673610013,0.00021240893046985994,0.022960744908627314,0.00910230723386766,-0.02285338382270632,0.006445453896616972,0.01044528074902386
2026-03-24,0.0005962673839531824,-0.027153863528127,0.008552197889611661,-0.0006373621920068306,-0.013896433314041503,0.026034363708542896,0.00022272541760272202,-0.004350481063357181,-0.003362477949522577
2026-03-25,0.003886888644000395,-0.004571252145297394,0.010275344736830453,0.019613423340002243,0.021339871734261044,-0.01290183427081071,0.029645524395229286,0.009603776446702983,0.005557266210536793
2026-03-26,0.001068228227631363,-0.013758510678465636,-0.01280933232703456,-0.0028799819559737223,-0.019893321503716255,0.013204122595714811,-0.03831886430213666,-0.008441796302017298,-0.018020166399113934
2026-03-27,-0.01630525070843628,-0.025460046375372143,-0.030707373549379278,0.0050449355473152335,-0.04031218263782212,0.03305693064157691,0.03449209878065656,-0.005473084986591726,-0.01719894174699523
2026-03-30,-0.008760123032872675,0.006119645214344013,0.003282684157148746,0.008448304690191134,0.008044211355899958,0.00280324893025832,-0.0002894076809704288,0.013223716648722591,-0.0033489755326428124
2026-03-31,0.028617915568660734,0.030751397910824273,0.03595978609982792,0.00800940761285206,0.03577919395571487,-0.01061188981117129,0.0371934404028662,-0.0010376434896556962,0.02865337838994454
2026-04-01,0.0072239331071617665,-0.002163507888825684,0.004138826005147608,-0.0013099723504205521,0.01098282455951486,-0.053759463479773915,0.01734846703135228,-0.0049725456608519,0.00750627768071692
2026-04-02,0.00113380913328835,0.011012052101207431,-0.0026441589696342693,-0.004433868828831477,-0.0038064469997415263,-0.0005599278461529263,-0.019395693522802685,0.006125416436456453,0.0009000282819796315
2026-04-06,0.011422479373029577,-0.0015542517264483656,0.002881113763153631,-0.008553594433052088,0.014294071471406811,0.016540523984755414,-0.004107069455990368,-0.0016143914945383525,0.004715698294388972
2026-04-07,-0.02092355198305429,-0.0015835316056441624,0.006578416234371067,-0.0106805637942129,0.004594906809084387,0.0032999296628513555,0.00968057265560105,-0.00011541346887997834,0.0004400106280452577
2026-04-08,0.021078063726254075,0.00546464085234352,0.0349243416061763,0.01204909201078849,0.034392613196849456,-0.04805222651911745,0.006279310518738617,0.0032265526954937973,0.025150550892113863
2026-04-09,0.006122585983171752,-0.003371691714401348,0.007633871780479188,4.144132944363428e-05,0.05453098525839636,-0.0075821220396952195,0.007748422609466226,-0.002534271601732742,0.005752567636593883
2026-04-10,-3.838992648799145e-05,-0.005914472707952973,-0.0014833927260583621,-0.01188083258244386,0.02004176990812732,-0.01645298047436375,-0.0017827761167235846,-0.0024250834680756986,-0.0006620714249065728
2026-04-13,-0.004926118336056001,0.03575403345726414,0.012220503297424485,-0.0020989890582810192,0.006314445887268131,0.0008520400318839645,-0.004057358658936597,0.003001618508548174,0.009725024652199299
2026-04-14,-0.0014284889404779955,0.022483840577797627,-0.008194668136584359,0.008952910907502557,0.037352729582435795,-0.022526459347019172,0.022103233873109203,0.005288584411925545,0.012111175446506492
2026-04-15,0.028940069400880748,0.045038880166563315,-0.01682237223418692,-0.005973658551755067,-0.0020903689875830965,-0.0015423305655884276,-0.010456873557300421,-0.0043668191663404025,0.007860051940659503
2026-04-16,-0.011437755629341895,0.021745216275069094,0.01305467653462342,-0.017455695642533967,0.004817351749044017,0.01973551545426992,-0.0008631067835423778,-0.006354362551598146,0.002454339131575915
2026-04-17,0.025599658921175095,0.006002034506004649,0.0010963499098936927,-0.0015360986123397838,0.003438215516710877,-0.03713314498960329,0.01320546046217,0.00911457131956841,0.012013177480333547
2026-04-20,0.010381480367807207,-0.011226719252490228,0.02136288358055639,-0.015015232517584834,-0.00914127125698633,0.008431982502506685,-0.008648507769892348,-0.00022972662632610874,-0.002001607592143685
2026-04-21,-0.025519726208095544,0.014461859921676165,-0.012667037098225134,-0.019832104517658974,0.006543711501238349,0.00459398186684803,-0.02872877290545571,-0.005529330986515679,-0.006568540038220642
2026-04-22,0.025959109613794974,0.020442210886230237,6.389572220315505e-05,-0.00026533410141073023,0.02157346121475379,0.007654640209350895,0.013158845331896528,0.001961803179537874,0.010075758777694515
2026-04-23,0.0009513356004725754,-0.04046883535390869,-0.0042579821339609565,0.01992403071990538,-0.0010970928143730994,0.006866007041671361,-0.009742660463921816,-0.0021928567850018946,-0.003888259833014884
2026-04-24,-0.008705449016465009,0.021110533242711334,-0.01100064321860293,-0.013751171612824409,0.03433400219394704,-0.010820303270298877,0.005114035373716244,0.0018469357668508257,0.0077194401848812875
2026-04-27,-0.012809501824235157,0.0004708984829904664,0.010808125731003183,-0.009539865654985236,-0.010931151865275839,-0.004846862400026573,-0.007785566587566396,-0.004971395868113409,0.0017213514756912861
2026-04-28,0.011517440437700144,0.010373949978845965,-0.0005777749406412083,0.01081377915723225,-0.005452953107039478,0.01586644163498241,-0.018737340859627995,0.0010425717712386133,-0.004877853328425485
2026-04-29,-0.001996746706902992,-0.0112217269700898,-0.007088800427557231,-0.0019334716222324945,0.01277899319911236,0.026932139212978788,-0.010723068958193149,-0.0077875676884601105,-0.00015457362302163192
2026-04-30,0.004358110014981894,-0.040089959518666916,0.012787733697531407,0.010936241981217447,0.007650103584717525,-0.002200648137308186,0.01486229456598271,-0.0009339248869340664,0.009900517160542386
2026-05-01,0.03187997770148675,0.016200398094722738,-0.0024292804019673754,-0.011640250458395934,0.012000444021411484,-0.010290568861035472,-0.0011336263081677058,-0.00011680196240587092,0.0027652156492080156
2026-05-04,-0.011885878837346778,-0.0019805334590206826,-0.015545691381662072,-0.013248161155781462,0.014029213457990223,0.006134988567515929,-0.020218139669323433,-0.007621541260765662,-0.0036700860012736734
2026-05-05,0.02620424083637538,-0.005430316374513187,0.005672164952466375,0.0060033532163454644,0.005498547577900476,0.007713036909046231,0.008547676235352072,0.005516769669898704,0.00799016582902717
2026-05-06,0.011649802031270542,0.006251989249955105,0.017620189968013154,-0.004131778319514907,0.00525031285919974,-0.04078702181913494,0.02988812135810676,0.007579769249946944,0.013803731803033653
2026-05-07,-0.00024349943593654784,0.016317015306411633,-0.027788062257945254,-0.00943804111831373,-0.013988802890605312,-0.014292247211427711,0.0016692946471128871,-0.0050078716433452925,-0.0030708153596703297
2026-05-08,0.020250020420335392,-0.013518731046899728,-0.013708977456407253,-0.0053624263866673795,0.005553016016155199,-0.01380753517735312,0.004829866688753429,0.005007871643345201,0.008222208042013545
2026-05-11,-0.0021843012097694796,-0.0059436257024003,-0.006975613736425323,0.0004968944201617485,-0.013624742304932063,0.034735862645483166,0.00202666981692876,-0.006059212199269356,0.00227500572081225
2026-05-12,0.0072172982993524365,-0.011920719396072517,0.0161357819094037,0.01269958058266382,-0.011854816196465796,0.006326816748889489,-0.003965057408977159,-0.006684281703670081,-0.0015160952629217944
2026-05-13,0.013711535921445313,-0.0062978387202290275,-0.0153027956055118,0.027097637577172748,0.016083936611654002,0.0062210657288416455,-0.005628728248310567,-0.00223805971267743,0.005579248374820033
2026-05-14,-0.0022107599276822857,0.010360497269465288,-0.001133031312893798,0.0016478040240371996,-0.01083103544409256,0.007951413669648187,-0.007671628256068644,0.0014140940371980418,0.007863279204263378
2026-05-15,0.00675091127515786,0.030049774094728796,-0.007026730377458935,-0.01787986693320633,-0.011593023545089846,0.033089597571957834,-0.0234942718767064,-0.014948670821003023,-0.012102289790895842
2026-05-18,-0.007992418019641083,0.0038322380304593334,0.009757152958169783,0.009700929840163177,0.002722118883160186,0.016143059647893608,0.0027281881660985753,-0.0011960293256872425,-0.0007037393207031406
2026-05-19,0.003786804344227117,-0.014555051471830853,-0.016867425369478512,0.004706711382293973,-0.02106144237808022,0.012754011416849597,-0.01670059178398439,-0.006483394063472399,-0.006683082237000588
2026-05-20,0.010911255586213623,0.008682432178804217,0.021015363157892094,-0.002960900883013373,0.0216276190025615,-0.03933637656304452,0.014235974525975819,0.010663253257085274,0.010196836781318679
2026-05-21,0.009024499689761984,-0.004689647349835342,0.003372015493045431,0.010454492789607372,0.012934365936190318,-0.006354933605772113,-0.0009827539471909575,0.0036876268518036596,0.001981172774136944
2026-05-22,0.012479593708054054,-0.0012415540118817078,0.011093356075181011,0.011200151410220162,-0.008003333792720446,-0.00238548193454637,-0.007631144024654595,0.005447023532882889,0.0039237869149726
2026-05-26,-0.0015879449176507568,-0.006086766935002951,0.0011743216380836392,-0.017911440699664438,-0.0038750260110159813,-0.03354103011726078,0.0004348771540594625,0.00494758931266395,0.006616653935934987
2026-05-27,0.00813984274027929,-0.00810913095745419,-0.024620893182743183,0.004810722867062656,0.02442687633617627,-0.012831454812536424,-0.013398539629053633,0.002347418918305113,-0.00017321208530693047
2026-05-28,0.005325987949120409,0.03411235166240869,-0.008556955620031429,-0.002120799773463173,0.007877662796140385,-0.006375928809883861,0.01042310291157413,0.005145006672197616,0.00550145567853739
2026-05-29,-0.001440991651430942,0.053020180175380564,0.00865719117366639,-0.02398554026791443,-0.012338581915617191,-0.01163520072884819,0.010483413077356783,0.00023323615266094536,0.002488287807413806
2026-06-01,-0.01859781597624946,0.02257551187943948,-0.009162829046602643,-0.008109838584026205,-0.035273444414035786,0.02796815475089859,-0.014148332291819304,-0.003387260144565329,0.0027194377229783663
2026-06-02,0.028609696946937397,-0.04260870946492674,0.01466036900579742,-0.002777779563902386,-0.018309445777755097,0.001204255179992292,0.0016763648682266044,0.0021037875922023945,0.0013569506268272388
2026-06-03,-0.015796702347538986,-0.0321676270256948,-0.00036556388635939957,0.001569049702131439,-0.025665719618245004,0.019663647902928915,-0.009953486580929182,-0.003977543849525593,-0.007041863939663294
2026-06-04,0.0031215330500486893,0.0016600618736526567,0.03282735019787478,0.02184353923724591,0.014966238738395391,-0.0032176538907939174,0.008301436935248803,0.0022246950221111086,0.003771516979455281
2026-06-05,-0.012577562059047523,-0.026945469592257385,0.004749230760215991,0.01995987641648869,-0.031053673684382922,-0.014041825630935981,-0.03722984483593625,-0.005159486117227043,-0.026148254201163564
2026-06-08,-0.019051949276413717,-0.011902459415075083,-0.0040418352323246705,-0.0026240524380899224,-0.0032977129121885677,0.012132611449495668,0.0025960619991604065,-0.005186244533566064,0.0022616937124581528
2026-06-09,-0.03712699882965786,-0.020438667677273956,0.00509771707166858,0.020633351999253483,-0.0042091560070624725,-0.01889233333749391,-0.01647140849277762,0.0058913803014128355,-0.0029398437452291875
2026-06-10,0.003538732155561145,-0.015110743704793208,-0.011450015739623062,0.006267239593057336,-0.025675937125703693,0.01141801207109207,-0.04233934348465736,-0.002823531287606718,-0.015891150006672024
2026-06-11,0.013794261745732027,-0.017824516596039425,0.01397321291341849,-0.0006711128140817891,0.014640206431365464,-0.02705231922065459,0.03086064326357879,0.01287621676240786,0.016853985971780342
2026-06-12,-0.015338769612274147,0.0010242229604336857,0.02280100669666063,0.010601100950595526,-0.012331948140724058,0.002792822223323734,0.0005693139920351942,-0.0024454160658054437,0.005393690712535733
2026-06-15,0.01800746471863547,0.022821989872460067,-0.004124232553339614,-0.0218672805795077,0.03083390147852295,-0.04230825820283798,0.025566780972006927,-0.0005831243969538056,0.017480299161608426
2026-06-16,0.00946855947543516,-0.014945022930096618,0.03609701089855283,-0.002038909889924951,-8.129750827614472e-05,0.006648302300904063,0.0027197881229751425,0.005467991053931494,-0.005979448573798072
2026-06-17,-0.01105540586747018,-0.03862063424165302,0.006981671452847963,-0.004175727231652849,-0.035163912457666896,-0.007926439235537864,-0.02297138770896398,0.0016230005881233598,-0.012566467026299604
2026-06-18,0.0069365218526251824,0.00129234763671387,-0.025021041734736293,-0.02512075717738604,0.02859768645536197,-0.021038291651349413,-0.0038158144582766617,0.004853256579537229,0.007770422911541088
2026-06-22,-0.0033612347198123727,-0.03230320780052489,0.019065599583265213,0.012617640421176858,-0.04862855032184217,0.004777770779569058,-0.006556890708458342,-0.007637158157105222,-0.0031519746039485146
2026-06-23,-0.00916615303011962,0.017807507036739275,0.007992590848790386,0.03312588954864577,0.005654330764010928,0.009058293425733912,-0.019084197994952336,0.001276916999784184,-0.014628433282938856
2026-06-24,-0.004154045947664044,-0.022938522660679916,-0.002067137751316942,0.007998709534601607,0.0006832059704666969,-0.020461256797953166,-0.03067890350718132,0.013596245853642273,-0.00046358790593153265
2026-06-25,-0.06312920578599537,-0.035170479545393395,0.004995747560464107,0.015971361146502144,-0.03148022696815355,0.004736755076180288,0.009627749856020133,-0.0003433869432242474,0.0014445946064006426
2026-06-26,0.030882886573399503,0.055511632923755376,-0.01827896173665126,0.039161027508132544,0.024713026224316134,-0.007369875380449408,0.011223522786208194,0.00011447541652939093,-0.0072576499641161165
2026-06-29,-0.007214630247006394,-0.011867334570964309,0.001032744153511967,0.015005055774495676,0.03151499100371599,-0.0035216470732194146,-0.013608218512808523,0.0010296894680162719,0.0163406108026382
2026-06-30,0.02668692781168173,0.012001384625455174,-0.006273622720523075,-0.01771822811303218,-0.007523860939911747,0.004839073890420728,-0.0005427703129341891,-0.011848070960823995,0.007756614166623682
2026-07-01,0.017199862120598052,0.029739416032236666,0.020381715520910997,3.9373954134296607e-05,0.01399906204677725,-0.0032234460145696355,0.006008299760302666,-0.010468863786997339,-0.0013534068382799096
2026-07-02,0.047271698660718856,0.016030907215685303,0.001196637591562061,0.03505058810692789,0.004005207988533653,0.005926051655043227,0.020114737986917434,-0.00011693854892581334,-0.001314959868519424
2026-07-06,0.012973189724018718,-0.009649728134777163,0.00966996035370945,-0.014204729910576919,0.006121252398121187,-0.004752686897363946,0.010522813010802762,-0.0007019186062640771,0.00868954574044671
2026-07-07,-0.006417271589417094,0.005415315330422393,0.004431714642393811,0.030045749100038432,0.00742648371817214,0.037756615025690526,-0.012216786576993257,-0.010588334217010657,-0.004763216231923491
2026-07-08,0.008749354748426186,-0.014245624110561286,-0.025679184818826986,-0.01447334174809607,-0.009640597542451477,-0.003960121150219822,-0.008085795576610226,-0.0022497197340154416,-0.0030942152192766624
2026-07-09,0.008989752573811856,0.0026572895667602557,0.014562854010829808,-0.016459701741116155,0.01394063256459852,-0.026348485732456343,0.00991199005769776,0.001539828554179594,0.008429624229238528
2026-07-10,-0.002850177690291703,0.0019234274117961546,0.0029764584286552267,-0.008215826712729666,-0.0069052632318053805,0.010277285218580791,-0.0030985604579108553,-0.00023674242534813095,0.004300910616082226
2026-07-13,0.006291217816363774,0.015178943389874876,-0.005782430418971098,0.00306945359981203,0.00799760682176126,0.039738458398199034,-0.026555703529659008,-0.005936849543933406,-0.007685594834502518
2026-07-14,-0.007751118421588184,-0.015620484635701417,0.0246831343769563,-0.01532417306174329,0.0007275667257085616,0.00400553021735478,0.013580990040415842,0.0013091343732238242,0.0035443075077972786
2026-07-15,0.03935995948882367,0.02741793147418992,0.01165568428911005,-0.027274236383534965,0.02973649295700522,-0.004005530217354714,0.0005372733507349653,0.0019011412570243728,0.003955827385520705
2026-07-16,0.017434911035170787,0.013731341726780642,-0.010897710956802854,0.011871605651801922,-0.02008584907523868,0.009915387989884668,-0.020046513620576724,-0.0003561887838192833,-0.005433315924238193
2026-07-17,0.0014392806082794219,-0.01831682065898316,-0.00599197993004344,0.012206668335723087,-0.010701743590440486,0.009614475206873089,0.009408689884923067,0.0036745137059551233,-0.009946467902402655
2026-07-20,-0.021656685144717837,0.021279269457939502,-0.0065591364176838035,-0.016817835511048436,0.011101839618823337,0.0067631801143932324,-0.0022010579394689564,-0.007481775889652632,-0.0016157485102320152
2026-07-21,0.0035150495440390526,-0.011349554357067262,0.01859430856760399,0.0071682024093189245,-0.00980833525479302,0.0223290511386113,0.01942384042328442,-0.0027454508441509505,0.008306709868282492
2026-07-22,-0.005660710004308819,-0.018805513014840534,0.008594884474120518,0.01983314061231053,-0.010966803659105793,0.017899615604589327,0.011433546754516384,-0.002633155321535369,-0.001163342802477846
2026-07-23,-0.013064814046267722,-0.02269762690389112,0.004841653325001465,0.014138903238435996,-0.04677871085932404,0.015674503480273355,-0.02025007914980627,-0.0032411048119208026,-0.012426199378093342
2026-07-24,0.034707461169469225,0.00031443245201946256,0.009415381526150818,0.01580379956277026,-0.006655670059529503,0.00031864385446294215,0.0010223024214975984,0.0009614229799570056,0.001015496563495077
2026-07-27,0.011613284133360819,0.019201420239324012,0.008429589955768238,0.009634531879145885,-0.003106798615455462,-0.013923422774658798,0.007313871296750083,0.005988041844622693,0.00021650586680173068
2026-07-28,0.009365051680203221,0.010863420784743694,0.003111381467573422,0.002928589612830868,-0.0022931324272512247,-0.011240818792670922,-0.014140020538048083,0.00583369712054409,0.00239197384226075
2026-07-29,-0.005573016325985018,-0.007169403962900564,-0.035900268487146524,-0.004509082152262196,-0.018404488799907928,0.023952854381032694,0.004618821095344307,-0.016638123953148096,-0.015507139189947663
2026-07-30,-0.014174919452394352,0.14415864760199928,0.01765529786230975,-0.037253756477648114,0.03830393606961412,0.0014025247740854319,0.01625182781240581,-0.0006036824813579186,0.01662683172876953
2026-07-31,-0.07638297593538608,0.029746029269926918,0.0026756249595406645,0.002069626058462685,0.14254584181417615,-0.009794899217930916,-0.01501297063421842,-0.006664671745732653,0.007173978857458798
2026-08-03,-0.017931988016822522,0.04816286173374686,0.002413299866656401,-0.007596559360188086,0.04478790294621842,-0.0024476662783716346,0.0004574503947917526,-0.0007297494850726044,0.014142589677848578
2026-08-04,0.019452310488572225,0.01052576880319423,0.01374359810070109,0.00204185880027014,-0.02351205488172277,-0.0071193103752675195,0.006569533059580942,0.007635937957012423,0.01786836290817991
2026-08-05,0.005222617370715198,-0.010915468431758227,0.004799384177552941,0.01038017593111953,-0.01734368196307362,-0.015249485602697533,0.040539722485123934,0.0021710296791767293,-0.001998547176842623
2026-08-06,0.004523515517257708,0.025119823425413027,-0.008217616190958605,-0.0023709127455764914,-0.001431429287743522,0.02094898289659947,7.699118454755123e-05,-0.005799919593546895,-0.001599116276673369
2026-08-07,0.0029405205449884115,0.0002600390073161397,0.003418232013405507,0.008756012704180546,0.008120906465867243,-0.011693000577449963,0.022331986000454728,0.0029041646742912785,0.006096709808136314
2026-08-10,-0.016313365522906697,0.012067141110669557,0.006329223286543528,0.009864776283814276,0.013066403754824507,0.043161128019299715,0.010162257715094523,-0.008494165863302327,-0.0002974862434552333
2026-08-11,-0.010926931623625267,-0.004456026464853845,0.006234175047230563,-0.007706945606830439,-0.021150581298498016,6.258018087726512e-05,-0.003932799095148315,0.001582953146368649,-0.0032003344258171727
2026-08-12,-0.008762161600046342,-0.022846894337263682,0.008635679749616803,0.0040717607056378015,-0.01849742295801992,-0.0003129400745301746,0.009827845022847564,-0.0009738284397111825,0.0025015404639479916
