Date,AAPL,MSFT,JPM,JNJ,AMZN,XOM,GLD,TLT,SPY
2021-08-16,0.013547954393024808,0.005975755506231861,-0.00656332041505181,0.009021276595744698,0.0015239968791458391,-0.014620398097586862,0.004988280545705992,0.0024234264557387863,0.002354682454251966
2021-08-17,-0.0061540497617788015,-0.005159538357094484,-0.012080790285031284,0.009165542060278975,-0.01728710908490172,-0.006792992491955641,-0.0014950364788900439,-0.0004029279430528554,-0.006555249793050999
2021-08-18,-0.025501032026100212,-0.008018288521905115,-0.009107700146487319,-0.012704073104140012,-0.012566472134141082,-0.021058315334773203,0.0007785829789781484,0.003359086328518668,-0.01094495991352129
2021-08-19,0.0023230390817161606,0.02077528978777554,-0.008355829798174619,0.007788249901235833,-0.004207770787387433,-0.030520316234602052,-0.0029323758228604335,0.007365249414127861,0.0015483400883464782
2021-08-20,0.010156782549420651,0.02557536139097638,0.0028519574799066305,0.004872038976311943,0.003827150811701152,0.0001896453631708983,0.0005401836624450151,0.0006646726487207211,0.007957077251852906
2021-08-23,0.010257102368580906,0.0009528190300958084,0.012797311271975031,-0.0101983950066874,0.02060032188002925,0.04114524080394366,0.012177564487102499,-0.0006642311524411859,0.008796463370624341
2021-08-24,-0.0006011622470109002,-0.006663384211390011,0.0061901723037651735,-0.012499296210799149,0.012220327202246306,0.008195228555818668,-0.00047413026729081764,-0.007776669990029794,0.0015874435451415092
2021-08-25,-0.00842133404625045,-0.002015729297468849,0.020612672036532054,-0.0066138320314726995,-0.0019965030945796602,0.0018063583815028927,-0.006937444411503235,-0.00830653804930337,0.002098354800544655
2021-08-26,-0.005527096252359254,-0.009668554021390108,0.005157842406164681,-0.005337771910692624,0.005098236531501765,-0.013523260007212379,0.0011344638165751153,0.002769521750878079,-0.005903187721369663
2021-08-27,0.00718449234106,0.002106389381122842,0.008037094281298396,-0.0021350259665320337,0.010141737032569376,0.019374885761286764,0.015029522275899154,0.006803637588413736,0.008940976112580046
2021-08-30,0.03041722745625841,0.012912051247831124,-0.016007359705611846,0.004221361244434174,0.02147699895212285,-0.010937780168549516,-0.004935660144544385,0.0026093938177438325,0.004397556912826284
2021-08-31,-0.0084247648902821,-0.005632596594090655,-0.003054101221640515,-0.0030519405735345284,0.01438520912914254,-0.01160261058738199,0.0020076764098022615,-0.006806806806806676,-0.0014815470004201359
2021-09-01,0.004478693275373535,-0.00016562872664638295,-0.0014379493591746284,0.0035233639461675903,0.002365455703168262,-0.013756419662509178,5.8930991808647804e-05,0.0004031445273129375,0.0005314908317832767
2021-09-02,0.007474919677398217,-0.0022529238312958277,0.004633107938893044,0.006849315068493178,-0.0045645300373670095,0.024363027710619267,-0.0026517383618148704,0.004365639062395177,0.003076582558654284
2021-09-03,0.004230393752033823,-3.320604349987821e-05,-0.006045120279197347,0.0006288229577544602,0.004311141398507745,-0.0038126361655773655,0.010694239290989671,-0.009094556640363738,-0.00024272380237877478
2021-09-07,0.01548930654569003,-0.003187886033074294,-0.0017555959621292638,-0.015539305301645379,0.008982044536449907,-0.005831966466192773,-0.019583771775985026,-0.008435686327439629,-0.0035755275006621456
2021-09-08,-0.010083604569532056,9.994003597824097e-05,-0.004459518874442625,-0.0024373259052924423,0.00461916797984796,-0.00916590284142993,-0.0025043229384056342,0.006805962022731871,-0.0012182696141407323
2021-09-09,-0.006704919089678407,-0.0098597648312847,0.004353312302839196,-0.022280395578824996,-0.011725996312579867,0.0007400555041630064,0.004423456273537019,0.01210031771783937,-0.0042802333059812625
2021-09-10,-0.033101836827416076,-0.005180824222035363,-0.011495696965889701,-0.006544892009281766,-0.0043080685157971255,-0.002033647624329893,-0.005058620484437282,-0.008816457387122556,-0.007884538286783371
2021-09-13,0.0038934013559777103,0.004328565148287167,0.015887137773258786,-0.007007246810804224,-0.0034532954758371703,0.025750277880696615,0.0033496829764325664,0.006064690026954311,0.002559267241379226
2021-09-14,-0.009562019391507914,0.009427926866224512,-0.01745277117477806,-0.006031363088057851,-0.002073950659065016,-0.014267653964240568,0.006438535829259573,0.012123241795043649,-0.005396569483631097
2021-09-15,0.0061436672967862815,0.016778411554754902,0.006939581078500012,0.003762135922329879,0.007475362318840606,0.033711982411139596,-0.005864234095486198,-0.0035073787307259296,0.008352657766170557
2021-09-16,-0.0016104140106019127,0.001312249852372105,-0.0004425897824986702,-0.0012090436464755605,0.00358191950606912,-0.010634526763559027,-0.022641959125305422,-0.004582281843538483,-0.0015852460480485497
2021-09-17,-0.018348007258552235,-0.01752834021361649,-0.0025934594218482987,-0.0028446919259169645,-0.007373345870696935,-0.011823719097097896,-0.001585075900749855,-0.004803522583227693,-0.01290337008296627
2021-09-20,-0.02136108448582774,-0.01857471571014102,-0.029934043632673712,-0.005705614567526496,-0.03084169910931933,-0.026649746192893398,0.0071441655980948315,0.012401957498156646,-0.016674218396012574
2021-09-21,0.003428011753183302,0.0016989466530750175,0.0001307531380752014,0.004395336060069477,-0.003605772812472985,-0.0009312721177127115,0.006669091790954207,-0.0008608131373329941,-0.0009446133996867667
2021-09-22,0.016872341908944932,0.012822252374491194,0.019152830435350987,-0.003646751352336941,0.01089235351997675,0.029269202087994106,-0.0037340399903638133,0.005964609980780633,0.009754860134215892
2021-09-23,0.006719232087761595,0.0032822024248109205,0.03380155217753833,0.005673153175135726,0.010635937338205226,0.03387067560224599,-0.011546366823842358,-0.022597009025627335,0.012150002283835004
2021-09-24,0.0006129537560441989,-0.0007010281746561153,0.01153989328700833,-0.003032876379958749,0.002786885245901649,0.00893482831114234,-0.00128432511772969,-0.009773523860879041,0.0016471862448665942
2021-09-27,-0.010549959161448297,-0.017304159011190978,0.024165848871442686,-0.007240204429301733,-0.005756206356991145,0.029692654974821986,0.002082057562767803,-0.003675719828466373,-0.0028609402806876183
2021-09-28,-0.023801334525693107,-0.03620355576707357,-0.005389867049945929,-0.0022062879205735353,-0.026379102484524908,0.010455311973018633,-0.00971645074553884,-0.015576962492313995,-0.02015181637448027
2021-09-29,0.006482982171799101,0.0016930022573364845,-0.0007827552986513497,0.007431975922854939,-0.004475325395963736,-0.0006675567423231055,-0.004504782474544999,0.0017350267194113922,0.0016831135294659294
2021-09-30,-0.009311769236154954,-0.007323943661971755,-0.01361855980717075,-0.01536398000243877,-0.004871074059713099,-0.017702070808283232,0.017976692288618867,-0.00013856172925041932,-0.012222350097824797
2021-10-01,0.008127208480565473,0.02546821793416565,0.02101533386278942,-0.006377708978328234,-0.0005418503275455011,0.03587215232913965,0.0022530751431006912,0.00713691796008864,0.011884233583445925
2021-10-04,-0.02460567823343862,-0.020719474230370127,-0.001077005923532659,-0.007789617997133402,-0.02847170190603243,0.012965698342360055,0.004678291512242527,-0.002545579635362949,-0.012896094325718588
2021-10-05,0.01415840160988946,0.019956907209211838,0.010242587601078323,0.0022610224846124627,0.00978750885641011,-0.0016202203499676715,-0.004656507014997646,-0.009656504345426753,0.010405001866368169
2021-10-06,0.006307136276663572,0.015064413353650163,0.002134471718249875,0.0020679283118183456,0.01273207078547034,-0.018338201882505567,0.002673309435567095,0.0056414542415377245,0.004156084045255026
2021-10-07,0.009084507042253387,0.005936337893623689,0.006330611761921734,0.00894253017322244,0.012391133074392657,0.0028103818813025594,-0.0052717687693146775,-0.01045778793545249,0.008645665670269143
2021-10-08,-0.00272175308814282,0.0,0.0007643012522782211,-0.002541217305070065,-0.004181769182087014,0.025057698648203175,0.0004264132553606359,-0.006998880179171385,-0.0018237359230384165
2021-10-11,-0.0006298110566830273,-0.0021027641173477774,-0.02103160615673838,-0.004225439632138284,-0.012868619664175296,-0.009971051785139906,-0.001887596663216251,-0.002537355511699979,-0.007239756999954383
2021-10-12,-0.009103003991317249,-0.004588247289535441,-0.0076812289966392555,-0.015975039001560054,0.00031728429288735427,-0.005198180636777128,0.004514397266959458,0.017100056529112395,-0.002461524304676832
2021-10-13,-0.004239983040067785,0.011711281070745816,-0.026366715045960443,0.009575749889022767,0.011378578709278164,-0.00277596342259967,0.017794242681890005,0.009726274836737492,0.00359762003597619
2021-10-14,0.020225675963380763,0.02173399480274041,0.01534161490683239,0.005716080402010215,0.004744418868062317,0.015228426395939021,0.0024464466853630906,0.003715425897894642,0.016820625947883583
2021-10-15,0.0075125208681137146,0.004822460776217952,0.01920841744662649,0.007432390231715713,0.033079565145451406,0.00951612903225807,-0.015892857142857042,-0.0058267068823690815,0.007615819209039643
2021-10-18,0.011806130903065482,0.010124584990631513,-0.00036012244163019513,-0.007315561066336018,0.011064763480413742,-0.000479309793896765,-0.002479888707433764,0.004688685099634604,0.0029605041828335565
2021-10-19,0.015080177413851814,0.0030589996420320453,0.012128489942959897,0.023419935048713425,-0.0007514346890103996,0.015025575447570327,0.0032136793596895252,-0.013794523368334533,0.007714841566224706
2021-10-20,0.0033611185802635557,-0.0026603510365635907,0.013466215815388427,-0.0005492158418258786,-0.00844620588534195,0.005511811023622082,0.008763977032336223,-0.0067501739735560395,0.003927747203976706
2021-10-21,0.001473938094600058,0.010897498454832233,-0.00784359634745968,-0.002320185614849146,0.005841771447646638,-0.018167580266249095,-0.0008987417615339277,-0.0011910600434386076,0.002608253575296704
2021-10-22,-0.005284987958255272,-0.005148667782211236,0.013451327433628313,0.001958384332925389,-0.02895479198022699,0.00685914818950395,0.006116941529235476,0.011012906846240123,-0.0010361780462531112
2021-10-25,-0.00033627009213810233,-0.0033316082287490056,-0.004889975550122272,0.0021988761299780446,-0.004550973602554409,0.01948669201520903,0.006914227811885221,-0.0015263997779781935,0.005362817796610075
2021-10-26,0.00457481162540363,0.006425859215266394,0.002691002691002753,0.010177961969770832,0.016775238904098266,0.023154623154623355,-0.007399514591842737,0.008269057049544948,0.0009000109757435482
2021-10-27,-0.0031476024645057388,0.04211408854922438,-0.020828471411901917,-0.012126696832579165,0.0048636432301463195,-0.025972053462940625,0.002624045801526753,0.01819434872501735,-0.004430213176594422
2021-10-28,0.024991602284178738,0.0036513290218771477,0.01507477804921642,-0.005435446439477354,0.015941093415160923,0.002806798690160761,-0.00023792529145838515,-0.0033843238121022967,0.00964885227122525
2021-10-29,-0.0181556007078717,0.022414058887004762,-0.0027588635830008146,0.0001842186060792006,-0.021511241611225085,0.0024879489970455193,-0.008507853403141419,0.003056234718826323,0.0020291499389073486
2021-11-01,-0.005607476635514086,-0.0067848742536638085,-0.0005297545470597242,0.0008595284872299214,-0.016107080057999767,0.01799286489840224,0.005220522052205245,-0.008463673911571545,0.0017201959716930393
2021-11-02,0.007116004296455536,0.01141573306615662,0.003945818610129548,0.015764936817568298,-0.0016153774287169798,-0.01234191680633856,-0.0021489971346705383,0.004438677956842385,0.0040431266846361336
2021-11-03,0.009798693507532263,0.0026115930717738323,0.000351968088226684,-0.003200676369345956,0.02150781073126562,-0.0137303301450169,-0.008315386456089868,-0.010333809232442759,0.006105217579562838
2021-11-04,-0.0034985807644069,0.007305389221556879,-0.013135518677065638,-0.0027868653822852307,0.027482269503546153,0.0075082121069920404,0.011341014658864612,0.01051040736415465,0.004712515062833544
2021-11-05,0.002119766825649183,-0.001129473308762341,-0.0014261096916036164,-0.0071081409477520285,0.01207650273224048,0.009470579102623722,0.013062928720548816,0.014955812372535737,0.0034696194127346036
2021-11-08,-0.005552617662612391,0.0027673629708979686,0.00601011603689372,-0.003426543474270294,-0.00852801514070789,0.010765918179021838,0.003591615638247614,-0.0018754186202277756,0.0008537340191663301
2021-11-09,0.0024594522733316637,-0.003086144989465578,-0.007571276469892307,-0.002210351814330491,0.0250073087263325,0.009738283627510613,0.0049281314168379,0.013018386793719028,-0.003305397394067322
2021-11-10,-0.01916318546515494,-0.01532966215210585,-0.0009536297532483085,0.010830102762906968,-0.026334435984262772,-0.03270042194092826,0.01085877751182207,-0.01828298887122426,-0.008044845735803774
2021-11-11,-0.0003380205516494428,0.004927448609431728,-5.9658751938806986e-05,-0.0073659219577525414,-0.0027432100382188684,0.001869450070104417,0.005602079122148496,-0.0014844804318489002,0.000323540830852842
2021-11-12,0.01433691756272415,0.01290497247540845,-0.004474673348845548,0.011958788176131385,0.015161987041036662,-0.007619343803452083,0.0018952446588558214,-0.004392485471009455,0.007546844340944769
2021-11-15,6.667111140745696e-05,-0.0019303872653837484,-0.001797914419273683,-0.009029755772377301,0.00582386565110693,0.008617988091507378,-0.0015477214101460302,-0.012556845177492892,0.0003424144498898052
2021-11-16,0.006666666666666599,0.010235962745856586,-0.00720461095100855,-0.00519814090019588,-0.0014045260711625929,0.01009787167935361,-0.007233895969686599,-0.0025433049216385673,0.00395781186487798
2021-11-17,0.01649006622516569,-0.001148714323583988,-0.005382196419932317,0.0037499231573123737,0.0023441692320727014,-0.010919717010150598,0.009137173259310627,0.007925022396802373,-0.002429253324241376
2021-11-18,0.02853606098117134,0.006339938664779332,-0.008633793396972012,-0.005389514943655027,0.04143702451394771,-0.010884776862074341,-0.003209169054441241,0.0037604266374948736,0.003396419874396539
2021-11-19,0.016975992905555293,0.005391625399244093,-0.013063477460901751,0.0030172413793101427,-0.00527318279465161,-0.04621914793271498,-0.007646314821202593,0.01055786390572866,-0.0017882613416217996
2021-11-22,0.0029274369355341,-0.00955961644953518,0.021314939100174124,-0.019583768187120154,-0.028286691127871855,0.013845393110268667,-0.022420485487515185,-0.011728228633054782,-0.0028151592057839014
2021-11-23,0.002422059371506524,-0.006326692758143682,0.02391238211134783,0.006199123356293024,0.0020903707469017707,0.026337180946187644,-0.008652364584567973,-0.014459146091938324,0.0013260046624035127
2021-11-24,0.0032835635958119447,0.0006811182184316422,-0.007844069408129317,-0.002800423175057465,0.00010335080054968415,0.005544115317598575,-0.0009564801530368428,0.016055363321799243,0.002669856254939207
2021-11-26,-0.03167839940718786,-0.024355597644343252,-0.030126976521322457,-0.00649026460309543,-0.02118472465443899,-0.03512917454316311,-0.0016156055528961932,0.025269036915951615,-0.02230316973415125
2021-11-29,0.021873604999681273,0.02108104828925006,-0.0043228555548694425,0.0034547738693468943,0.016267377359782564,0.005551020408163243,-0.0013784836679652246,-0.008038264797714745,0.012266596945334163
2021-11-30,0.03157763354967558,-0.017942548198318642,-0.01488556720213341,-0.023912363067292608,-0.015302240304135517,-0.028413703523299194,-0.0067218821269955376,0.015202250200910816,-0.019457597933706494
2021-12-01,-0.003206291591046573,-0.0015426963913003355,-0.005918277403513361,0.013788238312063106,-0.01806351170635312,-0.0008355614973262204,0.003987915407855036,0.004947555907381718,-0.011107208710158911
2021-12-02,-0.006129756630454675,-0.001787445467765325,0.0210272974855914,-0.006262651821862364,-0.0018462592777578335,0.024920555276802148,-0.005536831969186307,0.0012472101877378794,0.01531631520532728
2021-12-03,-0.011724474841230959,-0.019666757716470973,-0.018113020284101555,0.014577630657584884,-0.013839682873087011,-0.006364229765013052,0.008412006778019787,0.011932078935291468,-0.008701355487538143
2021-12-06,0.021502718734552673,0.009844896442834594,0.011813759555246772,0.02233655414732083,0.011086232480478353,0.011331910001642242,-0.002460541319090126,-0.013735017816650541,0.011843324070398342
2021-12-07,0.035446406968304034,0.02676354272050041,0.015047452547452433,0.0025776359396096904,0.027986473593454964,0.011204936667749354,0.0035495126940199295,-0.008079879130263312,0.020684844918154255
2021-12-08,0.022783035401331864,0.00014928938253921942,-0.011441225318324366,0.005999020568070446,-3.6897331755381124e-05,0.0028906375461699163,0.0005395359990407744,-0.017284768211920598,0.002647988383018829
2021-12-09,-0.002970070824765858,-0.005582589485625622,-0.0015555970381432305,0.009492515516611899,-0.011279646680820599,0.0025620496397116277,-0.00611144397843022,0.005593368825392631,-0.006751576077696275
2021-12-10,0.02801329055911994,0.028339837886520503,-0.00398853296771795,-0.0024713682941530646,-0.011247567046178797,0.006388755789809908,0.004219918013021573,-0.0024125452352230514,0.009413530610056897
2021-12-13,-0.020674282529952515,-0.009166812635020838,-0.011888374421223924,0.017886277116441862,-0.015356072747543692,-0.0219012855102364,0.002521311081762345,0.014778986967620478,-0.008858393168203249
2021-12-14,-0.008023216114714904,-0.03258691809074843,0.007662107396150031,0.010923122588305079,-0.0028071416987335285,-0.0014603277624534172,-0.009341317365269441,-0.0023831590096651256,-0.006879996570718139
2021-12-15,0.028509149314518423,0.019217883900834565,-0.007478162508640751,0.004991485113629679,0.024977600884728002,-0.004387390315242046,0.004291586073501108,-0.009621765096217594,0.015625
2021-12-16,-0.0392638036809817,-0.029134917077543676,0.015638850196276977,0.010926726656538488,-0.025641173585667643,0.0016321201240410144,0.012097502256996684,-0.0007370184254607004,-0.008818529536761655
2021-12-17,-0.006501799605247882,-0.0033856571252691703,-0.022754192382021143,-0.027628460782613717,0.006789205961947209,-0.02183477269023948,-0.002140818268315803,0.011331634705645799,-0.01410654946939649
2021-12-20,-0.008122005375715724,-0.012013588634959826,-0.017989282980352073,-0.002853236640313783,-0.017283514932286415,-0.01449275362318847,-0.004231227651966707,-0.007491878273553132,-0.010633439885184948
2021-12-21,0.019086892488954454,0.023068988152918024,0.013966480446927498,-0.0032190760059611634,0.019978573010372314,0.022650439486139318,-0.00041893590280683846,-0.0038076152304609145,0.0177590223746098
2021-12-22,0.015318804555176424,0.018057380304928206,0.003908001793836879,0.004305962562047627,0.00363813469313512,0.00809917355371903,0.009400071847682767,0.0046268356467511484,0.009998704271584558
2021-12-23,0.0036438168982009245,0.004471788715486147,0.0035737077217612434,0.0019055558863811939,0.00018417067652021224,0.0004918839153960075,0.002253988967317211,-0.008677079161660495,0.006222070174688454
2021-12-27,0.022974812797821764,0.023185634467716376,0.005723006486074045,0.00843982169390789,-0.008178010563020033,0.014257620452310604,0.0023672841332780248,0.00242391597091296,0.014152146196344972
2021-12-28,-0.005767204569400608,-0.003504161191414723,0.003034901365705611,0.004007779807862377,0.005843713808315609,-0.0032315398287284802,-0.004310090334770145,-0.00396292315959168,-0.0008171646482001416
2021-12-29,0.0005019800323498025,0.0020512820512819108,-0.0005042864346948006,0.0070443205165835465,-0.008554971551789858,-0.008753444642567665,-0.0002964895635673148,-0.010924539753186302,0.0012791746178204555
2021-12-30,-0.006578213847697634,-0.0076911829214797445,-0.0005045408678103769,0.00443019527834454,-0.0032889876537373075,-0.005887162714636185,0.007177175395931101,0.008386173041522005,-0.002764513696908777
2021-12-31,-0.0035353535353535026,-0.008841211835435625,-0.0008202927814234817,-0.007196332191979571,-0.011428774730275815,0.0065800296101332645,0.006831566548880952,0.0019607843137254832,-0.002520161290322731
2022-01-03,0.025004223686433402,-0.0046681731684110606,0.02115566782443956,0.0027474133395686273,0.022118307000301707,0.038404968132047745,-0.015383715489003302,-0.02625008435117071,0.005789961259895504
2022-01-04,-0.012691610351079574,-0.017147124719940288,0.03790970933828097,-0.0026815902996384366,-0.016916210008415256,0.03761410135347831,0.007366482504604033,-0.004158004158004269,-0.0003349312344308464
2022-01-05,-0.02659988870339458,-0.03838789094556394,-0.02413156169933872,0.006663549216740616,-0.018893040914029102,0.012437433641741213,-0.0030076074777377615,-0.00542797494780789,-0.019202177782431162
2022-01-06,-0.01669334552938484,-0.007901890132119616,0.010624007815362102,-0.0034258506561375413,-0.006711001052586818,0.02352059925093619,-0.012244173666153935,0.0025888609012034713,-0.0009394081728510972
2022-01-07,0.000988372093023271,0.000509748948642974,0.009908168197196643,0.013517450329196379,-0.004287796929937304,0.00819672131147553,0.004551170728786191,-0.007188219694326148,-0.003953498311749404
2022-01-10,0.00011616425625837756,0.0007323907782446071,0.0009571667863124134,-0.004943949410750159,-0.006570124389433718,-0.005952380952380931,0.003040238450074506,0.002460283987065992,-0.001244394859361897
2022-01-11,0.016783785353388758,0.002259203869284576,0.0010160172125270872,-0.010630307932289584,0.02400208067572418,0.042062217029355864,0.012064661832877688,0.0066615244372763005,0.009108289832656657
2022-01-12,0.0025702535983549435,0.010445107625880912,0.005671980416741329,-0.008525547445255466,-0.0009373374777760235,-0.0029432375613173134,0.002642550942509869,-0.0038311507383672616,0.002703565726450252
2022-01-13,-0.019028086367002817,-0.04232255632010551,-0.0012467347423414932,-0.006066317215383754,-0.0241696780402767,-0.007168962608940177,-0.003396977861075401,0.008880497867282067,-0.013778608127043457
2022-01-14,0.005110633602415815,0.017716535433070835,-0.061463472626760995,-0.005451528798293359,0.005731512151550211,0.017556279201472513,-0.0028796426892336857,-0.015109509287496548,0.0004090155641187643
2022-01-18,-0.01889408909689716,-0.024339136041263698,-0.04192792450440164,-0.004408960915157301,-0.019862709543722157,0.016835953805482085,-0.0016502622738256978,-0.014074595355383579,-0.017709588569461254
2022-01-19,-0.02102473498233226,0.0022468197587972583,-0.01546902888874202,-0.003111909036504934,-0.016477102899303042,0.00041050903119876914,0.015880512426943882,0.0069236259814418055,-0.010383579048829139
2022-01-20,-0.01034710942669792,-0.00570335937757549,-0.008527496139125845,-0.00798415175891476,-0.02963230730842814,0.0021884831076459665,-0.0024988377498837977,0.006167151059757625,-0.011068068622025473
2022-01-21,-0.012765181447936258,-0.018468169761273412,-0.017472572125152297,-0.0022995461422087304,-0.05950187086884129,-0.015012965743141704,-0.003262452665307336,0.011906439340566344,-0.019630665920537194
2022-01-24,-0.004864232497998833,0.0011485322433537615,-0.0008960573476703981,-0.011524231212470482,0.013326977138730989,0.008590827213523777,0.00549418434741944,-0.008215553853651802,0.004246769258870131
2022-01-25,-0.011384729612671673,-0.026588386138947873,0.010900310451880113,0.028594219795054387,-0.03153365065308844,0.029399642808078053,0.003197116781956666,-0.0016146016146015851,-0.012208985085485513
2022-01-26,-0.0005632745024408692,0.028493188672050973,0.009486112058963991,0.004474139473841232,-0.007954366865257856,-0.010142799946616932,-0.01616641557538545,-0.012093938967796314,-0.0025088038299537763
2022-01-27,-0.0029432024547560998,0.010549020929527142,-0.01764467279610593,0.013125074236845169,0.005508650020702444,0.012808413105029004,-0.012898286118145919,0.018362989323843504,-0.004937929761410276
2022-01-28,0.0697776661223466,0.028081643543223178,0.008946390475535138,0.007034409988862178,0.031084056933130544,0.0021299254526090383,-0.002983293556085953,0.00034945485043325064,0.02483535850106655
2022-01-31,0.026125755885633595,0.00882372023616429,0.013573426096446184,0.0029105302986203174,0.038863576379724485,0.009032943676939409,0.005924596050269404,-0.005170125061133346,0.018011087227062017
2022-02-01,-0.000972651333104424,-0.007138722747443649,0.017160161507402405,-0.008183876022984538,0.010830795562048134,0.06411269088994209,0.0008328871437919272,-0.0047053866142284795,0.006756906936942864
2022-02-02,0.007044270087623872,0.015222179038735462,-0.00800529275554096,0.011060393258427004,-0.0038427577905134624,-0.0025980452802176757,0.0036259882303988356,0.003386960203217493,0.009714096478640188
2022-02-03,-0.01671974522292996,-0.03895233841638479,-0.008269974656529344,-5.788041905430141e-05,-0.07812764544775519,-0.011659637806995748,-0.001421464108031345,-0.007805907172995674,-0.023504974308516502
2022-02-04,-0.0029496818970504712,0.015568464730290499,0.02595830531271015,-0.006540865941190077,0.13535908617852233,0.021711847389558114,0.0015421115065243907,-0.014742363030689765,0.004702194357366629
2022-02-07,-0.004234584372643346,-0.016310387657710645,0.0033429470372312586,-0.0033210977101905126,0.0018777019719042887,0.012037833190025937,0.007402582020608728,0.000647435436299526,-0.003209271227991972
2022-02-08,0.01846673657229414,0.011995348064462563,0.018814921277846786,0.002630655910206947,0.02202164807785456,-0.025852652020876277,0.0030568455705131115,-0.00668583752695906,0.008227876402987055
2022-02-09,0.008293771091917757,0.021834778040451752,0.004168002564924667,-0.00011661127631035217,-0.0013877401828222835,-0.015698978320458523,0.003399167789954971,0.0018817398856483258,0.014636093493591185
2022-02-10,-0.02359882005899705,-0.028373124256932614,-0.0041507024265645676,-0.0120706746749083,-0.013561057016741151,-0.009620253164557058,-0.0037965072133637756,-0.015892508849237985,-0.017965642348210076
2022-02-11,-0.020218452242621532,-0.02427409220186516,-0.013016992625841661,-0.010093259355447914,-0.035911765519774486,0.025178936605317004,0.019054878048780477,0.014827864640681199,-0.019718686014421838
2022-02-14,0.0014231499051233776,-0.00013557483731030384,-0.009290540540540349,-0.012581241428656686,0.012221653233829288,-0.015334746290986079,0.005350670272136204,-0.012441229656419472,-0.003269309358398087
2022-02-15,0.023152534343912734,0.018542372881356073,0.014623909764574616,0.010326086956521818,0.008658413193527004,-0.012534818941504322,-0.009499828316355763,-0.011352816230865148,0.01612682793494602
2022-02-16,-0.0013889692690548516,-0.003228275701401273,0.0018097207859359976,-0.0005976929053851388,0.0101590628104824,0.00461597640723177,0.0102842616131269,0.005926803970958794,0.00112082492714638
2022-02-17,-0.02126919733410615,-0.029282136894824617,-0.02303225806451603,-0.006100113629567638,-0.02180891268528562,-0.0015315890236118346,0.013668077318997884,0.007438503461481671,-0.021361397223466194
2022-02-18,-0.009355755566082369,-0.009630929040690739,0.004688635012877196,-0.01702870208797147,-0.013261990591810768,-0.011121053304358974,-0.0007334273624823862,0.01052708531325397,-0.006475083512561208
2022-02-22,-0.01781231320980281,-0.0007293439377625832,-0.0017746812146706148,-0.013589618021547678,-0.015753449343551607,-0.011633919338159382,0.0020889792231255644,0.0026043550604066823,-0.010731639914331126
2022-02-23,-0.025864167478091504,-0.02589322952870865,-0.02093896095344705,0.000496462703239553,-0.035756254265217446,0.004054407533350846,0.004507296185700449,-0.013781658128292018,-0.017738668901459587
2022-02-24,0.01668020241144519,0.05109358832554323,-0.027843163629026724,-0.019104329487656724,0.04509518252811984,-0.012635143936433502,-0.006450165460766155,0.0006584723441616092,0.015049176442706536
2022-02-25,0.012965466388103586,0.009233171526528583,0.023659633344863318,0.04970279499177943,0.01605795531124876,0.026912928759894594,-0.003330698882239913,0.0007311544929442526,0.022063973850104945
2022-02-28,0.0016378525932667642,0.004977969123137527,-0.04169764141380006,-0.008614457831325306,-0.0014662994957360675,0.007451181911613647,0.01036533559898034,0.02191860889895514,-0.002558537978298081
2022-03-01,-0.011627906976744318,-0.012851835737474615,-0.03772919605077585,-0.0034635717323934223,-0.01576551643299484,0.009563886763580776,0.01816347124117068,0.010223779223564877,-0.015230286512607827
2022-03-02,0.020588235294117796,0.017765723003899003,0.02074019787467951,0.012439024390243913,0.006024136242738676,0.01717822407477576,-0.010406342913776068,-0.03418259023354575,0.018396204474626643
2022-03-03,-0.001981268011527426,-0.014224324594423465,-0.007107983917288951,0.014695254155625115,-0.027319511352986603,0.006333043586241205,0.005953374506203923,0.010185388730123979,-0.004978419237708143
2022-03-04,-0.01840822956145105,-0.0204785077047851,-0.028129293513630693,0.005935422602089346,-0.015263846489315447,0.03763573543928911,0.015929203539823078,0.017263890903815415,-0.008124670078721974
2022-03-07,-0.023717595146166448,-0.03777685779341744,-0.038616071428571375,0.016108095350483964,-0.05622043243317465,0.036032821976453855,0.014862804878048808,-0.007629777524244319,-0.029479140153180428
2022-03-08,-0.01167608286252364,-0.010971281058405946,-0.007042798545004225,-0.02026595435805123,-0.01046539544426095,0.007575757575757569,0.027359047261412917,-0.010059639290076694,-0.00758171804591945
2022-03-09,0.03499745934959342,0.045858256298712874,0.04006235385814483,0.003793266951161778,0.024001117527910676,-0.05684666210981992,-0.029711242232781543,-0.009798940262756961,0.026810810810810937
2022-03-10,-0.027186253451979003,-0.010086655112651721,-0.01184052757793752,0.0017713745866791974,0.054125173213477984,0.031042396424688867,0.0031213001829728526,-0.01436739481014504,-0.00451557052946816
2022-03-11,-0.023908655059298622,-0.019328407857417962,-0.022523888973153494,-0.001827183779323338,-0.008806852044204616,-0.005154639175257714,-0.0070278969957081605,0.0033467202141899133,-0.01271505123625083
2022-03-14,-0.026562399017643568,-0.012961045452922426,0.00993094887113033,0.013817537643932676,-0.025229428721624036,-0.03579839849269906,-0.015073747906423907,-0.023348899266177447,-0.007308305758564004
2022-03-15,0.0296773336874252,0.03874258428592081,0.017746024429592167,0.025918807152425893,0.03886770107082671,-0.0569125549584758,-0.01870543060888663,-0.0017455980570734164,0.021990407673860846
2022-03-16,0.02901541040686051,0.025213303151663036,0.04468599033816445,-0.00919722947655266,0.038933543240831536,-0.0037555037555035975,0.006260830678070262,0.00980764844522164,0.022174249712556104
2022-03-17,0.006454038473588497,0.002819389245558801,0.01264450867052025,0.013064405225762021,0.027007785557529473,0.02664760171584546,0.004888617299039,-0.00745369673241969,0.012510903998898204
2022-03-18,0.020918939110945,0.017647855836325332,-0.00035676061362832634,-0.011085972850678805,0.025512118494775304,-0.0039250443150165015,-0.008789872298081591,0.01221269817188797,0.007821887682227358
2022-03-21,0.00853762653982204,-0.004227274240255596,-0.0032119914346894207,0.005662319835278096,0.0014945690090883978,0.044870980043218545,0.007640825432236431,-0.023156474820143935,-0.00029245028345181723
2022-03-22,0.020800580481315833,0.016379195079555986,0.021267454350161197,-0.0047204686344765046,0.021038878207212175,-0.004379562043795637,-0.007250788730835067,-0.012811660912926626,0.01170143342559471
2022-03-23,0.008233621608814135,-0.015029928303624263,-0.01991305567241619,-0.0037714285714285367,-0.008982400898543519,0.01576246334310838,0.013659678858162216,0.02191482747901774,-0.01287840032029175
2022-03-24,0.022677868515363242,0.015392834485291607,0.006510230361997493,0.005162326488470814,0.0014778958190542202,0.0030073379044870396,0.0072603267147022255,-0.007832699619771843,0.015074357818837258
2022-03-25,0.0037341299477222645,-0.0013811246300559077,0.0087426256308194,0.009586852316822547,0.006868337514016387,0.02182777644519085,-0.004095451318735344,-0.013872920978002634,0.004883571222446648
2022-03-28,0.005036630036630019,0.023116438356164393,-0.007398534385569255,0.005143567714221309,0.025592707565233352,-0.028051643192488318,-0.018203750411229236,0.008549665785791971,0.007113035410545976
2022-03-29,0.01913439635535319,0.01515931766977796,0.002200610491942978,-0.000506101332733544,0.0019202262849093987,-0.005313367950730563,0.00044677761644140723,0.007552404438964322,0.012370862670263882
2022-03-30,-0.006649530621367861,-0.004914238610063126,-0.004533220002833405,0.010408461798132151,-0.017801139887192563,0.01711788272429282,0.008038405716199737,0.007801743919228832,-0.006174845628859282
2022-03-31,-0.01777577769027394,-0.01768304339514437,-0.030027038565532904,-0.01314104348794487,-0.019864582894871252,-0.014203867271425086,0.00038763982722334056,0.0024286581663632845,-0.015391323304992377
2022-04-01,-0.001718114655518077,0.0036002724530506125,-0.007409037558685383,0.00541669017660662,0.0034509731744352123,0.006417241796827788,-0.006365900913368416,0.0022713506965474917,0.0028341156673457046
2022-04-04,0.023693419769376334,0.017936784952491847,0.0044342620648880615,-0.009652617992030987,0.029264490095377793,0.00048123195380167516,0.004846796657381747,-0.006949690285541488,0.008566634284200347
2022-04-05,-0.0189419412687738,-0.012985363685430462,-0.018909572511220607,0.006460021533405191,-0.025492065472106584,-0.005170755170755048,-0.006264899927925893,-0.022592423550889973,-0.012631348511383589
2022-04-06,-0.01845081686278982,-0.0366057642820381,-0.013874306284685778,0.026012048871121962,-0.03230014324464359,0.011120512510576663,0.002343226958268163,-0.008094015098451313,-0.009999334855774533
2022-04-07,0.0018041087120990174,0.006243739565943152,-0.0030420564301467667,-0.00257915820666188,-0.006119453752928994,0.01673640167363999,0.0037849270844929617,-0.007532365633581839,0.0050389680193496655
2022-04-08,-0.011908911351225626,-0.014599993363639263,0.018308032649325012,0.001980633802816989,-0.021066708073353313,0.02104644326866567,0.006265942109348943,-0.010830895722982015,-0.0026739755331238735
2022-04-11,-0.02551590334528786,-0.039431592416742545,-0.0036706869428422273,-0.012519218097957419,-0.02161394013356155,-0.034431137724550975,0.004959497437593052,-0.015824808184143224,-0.01709229841142168
2022-04-12,0.011523378582201982,-0.011217836359812106,-0.010977443609022641,0.0003336298932383741,-0.0022134434430461924,0.020870602265951055,0.007676701211822179,-0.0013805424719831594,-0.0037052191307510585
2022-04-13,0.016342598115233198,0.019712117989080236,-0.03223354112817389,0.004224569205113937,0.031524496393931845,0.01413551401869162,0.0047885944387005,0.0020330161828088222,0.011453603778320165
2022-04-14,-0.029988262910798147,-0.027084347402823283,-0.009269442262372252,-0.004206797298793252,-0.024652663927838936,0.011749798410321421,-0.0033035472515571263,-0.02004544716766754,-0.012451783176558151
2022-04-18,-0.0013309940105269424,0.0024657827966980683,0.018553758325404512,-0.012451361867704347,0.007109121889965042,0.008197654559945367,0.0030971527928711495,-0.004968944099378869,0.0004111560337147768
2022-04-19,0.014115223844429758,0.017039783259660712,0.020706834812392882,0.03050771135877528,0.03488889616127233,-0.00892151326933932,-0.015112940794106633,-0.0074906367041198685,0.016142658172934254
2022-04-20,-0.0010155316606930143,0.0037153873116018143,0.003508236729713232,0.004424295389993338,-0.026041090215696783,0.002278942570647091,0.004894951050489649,0.020125786163522008,-0.0007415063814489864
2022-04-21,-0.004843628535549871,-0.0193811984914094,-0.007751937984496249,-0.0028821578117351754,-0.03702645488902456,-0.010572987721691574,-0.003557550216189642,-0.007398273736128336,-0.01495356524476621
2022-04-22,-0.027821175339502457,-0.024144439300594844,-0.028722426470588203,-0.009925828970331674,-0.026608944273614932,-0.021831552338274274,-0.009722069647369103,-0.006293995859213308,-0.027439163584896953
2022-04-25,0.006737128376290258,0.024413385395759768,-0.00031543253686627803,0.024622672689214475,0.011943193626602122,-0.033713144602372735,-0.0179710466470685,0.010000833402783682,0.005797577692235434
2022-04-26,-0.037328094302553905,-0.037403818751781115,-0.02958113118245642,-0.007150153217568844,-0.045750783849281995,0.0003646973012398913,0.0015249929398473139,0.010066837197788558,-0.028960817717206044
2022-04-27,-0.0014668367346939437,0.04810894826437706,-0.013006015282067906,-0.013970110461338558,-0.0087810547309366,0.028557540405881543,-0.007556959169862432,-0.01282574953026705,0.0028118240807497585
2022-04-28,0.04515552149198432,0.022632582444742422,0.0158128809092406,0.007468423942888602,0.046534266503578836,0.030245746691871522,0.005398340720536465,0.001489572989076482,0.02525942435353623
2022-04-29,-0.036604742116841726,-0.041811966992369665,-0.03226852602562025,-0.016352338384388987,-0.14049441030730347,-0.022362385321100908,-0.00011303905499360223,-0.012973062303751393,-0.03695565788550992
2022-05-02,0.001966381224230984,0.025043240126837896,0.009132037533511994,-0.010085337470907785,0.0017581055909368093,0.013607038123167214,-0.01854050081962577,-0.01900376726663877,0.006019417475728206
2022-05-03,0.009622689288427244,-0.009456181671178121,0.021419676214196715,-0.001959247648902762,-0.0019799196787148032,0.020599467654206727,0.002649311754881145,0.006741764806280859,0.004584057131827857
2022-05-04,0.04100827689992492,0.02910071687131821,0.03308136226936509,0.010712883504403026,0.01348050557931968,0.0398004308878559,0.009822505600551423,0.005509875392048835,0.030452951630721925
2022-05-05,-0.05571617877364177,-0.043554727912269775,-0.02501966955153412,-0.019089900110987768,-0.07561036619986738,-0.015158124318429667,-0.0038111490329921782,-0.027398415107064533,-0.035542814524775035
2022-05-06,0.00325317343879572,-0.009446547683432449,-0.0016139444803099368,-0.0022063815342836524,-0.014041251814753464,0.01528069981175939,0.0016559127505282323,-0.014735199791973685,-0.005968922935646881
2022-05-09,-0.033189216683621514,-0.036945364539730075,-0.015033947623666388,0.005443102568464031,-0.0521335685813239,-0.07885265568764321,-0.014479534830691976,0.008797395970792543,-0.032017309281859196
2022-05-10,0.016112061028541236,0.018595509864691273,-0.024372230428360453,-0.0013534088986635329,0.0006434474073664376,0.00663035756571162,-0.008445164275798334,0.009069503793494249,0.002310570861692174
2022-05-11,-0.05184130476991777,-0.033209647495361705,-0.006308352258390104,-0.005420972386921963,-0.03203226191679143,0.02081863091037417,0.008167075020417691,0.019272318727854065,-0.015886140970708285
2022-05-12,-0.02689419795221837,-0.019957781615812742,-0.0008464533604197744,0.009879066598535324,0.01479045666780543,-0.005645811729461991,-0.015333873394283049,-0.0018653552653892236,-0.0010439210693826695
2022-05-13,0.03191638608305292,0.02259643626395147,0.008895289732294032,-0.005734525215044806,0.05727552008080017,0.02966396292004636,-0.008109537521302168,-0.014780835881753274,0.023907835041035996
2022-05-16,-0.010672286044456691,0.001455269607843146,-0.006969518851288936,0.006955046649703256,-0.019853168811640343,0.02352014404681535,0.0095384797677589,-0.0010346611484739476,-0.004057552524146302
2022-05-17,0.025422564243507084,0.020344168260038265,0.033147302553695246,0.004155435759209292,0.04113328610555844,0.012754260582737764,-0.006279342723004677,-0.012083549110996072,0.02057037166637521
2022-05-18,-0.05641919056553213,-0.04774754516153201,-0.0171059093141267,-0.018566155910971882,-0.07156199482527725,-0.015850613397025204,0.0005315065257187612,0.021317490826489705,-0.04031152037617547
2022-05-19,-0.024641386166737722,-0.003699622166246974,-0.014822216670830168,-0.008888888888888946,0.0019278795658770331,0.00540540540540535,0.01469720221933657,0.0023952095808383866,-0.006124636349716828
2022-05-20,0.00174736075718962,-0.0022912222485580447,-0.008198799763333597,0.017477291019891927,0.002534499948750879,0.007899934167215239,0.000698039671921391,0.011350059737156526,0.00043650182303700547
2022-05-23,0.040119194708917894,0.03203199239784604,0.0618714845747399,0.013899875692168662,-0.00031601156230531835,0.022098846070106593,0.004650351682845999,-0.016454307653362643,0.018710058260400952
2022-05-24,-0.01921598770176791,-0.003951659313255251,0.014125200642054692,0.010922871154703584,-0.03214109727865233,0.00543188838001929,0.007521842272753432,0.019732326698695957,-0.007633780106822585
2022-05-25,0.0011399259048161525,0.011170171789538497,0.006964229186451343,-0.009812568908489583,0.025696445725264194,0.020127118644067687,-0.0060299776029402175,0.003954231869426117,0.008834953921145638
2022-05-26,0.023199544548818674,0.01287520950784704,0.017290160326941306,-0.0008907694020710011,0.04029501287754611,0.0035306334371756343,-0.0018488560203375748,-0.0045252660688845925,0.019981377557440227
2022-05-27,0.04075671164278738,0.027604362542309246,0.014137824474660166,0.009082803967457975,0.036632081204564404,0.009830298013244976,0.0005209539245196737,0.002441282936274103,0.024549110557351206
2022-05-31,-0.00534616412723854,-0.0050139071878202435,0.0073131713262739595,-0.008614501076812608,0.043970072907122626,-0.01629265293575166,-0.00989297078391671,-0.021162243869667363,-0.0056109425420218795
2022-06-01,-0.000873421123353868,0.002023025710817805,-0.017545186417605607,-0.010137581462708156,0.012266085459135878,0.019166666666666776,0.006369054575201538,-0.002916952642415982,-0.008088538008863555
2022-06-02,0.01681124335955886,0.007928933264811588,0.01608806096528359,-0.003151201395532044,0.03145031392787878,-0.001737530662305864,0.01230912152354402,0.0005162622612286949,0.01904343367757999
2022-06-03,-0.038555651081277786,-0.01660718187777699,-0.013939393939393918,-0.004120801580581479,-0.02518504354200035,0.014538752943585642,-0.010151993117292646,-0.002149982800137562,-0.016411509619300824
2022-06-06,0.005227679185582534,-0.0047033553070142675,-0.003303626306084828,-0.00011336583153831459,0.019942787086228098,-0.002522958926228669,-0.004403754780391789,-0.018443505989830244,0.0030447703025284767
2022-06-07,0.0175858765567265,0.013953488372093092,0.002620827873275333,0.010997732426303752,-0.01434409808478243,0.045831647106434614,0.006518449540216631,0.01079989463517439,0.00959226790354295
2022-06-08,-0.005043373007867613,-0.007669724770642095,-0.015914507572845293,-0.005943703039138715,-0.014796747967479651,0.011802263712876071,-0.0009251763617439401,-0.00886031966643508,-0.01087217972771437
2022-06-09,-0.03595566369289016,-0.02078325505713552,-0.021015624999999982,-0.020137635379061325,-0.041508499752434425,-0.021608184338846925,-0.0031832388007871915,0.003330411919369114,-0.023782889937259966
2022-06-10,-0.038628715647784584,-0.044563616450772336,-0.04596600430931297,-0.006677796327211993,-0.05596211795092554,-0.018274210886348174,0.013412297509144855,-0.006201956673654863,-0.02899561578318055
2022-06-13,-0.038284839203675314,-0.042412743586703106,-0.029778335424508584,-0.010084033613445453,-0.05453716370269046,-0.04588891100935699,-0.026412283717199392,-0.03137909818053963,-0.037968188814776815
2022-06-14,0.0066727327873823405,0.009204986378271274,-0.016639365462539857,-0.015338680405128535,-0.013118549242789657,0.002608242044861653,-0.00800329547460732,-0.012613430127041747,-0.0030133333333333123
2022-06-15,0.02011147936125357,0.029735367499693188,0.01183587585481316,0.010702182056008258,0.05238979571889346,-0.01259105098855351,0.01305095805896661,0.01865637349508309,0.01425629229411296
2022-06-16,-0.03965148046961531,-0.026970130282809035,-0.017156225630361233,0.0005294429084063967,-0.03724342899600641,-0.03688481399515231,0.011243192598231477,0.007939372067845563,-0.03309599156118148
2022-06-17,0.011533138551437894,0.010940115116136795,-0.0035264039495724875,-0.0036453433678269587,0.024696121937102022,-0.05766495240179448,-0.008222827031096114,0.0032223415682062218,-0.0021546433928814057
2022-06-21,0.03276071754332621,0.024591156874621545,0.02477218437582951,0.02094889649474796,0.023159480323856174,0.06223873664653978,-0.0037367898639575348,-0.016952177016416714,0.02517356365822976
2022-06-22,-0.0038271877529992837,-0.0024040356270198515,-0.0056116722783389195,0.015779434714756402,0.002484357747515542,-0.039571491036292095,0.003985231202016104,0.027500453802867808,-0.0018129949076172158
2022-06-23,0.021573697820465476,0.022636589894520665,-0.01093939920125031,0.022305678843746346,0.03203304268012852,-0.03016162076030049,-0.0061292393905785225,0.008214822012189815,0.009802612249258935
2022-06-24,0.024517248860924212,0.03414973344665051,0.029845505617977386,0.01463876210620052,0.03575240128068291,0.01983335289285315,-0.0009984729237635381,-0.013842649377956873,0.03179389514891806
2022-06-27,0.0,-0.010496824803884919,-0.008012274122059293,-0.0009325799550166103,-0.02782071097372485,0.024510932105868743,-0.0011170556764066308,-0.008528784648187737,-0.003819729286300255
2022-06-28,-0.029789637159395754,-0.03174902789837275,-0.004811823337343202,-0.028442784976938307,-0.05140434552199247,0.027743457261597104,-0.001648028251912903,0.00465949820788536,-0.0204328469595203
2022-06-29,0.013023864959254894,0.014737991266375428,-0.00448972543602133,0.0002825816661016223,0.014152700186219613,-0.036939890710382506,-0.000766419054356815,0.015608276846236224,-0.0008143964271640769
2022-06-30,-0.018027723910076787,-0.013179128563743925,-0.023330442324371203,0.0029380190971239895,-0.024880646345942004,-0.02814344076259645,-0.00607705469349229,0.008781944322473034,-0.00812430982804857
2022-07-01,0.01616442363955528,0.010707471868551144,0.012787496669922627,0.011323305729254773,0.0315412861312494,0.02230266230733302,-0.0008310578178797323,0.008270218507878457,0.010576540755467212
2022-07-05,0.018930396602605537,0.012597272517143265,-0.012538360368259505,-0.0076871657754011835,0.035962029937933515,-0.03129640205596795,-0.021209600760456193,0.007857019513037633,0.0018885741265344258
2022-07-06,0.009607233681830918,0.012782956058588368,-0.0064819747824542695,0.0008981699786685393,0.007312775330396537,-0.01804032543332157,-0.015842185128983388,-0.016790884948171048,0.0033773169965440886
2022-07-07,0.023999440246291748,0.008226588032004711,0.025292698185718,0.001121704991587258,0.017493221376716495,0.03194044188280487,0.0005550758603676265,-0.008800209113879909,0.014977168949771746
2022-07-08,0.004714724974376416,-0.002757078986587058,-0.003138075313807498,-0.001232492997198853,-0.006791025530817452,0.0016290435187340524,0.00043148616162258513,-0.011075949367088667,-0.0008226432556106555
2022-07-11,-0.014757889009793135,-0.0117686617350371,-0.013116474291710367,0.0003926407897689721,-0.03280249264324053,-0.005111524163568748,-0.005360443622920541,0.017244444444444396,-0.011423572696632078
2022-07-12,0.006833712984054774,-0.04098143737476845,0.0009746588693957392,-0.01401738155312593,-0.022639821029082796,-0.013311536665109758,-0.0037167812674223644,0.005941978329255582,-0.008848866564297508
2022-07-13,-0.002536679007267284,-0.0037450230614577418,-0.009383022041249856,-0.002331532556155813,0.01080388207288041,0.004023668639053346,0.004787663993035984,0.011466296038915802,-0.005251687104482317
2022-07-14,0.020482507388823956,0.005381449825894391,-0.03493879009918677,0.001367989056087593,0.002083333333333215,-0.020037718057520082,-0.014047029702970226,-0.00815870834764687,-0.002428529947469782
2022-07-15,0.011450124604297063,0.010390428211586977,0.04583333333333339,0.014515027322404173,0.02639428726385251,0.016839066634592337,-0.002008410217787082,0.005628192917135788,0.019105077928607272
2022-07-18,-0.020643270959579074,-0.00962137737612978,-0.010270030987162393,-0.022442910845536623,0.001849405548216776,0.018452803406671325,0.0009433368970506173,-0.010418460478732516,-0.008256952197959189
2022-07-19,0.02672196913034619,0.02076696165191727,0.02477860273727517,-0.014578430809848997,0.03911744022503516,0.025203252032520274,0.002387534556421267,-0.005394588010093182,0.02701924335646022
2022-07-20,0.013509933774834337,0.010557546333757273,-0.00017458100558653822,-0.005707962024579127,0.038575416631418724,0.01098901098901095,-0.009402030838661202,0.0026244423060099997,0.006373161342952516
2022-07-21,0.015094093047569368,0.009799062035307005,0.006809848088004111,0.0035147325874289592,0.015150281013276867,-0.016696548632900043,0.014110351809668575,0.01727597940842851,0.010183144615852457
2022-07-22,-0.00811071773414862,-0.016915873735085185,-0.004856052722858051,0.00472827038701773,-0.017732488164968307,-0.007635327635327704,0.002495788357147255,0.016811047259627676,-0.00927806615010418
2022-07-25,-0.007398273736128336,-0.005876478721769995,0.004008365284071003,0.0019753660237045167,-0.010455807874530265,0.03330271015158481,-0.002738532395593407,-0.009784900885702164,0.001214913057784317
2022-07-26,-0.008826413860738791,-0.026774330641733846,-0.015622287797257384,0.007074104140090354,-0.05225359088657755,-0.0038897532785063804,-0.001185795419085034,0.0007666751852799525,-0.011831028642212527
2022-07-27,0.03423482849604231,0.0668519253672093,0.016046552636219236,-0.002763703362505865,0.05365386290392826,0.021644538658931234,0.010184953761559479,-0.005617977528090012,0.02596638440481991
2022-07-28,0.0035716563556349445,0.02854059685941812,-0.003731343283582045,0.005773672055427337,0.0108291311895512,0.011685049688762827,0.012185315766685134,0.007960965588084346,0.012542389786554864
2022-07-29,0.032793136320305116,0.015665135125357166,0.0047905234735650115,0.0018369690011481588,0.10361465489041533,0.04630829015544058,0.0028110486433634563,-0.0027176220806793827,0.014578767207624299
2022-08-01,-0.006153467478924424,-0.009724300064116287,-0.00996879334257983,-0.0034953013981205983,0.003260466839570153,-0.025275972351181286,0.005667276051188441,0.02222600698288346,-0.0029612369232263624
2022-08-02,-0.009287350628444102,-0.011474407395417385,-0.015585325277996609,-0.005692599620493399,-0.009084865942831755,-0.004339542760372628,-0.005938314245894638,-0.021159613462179316,-0.006597365922535681
2022-08-03,0.03824760952440465,0.027836402008587502,0.010495419372053671,0.009657645153828387,0.03995229576624926,-0.03242266397363658,0.0024382810118865894,0.01574468085106373,0.015659461843846367
2022-08-04,-0.0019262023716366539,0.0041774347718339655,-0.011002552592201398,-0.016037573744200784,0.021860665137614532,-0.04207866402988347,0.016539981757373035,-0.00033514872224538195,-0.0006755941609360994
2022-08-05,-0.0027742596948314713,-0.0026088489335447385,0.03025987896048421,-0.003958321206123605,-0.012414954057655803,0.014451198531941767,-0.011246036968355577,-0.023803537004442266,-0.0016901272424366676
2022-08-08,-0.002902933172059252,-0.009154854900851994,-0.012180373185901927,-0.005318216352054428,-0.009872159090909216,0.005652911249293346,0.008469961885171573,0.016141495664119487,-0.0011609064744722009
2022-08-09,0.0003032692424334016,0.007063356164383583,0.009007433318758196,-0.00011750881316086037,-0.0113334767950648,0.018437324339516614,0.0030595716599675082,-0.0038867765103506313,-0.00397104046102803
2022-08-10,0.026194518554450763,0.024300389656394028,0.02608771017507361,0.002879304266071081,0.03526082855691781,0.009493321558670997,-0.00251196172248791,-0.006531512426838582,0.021004011182691018
2022-08-11,-0.004431576459465902,-0.007400746991285234,0.014781653855900023,-0.020683189781449562,-0.01436680916672517,0.019026790595954024,-0.002638206019906497,-0.023309426229508268,0.0
2022-08-12,0.021425603893405976,0.017037140268970852,0.016564008656567264,-0.011008735192054364,0.020691126279863692,0.008691919733877063,0.00919802813514492,0.010140746568755965,0.01692897449939279
2022-08-15,0.006333527019174889,0.005344112911513932,0.0027020388111029803,0.004779189352692059,-0.0025774991292233373,-0.017872340425531985,-0.01286709954131171,-0.0008654262224144782,0.004120814797471395
2022-08-16,-0.0009238408684103527,-0.002589702524960158,0.009554140127388644,0.008910831476909964,0.011174745076127923,-0.00931542461005197,-0.0017500452597912775,0.004157644001732352,0.0019586811546892235
2022-08-17,0.008784603825926274,-0.004748727409381259,-0.008412197686645584,5.967655308247721e-05,-0.018510844039231977,0.008090968729499437,-0.006468383508644648,-0.010437332873285632,-0.007097975331626705
2022-08-18,-0.0022916069894013402,-0.003947549086914637,-0.007749408597764962,-0.004833512352309333,0.0014074595355384467,0.023644251626897983,-0.0026163675083663573,0.0014818688981868,0.0029063635298254287
2022-08-19,-0.01510192362905538,-0.013853947685839474,-0.02474514962183494,0.01523055705462606,-0.028601546029515257,-0.0031786395422759295,-0.007320644216690986,-0.016102358777961512,-0.013438033139358208
2022-08-22,-0.023029384328358327,-0.029355233269264258,-0.01652195903228515,-0.010158880160652028,-0.03624394125732466,-0.0007440476190475609,-0.006637168141592986,-0.0033616418966738726,-0.020822475955843966
2022-08-23,-0.002029002804798008,-0.004716471647164711,-0.009856861232536263,-0.008711736977146667,0.003002552169343975,0.04244229337304528,0.006990843850532169,-0.005503284218000948,-0.0024192572880126217
2022-08-24,0.0017939364946482073,-0.0023513239762695815,0.002423822714681556,-0.003310660326250381,0.0013471037269869868,0.0059183673469387355,0.00294894636603793,-0.007318814709032506,0.0032011640596580904
2022-08-25,0.014922700411866607,0.011095398672903212,0.023747841105353995,0.009361033941297059,0.026008968609865457,0.005173463177114979,0.003062787136294043,0.013936342384463174,0.014117533299489837
2022-08-26,-0.037699229547726865,-0.038587053971669505,-0.03272880641079712,-0.017112427451684176,-0.04756701631701632,-0.012312039559995935,-0.012152671755725208,0.0075374656380242655,-0.03384901432623777
2022-08-29,-0.01369025791468037,-0.010668059233839178,-0.0024417894828638875,-0.007731174286236153,-0.00734225621414919,0.022989680188004513,0.0006181998021761448,-0.008273191339552843,-0.006612222743085594
2022-08-30,-0.015305490147477951,-0.008520906383139182,0.00017484045808191517,-0.0034969325153373365,-0.0081670390631019,-0.03805433479824216,-0.008340541208451846,0.002484913028043989,-0.01097782082805554
2022-08-31,-0.010634950600969084,-0.005704072707913399,-0.005943536404160454,-0.00671058302037808,-0.015225666122892778,-0.007475859204651658,-0.0077253753660206925,-0.009560906515580725,-0.007609050500991921
2022-09-01,0.004706780307848879,-0.004092247676597882,0.006858348720654162,0.024792363951902763,0.008282716731087714,-0.01799351396589599,-0.008790104853393599,-0.020378977475867033,0.0031378106179462684
2022-09-02,-0.01361104076981523,-0.016666666666666607,-0.006986289407038826,-0.015725172372081708,-0.0024252855578156263,0.018323212954085344,0.008804712738328835,0.005656934306569328,-0.01054437213056858
2022-09-06,-0.008215133816828146,-0.010973990470983352,0.000263829038782859,0.0027036991520215103,-0.010979531017175193,-0.006695261010565945,-0.005839507723219728,-0.02476864452912364,-0.0037732000815827726
2022-09-07,0.009253866563126989,0.01911154985192498,0.018990680499384682,0.005454099767128184,0.026722702402664167,-0.008530805687203769,0.010168635129160553,0.01581542469066899,0.01796499129900697
2022-09-08,-0.009617850730956667,0.0016660854740595532,0.023295944779982536,0.008045346498445793,0.002625888168056978,0.008179307414488912,-0.006002250844066581,-0.01025734957413682,0.006536276333651836
2022-09-09,0.01883982908196291,0.022976945690855732,0.004806070826306907,0.0019348207267670947,0.026575258049607253,0.016752713096617855,0.005283683482198986,0.002220782825946177,0.015535241520555632
2022-09-12,0.038507974836372805,0.008281025485895821,0.011831836871695867,-0.00042242471788078717,0.023861334133713274,0.011502590673575064,0.005068201726942778,-0.008217154464038368,0.010747663551401887
2022-09-13,-0.058679556996879434,-0.05497843615225939,-0.034748714546359194,-0.026020284955324602,-0.07057530230853792,-0.02335826247310724,-0.013011268131731368,0.002327313349469451,-0.04348249263936543
2022-09-14,0.00955538221528851,0.0009127346323265506,-0.002319786923275169,0.020640922333105882,0.013641381485570259,0.024546312808140236,-0.0038476094361044044,0.0034364261168384758,0.0038158229458153947
2022-09-15,-0.018929882171141554,-0.02711918166679883,0.015070616603513498,0.0025507105550832687,-0.01765849863866209,-0.029077505887171173,-0.01867916165389738,-0.0006479081821548771,-0.011353269133299593
2022-09-16,-0.010960162761698644,-0.002608199527263766,-0.006702299143123813,0.015265325902592553,-0.021777003484320545,-0.01708320151850684,0.005549103110078724,-0.008335648791330974,-0.011688711165795174
2022-09-19,0.02508294625082952,-0.0008989131323036137,0.009224461906388814,-0.007875894988066734,0.009147575487735704,-0.00010728462611298006,0.0007700205338809774,0.0023349210796674846,0.007754953833385203
2022-09-20,0.015665458311755698,-0.008465565188941704,-0.019719025050778605,-0.007878277604041362,-0.01981389379111187,-0.008154506437768272,-0.005706591433701003,-0.009970182631382718,-0.011478574186076562
2022-09-21,-0.020267686424474185,-0.014435966178593551,-0.028835362168695533,-0.010244286840031536,-0.029871511580325638,-0.016118563392470753,0.004643064422518828,0.016752941176470637,-0.01744382826941604
2022-09-22,-0.006375227686703067,0.008495501150868279,-0.011378789225709007,0.017760901518863337,-0.010376244305719595,-0.004178119846069417,-0.0005777007510110455,-0.025548458761455173,-0.00839979861681539
2022-09-23,-0.015123739688359339,-0.012698149224002031,-0.018613434043701083,0.0032494885064386914,-0.03009121132043302,-0.05321850502373848,-0.01727681438664097,0.004084734492258102,-0.01675485008818356
2022-09-26,0.002260187462607144,-0.0019754539340954835,-0.021531977276892045,-0.006118042226487597,0.01204078045350676,-0.020641399416909567,-0.01163322658649757,-0.019110690633869387,-0.009892648457670794
2022-09-27,0.006566293029117043,-0.004379869446199169,-0.008802322314823585,-0.004586602293301101,-0.0064264003473730735,0.020957370802571873,0.0020498578324406047,-0.0263310185185186,-0.002552770991737785
2022-09-28,-0.01265155508697935,0.019711518125290706,0.020217288615965945,0.008609191221050194,0.03146578096320263,0.03638908327501755,0.020786590999076093,0.033481921743437226,0.019676371842148654
2022-09-29,-0.04911906033101987,-0.014808976645787508,-0.01694601351977032,-0.0110002404424141,-0.027201084653842966,-0.002025658338960068,-0.00019393625961605654,-0.005175884213553084,-0.020888996842360785
2022-09-30,-0.030039303761931535,-0.01936842105263159,-0.015636774679728682,-0.007111165137057007,-0.015679442508710784,-0.015448804691023943,6.465795939480934e-05,-0.012910685037094138,-0.015463491275944818
2022-10-03,0.030752532561505008,0.033662516101331086,0.030909090909090997,-0.0009794319294810228,0.02548672566371679,0.0528003665101362,0.02430982090903222,0.013469985358711467,0.026401254269555974
2022-10-04,0.025623025623025653,0.03381241173049765,0.04678362573099415,0.014828431372549078,0.04496030376251303,0.03644473455178421,0.014328094426560467,-0.002793027063469067,0.030986607021085133
2022-10-05,0.002053388090349051,0.0012857602057216866,-0.02110490378646801,-0.0030793382441733907,-0.001156164836072393,0.040411462160176326,-0.005538270068450424,-0.009561522117056298,-0.0023282271079716477
2022-10-06,-0.006625683060109244,-0.009670947030497534,-0.020382281003714087,-0.01938101871479625,-0.005374121537825571,0.029661016949152463,-0.0011263375258119268,-0.005558264261335877,-0.010315839719960751
2022-10-07,-0.03671869627999724,-0.05085295190242711,-0.019974107638246696,-0.010561423012784954,-0.04771404821280134,-0.010092102684695292,-0.010962851594311873,-0.009707785840360916,-0.027893890675241062
2022-10-10,0.0023556285245198705,-0.02130293715846998,-0.009341385167012772,0.0013108614232211213,-0.007768854748603338,-0.02167672968425216,-0.015201418799087985,-0.015546093672640815,-0.007635271093470175
2022-10-11,-0.010254949437402017,-0.01675027262813522,-0.02885989141823031,0.014462938719531193,-0.012844198117357375,-0.008498583569405138,-0.0020581425263699327,0.004425668879501021,-0.006332981501027679
2022-10-12,-0.004604979133688181,0.0015083625393728095,0.01618281679089839,-0.0002458059362132614,0.006149184564655741,0.004387755102040813,0.005349316834235784,0.004906869617464338,-0.0032984849331917365
2022-10-13,0.03361283793552117,0.03760797342192701,0.05559308947012842,0.015120781855061827,-0.003277236492471247,0.0349486945037083,-0.0069235207385089925,-0.009566517189835477,0.026391070226609914
2022-10-14,-0.03224001678439059,-0.02424863387978149,0.016640760720489922,-0.004178019981834646,-0.050031102817026496,-0.026308039658388238,-0.012458847072493784,-0.008250326994667545,-0.022788753176489984
2022-10-17,0.029122705593293885,0.03924571228561424,0.042000179872290655,0.012951477562933134,0.06445275958840035,0.014416775884665833,0.002876192966400737,-0.004869635791822979,0.025696949361071475
2022-10-18,0.009409451583456185,0.004083694691196849,0.025720697393405878,-0.0034816015367069575,0.022585464452060666,0.0017889087656528524,0.002150958154086835,0.0023447854011620084,0.011749631972084451
2022-10-19,0.000765217391304418,-0.008469601677148941,-0.01960619320094248,-0.007951328233238963,-0.011086283946373343,0.02966269841269842,-0.013398373983739886,-0.018205858421480814,-0.007086465658933561
2022-10-20,-0.0032670652022801505,-0.0013954668470905762,-0.003261522616084589,0.0025502459165707148,0.0015642652298601956,0.001348877541188953,-0.0015821741710067005,-0.017093131668911243,-0.008385345997286242
2022-10-21,0.027059069670130498,0.02528054202837171,0.05252734004994419,0.021803646054145753,0.03531453362255954,0.01857019147503114,0.017827665896335443,-0.018022765598650903,0.024301469582113322
2022-10-24,0.014802743260677431,0.021187840740128916,0.00122719463306864,0.01345504119494989,0.004190412336573912,0.006990364632533552,-0.003243593902043429,-0.008264462809917328,0.012236501108765951
2022-10-25,0.019337571094011574,0.013791708796764501,0.0026148063409054956,-0.0015791320622293714,0.006509764646970506,-0.006754221388367676,0.00227790432801811,0.02911255411255409,0.0159685380209571
2022-10-26,-0.019627149796507926,-0.07715630734859968,0.011491442542787222,0.008786831468572398,-0.04096185737976776,0.011900264450321218,0.006363636363636349,0.014407403512461725,-0.0075340330458277815
2022-10-27,-0.030465349849347012,-0.01975618191250217,0.003948110547095318,0.0005806863712909394,-0.04063634791630644,0.0038267687138322515,-0.0015485869144404862,0.010470661414057725,-0.005340034553164674
2022-10-28,0.07555248618784538,0.040220507166482955,0.011878009630818642,0.014856943880215967,-0.06804253785147796,0.029288702928870425,-0.010210675972599281,-0.006873909921001342,0.023790725827675052
2022-10-31,-0.015410299216643164,-0.01585619197015309,-0.0015862944162436943,-0.00514668039114774,-0.009380137317474113,0.000993676603432636,-0.00816139984330111,-0.007128099173553726,-0.007223279008791383
2022-11-01,-0.017542715534107245,-0.017059406367121888,0.01803304734667943,-0.0050583433925389665,-0.0551542366263178,0.009926901904160124,0.010203409913764894,0.006867131411923744,-0.004375857694000618
2022-11-02,-0.037305011616329264,-0.035368365692246995,-0.009207959422551704,-0.015367727771679496,-0.048248786031614865,-0.02055222947010993,-0.0069725009774535,-0.00434018807481662,-0.025096223863518063
2022-11-03,-0.04240501965110666,-0.02657882780554288,0.0018114515239819884,0.0017015783606171286,-0.030612244897959218,0.013593650214396513,-0.0038060240173238835,-0.005396990140114077,-0.010296902926347884
2022-11-04,-0.0036002304147465525,0.033325554259043155,0.027358490566037785,0.004451733833177096,0.01881298992161251,0.0108910891089109,0.030696265068177242,-0.016800584368151905,0.014393143041966594
2022-11-07,0.0039022980199450163,0.029269614707078118,0.005280073461891632,0.008747375787263811,-0.004946142009232823,0.011842222420087145,-0.00396242091135679,-0.009976650392697906,0.009565563969708979
2022-11-08,0.004175064785488125,0.004388467108439098,0.0006089670396589586,0.004971673025783385,-0.0060753341433779084,0.0031678986272438703,0.023099133782483072,0.010934819897084003,0.005395446769311807
2022-11-09,-0.03318996415770603,-0.019050115786254262,-0.013008748573602014,-0.007995858260469446,-0.042676150255612444,-0.044736842105263075,-0.005017246785826157,0.0032873806998938715,-0.0206020942408377
2022-11-10,0.08897456810261728,0.08226805042091656,0.04115924156004325,0.011713540156567115,0.12177850011609004,0.014692378328741817,0.030444374409076547,0.03847373427756051,0.054954160318605894
2022-11-11,0.019268741063525496,0.01699728372705578,0.0016286644951140072,-0.02991918381383618,0.04305081237710873,0.031221719457013686,0.006606312698801187,-0.003664122137404524,0.009678481846512543
2022-11-14,-0.009485637942551639,-0.022500101169519615,-0.01027346637102744,0.015716395864106225,-0.022819724178986145,-0.005089951733216358,0.002187651920272149,-0.002451731535396795,-0.008506687410604452
2022-11-15,0.011869436201780381,0.0017387704409024263,-0.007243671122395656,0.002792158687685342,0.0045689917758149345,0.006703713504454312,0.0035168566577734595,0.016180235535074194,0.008529054464466501
2022-11-16,-0.008331111703545724,-0.0009918584948547249,0.001353994283135318,0.006206856546203454,-0.018394986860723606,-0.010689564531674356,-0.0022960725075528154,0.021868386576640253,-0.007628798715149765
2022-11-17,0.012971301834800775,-0.00020684234476475716,-0.004356971153846256,0.008071025020177647,-0.02337314662273482,0.0013284917190683476,-0.00726744186046524,-0.010552268244576002,-0.003059805285118178
2022-11-18,0.003781847133757843,-0.0019033432638199121,0.009808359740455908,0.007663273475923438,-0.007485503426462814,-0.008667963912966647,-0.006893606637384031,-0.0068773048938503,0.004540381493506329
2022-11-21,-0.02168021680216803,0.0034408423845453395,-0.005902570233114135,-0.0013053348467649828,-0.017845761631612556,-0.009903640256959334,-0.005590023957245505,0.004215174628663165,-0.0036360881751382745
2022-11-22,0.01466117154246338,0.012311505887213414,0.014956783164223886,0.004830368812865693,0.008003460956089281,0.028926736955934063,0.0011737089201877549,0.014191485108934643,0.013457006006234229
2022-11-23,0.005926221867092796,0.010406888952373183,0.010663507109004655,0.0010745390792896714,0.00997854077253213,-0.00499211770888075,0.006231875115690899,0.01744186046511631,0.0063015753938484576
2022-11-25,-0.019593565896604104,-0.0003635188625898955,0.0019050410316532318,0.0012993616179877154,-0.007648996069265945,-0.0035208168295044473,0.0008584743684081353,-0.003389830508474523,-0.00022364693603704744
2022-11-28,-0.02626426304773488,-0.0231524506040649,-0.017478426210326248,0.0005077860528097666,0.005780965635371116,-0.03003268262520975,-0.007903443205489524,0.002818270165208858,-0.015957050182685784
2022-11-29,-0.021148245735681637,-0.005914956982130959,0.016449572013397917,-0.006992612643094809,-0.01628525811601922,0.0066478462799381965,0.004940406348421966,-0.011725942436282555,-0.0017175620721880946
2022-11-30,0.04859389388680335,0.061623600882120266,0.011862917398945516,0.010846726105968596,0.044579095433888716,0.0072371992039079736,0.0127819086830947,0.007354383212394566,0.03150064519393769
2022-12-01,0.0018915084780111169,-0.0017637375558516855,-0.014039658416558076,0.004157303370786458,-0.01077273668945522,-0.004850008981498122,0.018384806747163474,0.029494792173659024,-0.0007358712715855864
2022-12-02,-0.003371316836356275,0.0012956928030154469,-0.00792718731650044,0.0007832606019917421,-0.014345549738219998,-0.008483754512635389,-0.003455672068636839,0.012575642965204192,-0.0011537139771220506
2022-12-05,-0.007983221703538379,-0.01890047839385156,-0.028040840485350604,-0.0005590339892664886,-0.03314564963348554,-0.027398507190970367,-0.017158914265215874,-0.014006910075637369,-0.017989235948981497
2022-12-06,-0.025369978858350906,-0.020303756994404454,0.0016746593590621917,-0.014990491106387727,-0.03032633776508087,-0.02779597566682268,0.0027373927854492663,0.012880007576475005,-0.014414775144523162
2022-12-07,-0.013784899587152788,-0.0030597258485639545,-0.0006839425488259776,0.006076093128903892,0.0023796033994334387,-0.002214093184443544,0.009039068187333132,0.02356241234221601,-0.0017012416524895269
2022-12-08,0.012132822477650018,0.012399230674796424,0.010494296577946649,0.00016932889315346422,0.021365588966764548,0.007428847081524248,0.000841700234473608,-0.0027404768429706294,0.007833960728456546
2022-12-09,-0.003434980722047065,-0.008003233629749418,-0.005418422636965681,-0.008239277652370092,-0.013945766463752007,-0.008427504309519218,0.0035441821349191382,-0.02601447284052394,-0.0074702200686453946
2022-12-12,0.01638998311761397,0.028889251079781575,0.015511501210653922,0.011949470809149876,0.016387922325737936,0.024628163028781014,-0.008260505207709823,0.003197592401015692,0.014417209113100071
2022-12-13,0.006782476295937423,0.017464654865154028,-0.0009686312495342797,0.007703553756185366,0.021424627277746966,0.010934112545951447,0.017081120231771996,0.009655948251617197,0.007569870911141807
2022-12-14,-0.015535849316010153,0.0011676786548342477,-0.004997016706444035,0.0030690251660061563,-0.00983890150286515,-0.007365967365967396,-0.0024330900243308973,0.004271123491179196,-0.006393511953628472
2022-12-15,-0.04685426995321562,-0.031918202317082756,-0.02481073382804888,-0.012627948375611875,-0.03417776807163131,-0.009581063310163396,-0.016359309934562805,0.0014792899408284654,-0.024461692538808144
2022-12-16,-0.014578754578754682,-0.01734870085538731,-0.0062259800153727785,-0.010254098822468971,-0.00667043527416622,-0.007018209408194198,0.008708799516177868,-0.01117060561299843,-0.01632317840002062
2022-12-19,-0.015909597799420028,-0.017328047733867424,0.005955603681645938,-0.0010815734046791814,-0.03346232642840885,0.004489016236867149,-0.002817914743090122,-0.01680515358043133,-0.008479661857176413
2022-12-20,-0.0005288207297725611,0.005614472863381348,0.004843918191603791,0.0010827444723044977,0.0031794630240224997,0.01445279071978689,0.016594516594516717,-0.0177570980913494,0.001368349034261529
2022-12-21,0.023809523809523725,0.010876757650951197,0.0112479914301018,0.011441908123185573,0.01854677779082059,0.01284094104414657,-0.0016560208185474323,0.0025135344160867046,0.014952436011983039
2022-12-22,-0.023772609819121437,-0.025528781246164534,-0.011349878934624691,-0.0036582620441243385,-0.03434366716607107,-0.02017397741995197,-0.012085308056872135,-0.00019286403085816417,-0.014266110866582027
2022-12-23,-0.002798154730393798,0.0022670976951173483,0.004745140058166175,0.002541942043721379,0.017424513665114993,0.026445032111824807,0.0029983209402735245,-0.014660493827160614,0.005752258877915528
2022-12-27,-0.013878355831943079,-0.007414233653080804,0.003503960999390765,-0.0002817218841558722,-0.02592375366568911,0.013894000736105916,0.008429989238311508,-0.019772905246671857,-0.003943485414327208
2022-12-28,-0.030685226486195427,-0.010254895340985892,0.005465310459996875,-0.004339739615623173,-0.014691714836223668,-0.0164261729739541,-0.004505839805537426,-0.005891751547833057,-0.012427897220765427
2022-12-29,0.02832434147889562,0.027629727540186666,0.005737581156575411,0.005094531869127117,0.028843803471034102,0.0075659715814726525,0.0055982371508545015,0.01135107985936723,0.01800031858970952
2022-12-30,0.0024689452974306914,-0.004937554458321225,0.006605614772556612,-0.005125028159495337,-0.002138275124732747,0.010073260073260037,0.004678708913236518,-0.011124354390147029,-0.002634049655747983
2023-01-03,-0.03740475640729635,-0.001000750562922148,0.0076062639821030675,0.008717803566374194,0.0216666666666665,-0.03436083408884849,0.00837066729544933,0.01908396946564883,-0.0042099207698140795
2023-01-04,0.010314224034540631,-0.04374321729693642,0.009325044404973282,0.010887255177058242,-0.00792356094150537,0.002910524833348971,0.009411902256518001,0.013699980287798175,0.007720182763510275
2023-01-05,-0.010604621715732843,-0.02963771278917504,-0.00755242704208825,-0.007383556320435192,-0.023725628376791152,0.02237408724957879,-0.012451497075345874,0.004180845892076013,-0.011413383364602847
2023-01-06,0.03679411294192936,0.01178534478880855,0.019135574436645708,0.008109619686800906,0.03561116458132818,0.012086805237615739,0.018707482993197244,0.018396591789310746,0.0229321524592756
2023-01-09,0.004088875173584361,0.009736362423865108,-0.004132231404958664,-0.025908460471567252,0.014869888475836479,-0.018637473988962316,0.0022451211789764614,0.005324206122836905,-0.0005668934240361523
2023-01-10,0.004456396465616574,0.007617118703768799,0.00895392006988427,-0.0023920719899761522,0.02873168498168499,0.014935005070526364,0.003676048248133279,-0.016550028371477232,0.007012839684422234
2023-01-11,0.0211122160177466,0.030238147258029313,0.0074314574314573445,-0.0015985384791048496,0.058083898965171965,0.011626850758470253,-0.0006867345770860123,0.016251562650254847,0.012647857033130316
2023-01-12,-0.0005992958274029236,0.011621495525300007,-0.0010026498603451506,-0.005032021957913968,0.0018929435271846096,0.01661129568106312,0.011567976176841022,0.019682059046177036,0.00364077669902918
2023-01-13,0.01011918147065427,0.0030187413525637474,0.025234783855473397,-0.0032758620689654627,0.029914978482208587,-0.0006182653241476599,0.012001811594202882,-0.009372680029695712,0.003879484079000406
2023-01-17,0.008756307509646843,0.0046816870793797705,-0.015453464792671734,-0.006169636164446657,-0.021096616388096234,-0.0019443216968625388,-0.006545088386663567,-0.006463700234192071,-0.0018318695106650518
2023-01-18,-0.005370016183610327,-0.0188891200332848,-0.030042613636363735,-0.015084706428405759,-0.006142634044768336,-0.020543699636943358,-0.0028717833211329147,0.024231567037525936,-0.01578801820147313
2023-01-19,0.0004437541601953754,-0.016453924769941897,-0.013326499231163469,-0.00135485391140433,-0.018646553530274335,0.006418949462073886,0.01586853399593391,-0.006259780907668211,-0.007279879434979208
2023-01-20,0.019220817624011177,0.035743543310481574,0.002448979591836764,-0.004659942193122157,0.038108454312553386,0.01823571685231773,-0.0033353716159875146,-0.01621120889300598,0.018629065459036642
2023-01-23,0.023500398926525,0.009824327699608837,0.016212614746816678,-0.0025482991584686587,0.0027763496143957678,-0.005205116894574258,0.0018963690110993525,-0.004708097928436961,0.011998585429928266
2023-01-24,0.010063071362766518,-0.0022260697501855775,0.008596197275442474,0.0,-0.012305168170631653,0.009311812699538846,0.0036185492401046293,0.014380321665089735,-0.0010733095374785284
2023-01-25,-0.00470076475128034,-0.005908114361262484,0.004839292163235864,0.0071297011466935345,0.008928571428571619,-0.005271944468851708,0.0046039494120257984,0.0024249207237456716,0.0003748125937033109
2023-01-26,0.014803327224023555,0.030713602925896533,0.006181713628522045,-0.0036576013214559833,0.020991973657131124,0.040190795866089646,-0.009055270277731897,-0.004652028284331977,0.010990383414512195
2023-01-27,0.01368435676576829,0.00064516129032266,0.0024289184169168365,-0.003907869027177435,0.030437411812134663,-0.01825747282608703,-0.001392990471945188,-0.0025238362310713303,0.002297714638665793
2023-01-30,-0.020078119646405823,-0.021961637653126975,-0.008480615735461772,-0.03703263389407352,-0.016529733959311455,-0.01773203010120228,-0.0025666778261355105,-0.003654765251616565,-0.012546834943798157
2023-01-31,0.00902097902097898,0.021012731243047256,0.00596564364263652,0.008765432098765347,0.025658876181004375,0.021574498062698177,0.0036361602148131666,0.00799473288186614,0.014703312613894681
2023-02-01,0.00790075542310631,0.019934627335458588,-0.002643612460703104,0.009178803084077813,0.019586929118588392,-0.010947332126540865,0.012596845214870811,0.009424279182607131,0.010627829167486613
2023-02-02,0.03706250429760005,0.04688427299703268,-0.004656494018196233,0.00375939849624074,0.0737993342843557,-0.03128812968450401,-0.020751912808939177,0.0012941393973007198,0.014556962025316311
2023-02-03,0.024399946956637164,-0.02362055933484508,0.015474305455592363,-0.00561797752808979,-0.08431494110353377,0.006927575348627979,-0.024957841483979726,-0.014955686853766581,-0.010629108882383886
2023-02-06,-0.017928802588996873,-0.006115734468744138,0.005882769863207793,-0.00759370633618861,-0.011703259502853225,-0.0016976411722658957,0.0020754064337598077,-0.007403936269915756,-0.006111313204801849
2023-02-07,0.019244710999802406,0.04202204307356783,0.01218996617812862,0.0002448579823701724,-0.0006850655705618047,0.028550971091023003,0.0009204924634680367,-0.008025682182985494,0.013078593563184748
2023-02-08,-0.017652764306498647,-0.003102107938406262,-0.007030978071702165,0.001285189718482238,-0.020174321809812934,-0.008701705534284732,0.0024715484538453403,0.004759185227489082,-0.010934752763794964
2023-02-09,-0.006911532385465935,-0.01165973081393179,-0.015563656758272537,-0.013507731801234657,-0.018090954522738678,0.0037745786516854007,-0.007912390344590348,-0.009473285335354298,-0.008669183002556924
2023-02-10,0.0009279512162787551,-0.001972536226386379,0.004415325452214791,0.004646840148698983,-0.006412866449511334,0.04215128989943162,0.001907183725365691,-0.011189747513389414,0.002333636296642183
2023-02-13,0.018806701542944282,0.03124287343215504,0.010847986386840702,0.0037002775208139216,0.019772564286446137,-0.011496181924981141,-0.005076142131979822,0.008414740303704482,0.011739045191647701
2023-02-14,-0.00422489437764062,0.0031328320802006537,0.004418881952724885,-0.004362519201228876,0.0016073940124572417,-0.01171477079796257,0.000753710575139177,-0.0023019374640322887,-0.0004602378703097987
2023-02-15,0.013903394255874835,-0.010471396553624612,0.0041899441340784715,-0.01647741298444816,0.014643931795386145,-0.003006356296169077,-0.009964660216673638,-0.009325129782734032,0.003247382706475399
2023-02-16,-0.010429408356402492,-0.02662260507945946,-0.013769123783032078,-0.007090418522934017,-0.02975484381178317,-0.0029292668217454354,-0.0008192404470711567,-0.014167879670063055,-0.013768781100536365
2023-02-17,-0.0075466788107474425,-0.015601754720579675,0.0029615004935834577,0.013586956521739024,-0.009679062659195159,-0.03845156830553875,0.002986822840409964,0.007776355940545265,-0.0024982854903496943
2023-02-21,-0.02667977712225511,-0.020886615515771534,-0.018349268841394872,-0.014901178377704216,-0.026954732510288126,-0.0009884974838245686,-0.003737008057923541,-0.019437390115256803,-0.020060894760104198
2023-02-22,0.002896012931034475,-0.004590968456880451,-0.00766310964692396,-0.00139240506329108,0.01279340241065774,-0.012953134838535552,-0.00562653850662298,0.009164259388385387,-0.0013781352577111328
2023-02-23,0.003290578201598393,0.012961711263965725,0.008010969976905313,-0.0003168969451134984,0.00031318509238942305,0.009204410826574305,-0.0005304727101261841,0.009771986970684043,0.005319415867917954
2023-02-24,-0.01800535475234266,-0.021784354515837823,0.009021264408964225,-0.011158308501870273,-0.024212064287205126,9.030160736855919e-05,-0.0071946688683139914,-0.013000977517106493,-0.010682374082763513
2023-02-27,0.008247563219957676,0.003771767915897506,0.008727737174483607,-0.00217990639225496,0.0027807486631017397,-0.0018058690744920947,0.0039204039204039365,0.002773100921065641,0.003405822695393468
2023-02-28,-0.0034478096268252267,-0.0029581068116405485,0.008370849746764275,-0.015228426395939132,0.005012798634812299,-0.0057892356399819045,0.0045559434352997474,0.004543209876543219,-0.0036959746561738838
2023-03-01,-0.014245980598331154,-0.012629299975944086,-0.005580746424834193,-0.004502153203706061,-0.021861402950228204,0.008916386134109722,0.0057721757568618415,-0.013174712417657997,-0.0038358653409377164
2023-03-02,0.004129103296400816,0.019653226133918178,-0.010382321992283505,-0.0007865242183915377,-0.00043398068785949206,0.004599152313103039,-0.0005856172405714899,-0.008867191391850104,0.0077772711151644636
2023-03-03,0.0350901240490713,0.01664609135438644,0.018359679591692046,0.010298458510987318,0.030066210789102543,0.012657091561938838,0.010723075120121939,0.024225975070365946,0.016037806993288273
2023-03-06,0.01853936304045556,0.006189039915390326,-0.005847139078379526,0.009998701467341942,-0.01211801896733411,0.008864462370357318,-0.005043770653371249,-0.007753459613308533,0.0006927435117147773
2023-03-07,-0.014496522134824219,-0.010589013898080757,-0.029407645987956754,-0.009449730007714097,-0.0021333333333333204,-0.019330463052455893,-0.017480480130520948,0.006132542037586619,-0.015328701757856056
2023-03-08,0.008377308707124165,-0.0017706079087154158,-0.005915452315683134,-0.007333376598091967,0.003955104222341133,-0.014604426126691106,-0.0004744395682600988,0.0009830908375934033,0.0016320586536773263
2023-03-09,-0.014914633348596884,-0.005439495467087108,-0.05413642960812781,-0.011244769874476979,-0.01778109028960817,-0.00772867794144394,0.009849293936157633,0.002455313297976769,-0.018449814499147732
2023-03-10,-0.01387874360847341,-0.014782815472415889,0.025395120454196674,0.0024464427400159305,-0.016476964769647662,-0.012370567213415118,0.021562867215041193,0.03448613696482816,-0.01442946164061698
2023-03-13,0.013265993265993314,0.021440926827305917,-0.017957351290684653,0.009564012927907095,0.018736911716080717,-0.011504917424382977,0.022948179674469493,0.002272942513495524,-0.0014252027674847012
2023-03-14,0.014089187213398136,0.0270557655954633,0.025676190476190408,0.0056187116163595174,0.02650654549388709,0.0037544584193729413,-0.005791071629371425,-0.016441462723235323,0.016529997924019213
2023-03-15,0.0026214037617144914,0.017830438283676475,-0.047244094488189115,0.0027936590436590247,0.013912310286678053,-0.049747521974939146,0.007804105638183456,0.01931021231626473,-0.006254307814055671
2023-03-16,0.01869403228969202,0.040536467751657534,0.01941369094027756,-0.0020732102364755534,0.03991683991683992,-0.0058059437118678225,0.002020088659446584,-0.007822808671064996,0.017545211672832073
2023-03-17,-0.005453962143086244,0.011694424330195519,-0.037782026768642396,-0.010712198922287919,-0.010895641743302709,-0.011778679600118802,0.029120232961863834,0.015009024413413119,-0.015450253717401718
2023-03-20,0.015483870967742064,-0.02576673943384744,0.010571496701375027,0.00990943693398072,-0.012531581606872289,0.026141826923076872,0.00038091092126024684,-0.00879737950397752,0.009615631170029948
2023-03-21,0.011944091486658204,0.005693714873452382,0.026820827434324457,0.0,0.029679664312762366,0.04480234260614946,-0.018875108790252337,-0.008592200925313875,0.013130492202976685
2023-03-22,-0.009103465595178273,-0.0054423259551462655,-0.025813864419762522,-0.01845474039898609,-0.01898419640194804,-0.022888639760837104,0.01702056883073677,0.01333333333333342,-0.017046451580557065
2023-03-23,0.006969524171577035,0.019721620331264456,-0.0026733763170310176,0.0005296259516716084,0.00010131712259364711,-0.011282149345061776,0.012538159616223288,0.0,0.002703323047104078
2023-03-24,0.008305543320958897,0.010480443708132059,-0.015216020182907686,0.010057566333620205,-0.005875797791510484,0.0011604293588627357,-0.011252288144718459,0.004229323308270638,0.006562046951700262
2023-03-27,-0.012293291731669265,-0.014933884592080449,0.028660635657673517,0.00425810678021632,-0.0009171507184345673,0.02192601178402387,-0.009256738361012928,-0.02349087505849312,0.0018698673404926591
2023-03-28,-0.003980288097043205,-0.004160937839206791,0.0030352556619190896,-0.009654272667971364,-0.008159934720522344,0.012476370510396961,0.008189062929376156,0.0018209699060762752,-0.0022446972180887315
2023-03-29,0.019790675547098013,0.019183955237437766,0.002017380509000466,0.009814253721512456,0.030954339777869322,0.017176997759521972,-0.004960750109027412,-0.002008992633693807,0.014534883720930258
2023-03-30,0.009889904832991236,0.01261987094934236,-0.0030199783181042994,0.0007827278064054255,0.0174563591022443,0.00486417033773856,0.009039609927135261,0.004601226993865115,0.005855238569826726
2023-03-31,0.015644247351564333,0.01496215455025518,0.012116504854368992,0.01023267939777095,0.012647058823529456,0.001552653210338928,-0.005212292322727796,0.01498091603053453,0.014094624721327609
2023-04-03,0.00770163735597329,-0.003711411723898661,-0.001151101220167372,0.011935483870967767,-0.008519701810436708,0.059000547145723115,0.0072044536622639654,0.002162263796183117,0.003810547399790032
2023-04-04,-0.00324968405849424,-0.00017407652404000107,-0.013368162261831684,0.01045584953777512,0.015037593984962516,-0.00955825368121932,0.018640945052563085,0.004971857410881908,-0.00554812020927109
2023-04-05,-0.011290225200748738,-0.009889268054878553,-0.006307428749415922,0.04492396996655934,-0.02741702741702745,0.01712745609459221,-0.0007979572294923853,0.01045458788387954,-0.002618249443316123
2023-04-06,0.005495847581827196,0.025532812829710982,-0.0010970927043335577,-0.0027776100477024945,0.00949554896142435,-0.01658261389862381,-0.00713411063195446,0.0025866050808314167,0.003900883218841855
2023-04-10,-0.015972306571116257,-0.007578875171467936,0.0032948929159801743,-0.00502573418104757,0.0010777973740936364,-0.004432855280312786,-0.007399860582336881,-0.01612457385054822,0.0010264180454067073
2023-04-11,-0.007591186817256013,-0.022668371401914356,0.0049261083743843415,-0.0003042843232715642,-0.022022119996084943,0.007071765322158141,0.006320566149856877,0.0020603109196477565,0.00026854813114907117
2023-04-12,-0.0043532338308458485,0.0023335572605451826,-0.00015561780267669967,-0.0021306385828211427,-0.020916733386709407,-0.001040312093627982,0.004885119175434882,-0.0010280373831775824,-0.004075954310260754
2023-04-13,0.034103685196752,0.02239937916681356,0.0038132295719846,0.01336017569546133,0.04671368700807532,0.004686279614683597,0.01351567925637065,-0.007858546168958758,0.01328268594534987
2023-04-14,-0.0021140372070548308,-0.012765663814518269,0.07550972943639023,-0.0016254289326350646,0.0010742187499999112,0.002418588580806791,-0.017710309930423662,-0.009146628948609181,-0.002442740706701918
2023-04-17,0.00012105804733364423,0.009296148738379806,0.007929070857060738,-0.0010250844187169594,0.0022436835430688085,-0.011632916846186947,-0.004453745438935508,-0.01189569851541683,0.0035882267371381005
2023-04-18,0.007504690431519689,-0.0014889196675900163,0.011227919616677351,-0.028128206675921974,-0.004282655246252709,0.019529206625980677,0.0038807739988142576,0.003563517287874518,0.0006522684447021199
2023-04-19,0.006968222502552912,0.0002774213683809368,-0.0012729844413013058,0.009440407428110031,0.019550342130987275,-0.003164015734564818,-0.0047785234899327955,-0.0009596928982725794,-0.00016899640279088857
2023-04-20,-0.005846208912485773,-0.008112324492979606,-0.0029032714912902158,0.006460345782317134,-0.0046979865771811236,-0.007978038946555688,0.003938282261545023,0.008549471661863706,-0.005457091804703662
2023-04-21,-0.009780978097809756,-0.001223305721575696,-0.0019174774518856408,-0.005440762929453613,0.03034389750505717,0.003199584918713194,-0.009887688752754031,-0.00561958281741104,0.0007769253180538449
2023-04-24,0.0018785601745243685,-0.013962765957446832,0.0013519282766472074,0.006085192697768749,-0.0070119670905011144,0.01887768295836567,0.0030393487109905415,0.009674329501915713,0.0010431829209121002
2023-04-25,-0.009435674106332836,-0.022536111012527837,-0.021743764655723696,0.009164222873900396,-0.03427172582619342,-0.014213197969543234,0.005086304853633372,0.014704487240299713,-0.015873785231321103
2023-04-26,-6.106124442828431e-05,0.07243482680996283,-0.017723541802861953,-0.015498244339508416,0.02349614897143426,-0.009182972880192208,-0.005437415881561214,-0.010658189977561738,-0.0042356185973206895
2023-04-27,0.028395212506106438,0.03202762636692946,0.013458552096428544,0.002336735948837765,0.04610401981329759,0.01195322650498043,5.4130128829710245e-05,-0.00992250992250987,0.019908002769809086
2023-04-28,0.007541119885992487,0.00797165633303809,0.008682962422473572,0.004294478527607337,-0.03979238754325254,0.012924762475391649,0.0002706359945874315,0.01613057172854826,0.008535195557818565
2023-05-01,-0.0005304101838755626,-0.005532773546833236,0.02141203703703698,-0.0006108735491753281,-0.032242769084874445,-0.031012337333108042,-0.004491341991342046,-0.031279353747886485,-0.0010097853004111812
2023-05-02,-0.0061914027949762085,-0.000490901950517042,-0.01614730878186965,0.008740831295843465,0.015482606565409007,-0.03985349263102822,0.019296624449638644,0.02492000387859994,-0.011239200019253492
2023-05-03,-0.006467307464103511,-0.0033070298942406984,-0.021163259429887726,-0.013088529358298517,0.0001929943066680817,-0.01970935513169836,0.008479095563139971,0.005581835383159817,-0.006863985979943532
2023-05-04,-0.009913406987160367,0.0033180026281209862,-0.01367848212972489,-0.0045435009516793246,0.0033767486734201935,-0.017511349949041022,0.007032943789328838,-0.009878633926051483,-0.007082986128130964
2023-05-05,0.04692683515290419,0.017157264005762674,0.019534745004473608,0.003392339480663642,0.015913461538461515,0.024896265560165887,-0.015647973114891744,-0.003325731660965392,0.01851257621010549
2023-05-08,-0.0004032955003744343,-0.006438113632705633,0.0024133391838525586,-0.0022744037373986226,0.0016563342955846494,0.003956569746043304,0.001226928411394379,-0.014014682047859606,0.0002665826527397108
2023-05-09,-0.009971181556195918,-0.005345861007613695,-0.004815057999562278,-0.00776292280204538,0.0074648020410093,0.00027495188342041565,0.007086152698598802,-0.003577644556178705,-0.004385327324708088
2023-05-10,0.010391802992373522,0.01729641693811068,0.0005131588593210168,0.003725551071095845,0.03348339898705688,-0.012827560930914528,-0.0014284202729870632,0.009704027171276053,0.00467232862044642
2023-05-11,0.0011235631356054654,-0.0070442829240178195,-0.003150644783118217,-0.004082895143829202,0.01805971503766224,-0.018099127529236925,-0.008582781456953681,0.01057184046131665,-0.001743974809252813
2023-05-12,-0.0067913669064748605,-0.0036761149269614046,-0.01433296582138932,-0.0013044288465122733,-0.017115350329827028,-9.452689290112559e-05,-0.0017100411478651045,-0.00836899667142188,-0.0013102661781476677
2023-05-15,-0.0028973749782696956,0.0015859144900798317,0.008426547352721858,-0.00765020524940907,0.008525303827317199,-0.0067120438646247615,0.0021412129971629668,-0.010357725136664442,0.0034500352292330394
2023-05-16,0.0,0.007367672720222318,-0.006729276048214161,-0.0013162018176120505,0.019784172661870603,-0.024269534595983577,-0.012499332300624943,-0.0030041670704525902,-0.00668264690927578
2023-05-17,0.003603184750392341,0.007249631102842047,0.030747468731387784,-0.002196560813355064,0.01851851851851838,0.02243464689816621,-0.0034618921404230285,-0.0029160186625194484,0.01213893967093238
2023-05-18,0.013666106896751407,0.0143949044585987,0.007583965330444364,-0.003207748915026176,0.022943722943723044,0.00906315588628126,-0.012972914291917603,-0.007408851627997759,0.009633215326445566
2023-05-19,0.0006283918880318762,-0.0005651136506341636,-0.0022939068100358284,0.002713276123170072,-0.016081252644942867,0.0046326935804104075,0.009898812142542734,-0.00707130229817321,-0.0014550485413734604
2023-05-22,-0.005480703356930849,0.008921279135515547,-0.008262681419744289,-0.012837455163299927,-0.010666666666666602,-0.012140033879164402,-0.002341537791330728,-0.0035608308605341588,0.00040609622091647424
2023-05-23,-0.015154994259471755,-0.018432031882433586,-0.010432514670723703,-0.00038248231019322176,-0.00017389792191990772,0.013622939887586893,0.0012008078161671598,0.002878697637482608,-0.011222808567539877
2023-05-24,0.0016320820704127659,-0.004472498889805165,-0.009151475217805127,-0.0009565716472164087,0.015305678754674368,0.011184210526315796,-0.008068472986970554,-0.004949025042066735,-0.007244801854669247
2023-05-25,0.006692271880819334,0.03845786203600454,0.002438303531845598,-0.014362313289927209,-0.01498929336188437,-0.017938470118040728,-0.00961802693047542,-0.0024868198547697284,0.008659904157240605
2023-05-26,0.014104861552690862,0.02138561610211087,0.009360949362423598,-0.0003885758694385233,0.04443478260869571,-0.00653038046564447,0.0039955604883463725,0.008077383326685394,0.012950681297479782
2023-05-30,0.010659522316593506,-0.005046712127129149,0.00379728348181696,0.00012957563977988862,0.012904837232536881,-0.008859674192626343,0.006190581472474088,0.009991097042239439,0.0003809342412266492
2023-05-31,-0.0002820078962211259,-0.008514235681289839,-0.012730976284009876,0.004469780397745593,-0.008877198750616433,-0.017877739331026543,0.001538123489343013,0.008716944172380003,-0.0055452425151125695
2023-06-01,0.01602256699576876,0.012759219221048168,0.013779382506815985,-0.0033535405649426364,0.01816221595621159,0.011548248189469534,0.007898200965335667,0.0012622584716963647,0.009501017111403609
2023-06-02,0.004775390082736308,0.00847916290817241,0.02100596016862899,0.015724084379448833,0.012055062311639775,0.023219814241486114,-0.014747496734871413,-0.010958107059736322,0.014461144564032136
2023-06-05,-0.0075711522520032215,0.001610017889087656,-0.009824161742720827,0.008600369497356208,0.008450704225352101,-0.004444024205748853,0.006020436343551427,-0.0018629277380135534,-0.0019162460272947879
2023-06-06,-0.0020603630693841746,-0.006727391796154003,0.0017973973686102873,-0.0008842849924203255,0.010454908220271397,0.008167917181118867,0.0010980564401010806,0.005893909626719207,0.00217747600093654
2023-06-07,-0.007756263601361613,-0.030867897386717802,0.009688531649203247,0.0021494499936780542,-0.04249269409999201,0.0224211022138483,-0.012010529779532764,-0.014843750000000044,-0.0034577015629744245
2023-06-08,0.01546507704420197,0.0058135939142804904,0.0002843130286445117,0.01097653292959877,0.02491132557947706,-0.0031327743481065484,0.013211212878156964,0.01169706582077712,0.006048528894619487
2023-06-09,0.002159827213823018,0.004703929164360909,0.00198962552405324,-0.0015599650567826862,-0.006599597585512984,-0.007394398742952224,-0.0026844902207856514,-0.00137174211248281,0.001794328059096184
2023-06-12,0.015638815207780654,0.015483949937268537,-7.091695624417138e-05,-0.0006874570339352459,0.025439520375921454,-0.009032498370425524,-0.0008789277081959757,0.0029434850863421236,0.009071877180739873
2023-06-13,-0.0026116763697697776,0.007352719602229829,0.0072340425531916,0.00525328330206376,0.000711068973690443,0.00018793459875965368,-0.007367495051682438,-0.009880649579338763,0.006592899953895781
2023-06-14,0.003491353444983858,0.00912381465194878,-0.003731868750880163,0.00510140599726272,-0.001894836570345726,-0.012025554302893648,0.0005538938739337862,0.008003161742910825,0.0011908578756927302
2023-06-15,0.011198695297635286,0.03189660283393625,0.011308219662166996,0.013431542461005197,0.005457997152349403,0.0069418029669077175,0.007030558015943322,0.009605959615761606,0.012397639416258821
2023-06-16,-0.005859900005376062,-0.01657569663889702,0.0011880634565657466,0.00305380809869904,-0.01274486665093233,-0.007177259420153015,-0.0015392226925402541,-0.003883495145631133,-0.007094441934026308
2023-06-20,0.0004866969500325613,-0.012502556013203603,-0.005095630322490496,-0.0006089021494245506,0.0023109411108455102,-0.022923998858556005,-0.010350712987942545,0.0069200779727096595,-0.005188185500386799
2023-06-21,-0.00567536889897835,-0.013282058867031488,-0.0014733740265208128,-0.0015231828428684535,-0.007552870090634434,0.01119548286604366,-0.001446453407510373,0.0024199012680281573,-0.0051237476554280015
2023-06-22,0.016525331593824744,0.018437462525482617,-0.01925238898257431,0.01061752501830604,0.0426179604261796,-0.0054876287667277035,-0.009916987018775414,-0.012070297412128284,0.0036096932910285595
2023-06-23,-0.0017112299465240621,-0.013805893261899849,-0.005229975641209417,-0.0008453085376163294,-0.006300422589319954,-0.00871248789932233,0.0027573012210904135,0.009969699931580367,-0.007559964261987129
2023-06-26,-0.007553031926290976,-0.019163035042683907,0.0024486856319769768,-0.011179598743050523,-0.015464316090621044,0.01845703125000009,0.001739618406285004,0.0010645504693700403,-0.004085778259966255
2023-06-27,0.015059102930857549,0.01816798539257447,7.184424168404924e-05,-0.0020778585833893803,0.01452917615644389,0.002493048230894468,-0.004593580191585844,-0.0026102088167052617,0.010963285740775097
2023-06-28,0.006327767733701917,0.003825806258779929,-0.0043821839080459,-0.002020944332169705,-0.0010837590958353571,0.008130081300813163,-0.0023073892734537527,0.004264805660560311,0.000504390489946438
2023-06-29,0.001796565389696081,-0.0023820157808546183,0.034923154628761166,0.006995581737849754,-0.008834469931804034,0.012333965844402162,-0.001071750902527091,-0.0180484509217258,0.003941428538692504
2023-06-30,0.02310248430824413,0.01638561408744965,0.014013804643379979,0.008653260207190927,0.019233776387802992,0.005154639175257714,0.006663278558924901,0.011794770984863368,0.011800689324598768
2023-07-03,-0.007784708975614785,-0.007488107123979626,0.008044554455445718,-0.013110198163364006,-0.0010739490641301641,0.001958041958041834,0.0011218937566612741,-0.008354381192927862,0.0011505143475907254
2023-07-05,-0.005871349890886446,0.00047338678659114564,-0.013437009753768714,-0.0033057851239668423,0.001228689909384073,-0.005118183510143259,-0.0035300050428642704,-0.009502351097178674,-0.0014871898871088307
2023-07-06,0.0025087545079180984,0.009226674552713199,-0.009886615044247593,-0.007431975922854939,-0.015493173799662419,-0.03732111121504067,-0.0029802069275753906,-0.014143012560577484,-0.007830659174508536
2023-07-07,-0.005891246546061213,-0.011867436340727178,0.00789051043921507,-0.014542079207920722,0.011062636335306797,0.0023319082782742306,0.007500986971969992,-0.006019261637239204,-0.0025246781603966983
2023-07-10,-0.010855884203901822,-0.015983630864124465,0.005611750034640428,0.0016326530612245094,-0.020419170904607875,0.014831329972857743,0.0007836990595611049,0.0013120710536940194,0.002531068293239125
2023-07-11,-0.002810031281480274,0.0019286984299191623,0.01563899414398895,-0.005516895492445606,0.012978840556910232,0.012226573693762566,0.003747622776596904,0.005140610825521641,0.006368557521721163
2023-07-12,0.008985538068906784,0.014226847535115938,0.00495183828517165,-0.003467187795498816,0.015685665476005584,0.004907049164857957,0.013541376427974372,0.011131167268351394,0.00804592505537216
2023-07-13,0.004057543341940084,0.016192170818505547,0.0048599392507593375,0.004617914979756943,0.026758409785932802,-0.018311578551976626,0.0007147569826257971,0.010512744222949566,0.007936863817766149
2023-07-14,0.000787236275847647,0.007529329364384552,0.006045543091287797,0.0066746426547446,0.0028294862248696706,-0.034436579299789605,-0.003186638096807748,-0.0058887035037785695,-0.0006228312127414259
2023-07-17,0.017305574492632037,0.0014193025141930882,0.024103625559190656,-0.005004065803465352,-0.008316008316008316,0.004359025163463315,0.0007165297911040369,0.0004936321453252734,0.003472222222222321
2023-07-18,-0.0013402752719213762,0.039799843808752566,0.0018255313600208378,-6.28654051675337e-05,-0.005465708295896876,-0.0045373840994278325,0.011456267900418426,0.004539175054272704,0.007430574039570592
2023-07-19,0.007071697723636028,-0.012267378786614436,0.0038396459716256715,-0.0020118194392052535,0.019046902055258608,0.006936187078874445,0.0001633631017208259,0.011296660117878332,0.002223738963869737
2023-07-20,-0.010097385955920024,-0.02312155007322292,0.012317666126418159,0.060728234849439344,-0.039893617021276584,0.017614642786852874,-0.005063428975880524,-0.012141816415735751,-0.006634446397188021
2023-07-21,-0.00616165277274372,-0.00893706575950648,-0.007684918347742653,0.010749495189452452,0.0003077870113881165,0.004641717435451165,-0.003064463171719378,0.0002949852507374562,0.0
2023-07-24,0.004220068771491059,0.0038979550280711095,0.019683768957728276,0.005229449438862499,-0.009230769230769154,0.01568967176821623,-0.0042814798550884214,-0.003637078541236627,0.004467247556282805
2023-07-25,0.004513618677042919,0.01700906957202042,-0.007468354430379742,0.00765723638064042,0.0025621118012422173,0.0015163002274451998,0.005567805953693439,-0.0018745067087608813,0.0027300748568912514
2023-07-26,0.004544985022208348,-0.0376374722206394,0.005994133401351798,0.0019142641684553041,-0.007589251142259612,-0.005582891748675323,0.00487911846938216,0.0009884353069091745,0.0001536975232740989
2023-07-27,-0.006580976863753252,-0.020872191135979934,-0.011029411764705732,0.00561602593793431,0.0007803355442839166,0.0031401655723666266,-0.01571194762684136,-0.01945294756591287,-0.006629931285811463
2023-07-28,0.013507918434944699,0.023131349782293142,0.005704396872195705,0.0045483332373768,0.03087719298245628,-0.011952191235059861,0.007981376787495886,0.005135951661631388,0.009790271608212331
2023-07-31,0.0031660113363629616,-0.007240594615361862,0.006691734115097825,-0.0398326455754241,0.011118674835489006,0.029569892473118253,0.00269438029253255,0.002404568680492991,0.001904053225947555
2023-08-01,-0.0043013489437515595,0.0012502976899260165,-0.004937958976956147,0.008117949024055271,-0.01488629563135857,-0.005781424841476923,-0.010364683301343547,-0.01909045477261362,-0.0028615740841870796
2023-08-02,-0.015464839855831802,-0.026282927989534355,-0.01132459600458069,0.006039433951092521,-0.026425696711975033,-0.012474207465766218,-0.0047655990247147395,-0.010699001426533461,-0.013910795653697905
2023-08-03,-0.007321632568283443,-0.002564885496183167,0.0061132561132559715,0.004296392207639332,0.005459792527883867,0.01738056795517151,-0.00033407572383070683,-0.023071377072819144,-0.0028658387576923072
2023-08-04,-0.048020086833708064,0.0034286414008446453,-0.002110649184521751,-0.00937646507266754,0.0826933519509736,0.002800597460791643,0.0036203631502729205,0.0177121771217712,-0.004522769806612592
2023-08-07,-0.01725369525798126,0.007108426383550137,0.004742981669016766,0.0240179839091339,0.018986888299777904,-0.0020480357475329836,-0.0022753759920084438,-0.009841500051797403,0.008728542333430234
2023-08-08,0.005311713726586564,-0.01229893065947718,-0.005613676958407754,0.00046216060080883636,-0.01603150049219515,0.004944029850746379,-0.006341083546556936,0.011613308223477725,-0.004348694282354515
2023-08-09,-0.008954393770856606,-0.011715994479374325,-0.013407749550936598,-0.000635177272202414,-0.014934972130913327,0.016986911723753773,-0.004758172861621057,0.005171165580721837,-0.006685236768802283
2023-08-10,-0.0012346371850272542,0.002172361356794772,-0.001495545874244053,-0.005200208008320328,0.00515052593398635,0.005111354508944954,-0.0010686765284886324,-0.01646259903282221,0.00035894559730786924
2023-08-11,-0.0010114064168118553,-0.005945560957483109,0.005795780151080843,0.009757797525701273,-0.001082563510392598,0.015528514347983968,0.0,-0.0023014959723820505,-0.00058307730259477
2023-08-14,0.00939310422408468,0.009438958287903976,0.0020718679184204003,-0.0023583549036525486,0.015605808828841772,0.0008047929893588712,-0.0030405405405404817,-0.002201950298836186,0.005520026926960631
2023-08-15,-0.011200267469073988,-0.0067275644982101035,-0.025457129934741807,-0.0028828413284133214,-0.020630290958241537,-0.03359542530378845,-0.0026544674121766754,-0.006094997898276611,-0.011648925487045658
2023-08-16,-0.004959143420681822,-0.004536133722736757,-0.0042431876947557345,-0.003180293743494933,-0.01888574126534459,-0.016826923076923017,-0.005776091511410675,-0.007824064284203791,-0.007338165232902094
2023-08-17,-0.014555133941213105,-0.01098626716604234,-0.01038684333177975,0.00939729682696222,-0.00806988968682909,0.019371826217791988,-0.0015378481517343001,-0.004262574595055524,-0.007619870803384554
2023-08-18,0.0028160919540229923,-0.0012623074981065185,0.0022875597120366464,-0.008735130164932992,-0.005672488431109013,0.015129151291512821,0.00017113519680544975,0.0035316780821916804,0.0004813312246441104
2023-08-21,0.007736833056335657,0.017062689585439772,0.0034235080888769254,-0.029798828917618536,0.010959315418105353,-0.012086513994911008,0.002737694632977794,-0.01333048949557425,0.0065063001145475585
2023-08-22,0.00790491355777978,0.0018019137566793741,-0.02073856034252075,-0.007947415596056051,-0.0031927531927532504,-0.0056112593137706,0.0016495079915817001,0.007674016428880437,-0.002708608367096077
2023-08-23,0.021948879986458447,0.014079265645351446,0.006763219018991684,-0.008974822310565012,0.00945996275605232,-0.008788159111933314,0.010164679159568424,0.0247774321570311,0.011137738217505522
2023-08-24,-0.026170494699646718,-0.02149847094801216,-0.0009499898215377112,0.0034036345955144043,-0.027154663518299982,-0.00746616892207197,-0.00022485805835059658,-0.006594096713418596,-0.013859106606776028
2023-08-25,0.012643156820501211,0.009407131918617306,-0.0012225769204644577,0.007026470410079311,0.010770631067961167,0.017865538316878204,-0.0012932246274950376,0.003266252238963263,0.007049829476527325
2023-08-28,0.008846089244723077,0.0022292402006314216,0.003468208092485492,-0.011789473684210572,-0.0009004952723998816,0.008406466512701938,0.0028712982772209905,0.0010501995379121887,0.006341341455099236
2023-08-29,0.02181031133803213,0.014550509731232841,0.008132285172133269,0.0001217359547143193,0.013294276701216745,0.005954562110663364,0.009768146859035598,0.010386067981535962,0.014454783629957557
2023-08-30,0.01917227894851181,0.0011570902225876978,-0.004033342296316134,-0.0035299129693872056,0.0011859758357424255,0.009744103451416075,0.0025018068605102695,-0.0010383137784238938,0.004118799536913187
2023-08-31,0.0011723954169997608,-0.003132698683050106,-0.012351511879049593,-0.012520613204666131,0.021766491448878433,0.002795815295815407,-0.0016637089618455336,0.004469389876312402,-0.0014633821866476548
2023-09-01,0.00846329908979615,0.002745911642665577,0.0033485956399916805,-0.007422068283028271,0.0007970436924862323,0.020955121863476922,0.0004999444506166295,-0.018522350993377512,0.0018652159431553628
2023-09-05,0.0012667581547554096,0.014878597943163152,-0.011033919084593391,0.0012462612163510745,-0.006154068925571909,8.809020436939541e-05,-0.008161678973960473,-0.014022140221402246,-0.004321904297524326
2023-09-06,-0.035793357933579295,-0.0020086943486734565,-0.0016528925619833101,-0.0166168782673638,-0.013914183725504459,0.008632079626530453,-0.004534258844603567,0.0024593669803250062,-0.006722464606891632
2023-09-07,-0.02924935760756653,-0.008922134102379187,-0.008554083885209729,0.012784001012594137,0.018395390070921946,-0.004890402584927123,0.0010684361468817904,0.0027733333333332943,-0.003070234413518058
2023-09-08,0.00349177742734863,0.013215725500894004,0.0007653771221820538,0.0033118790226831507,0.0027566195139643312,0.014567792891619025,0.0003370407819345278,0.003829379853207193,0.0015061256603348117
2023-09-11,0.0066225165562914245,0.010979148592455301,0.004380171035250013,0.013079222720478345,0.03523113651161114,-0.012542167632557777,0.0018530997304582186,-0.007205679771113749,0.006576584665110463
2023-09-12,-0.017060660124888494,-0.018257678877907413,0.013013983109511296,0.005655969506947134,-0.013067784765897983,0.029169586545199744,-0.005156661622106262,0.0057636887608070175,-0.005485561378079984
2023-09-13,-0.011854792966534355,0.012930644723754492,0.000478338116714383,0.002506418877613381,0.02563194788642642,-0.008936930802621479,-0.002309989295171566,-0.00021224663058483362,0.0011659454247852086
2023-09-14,0.008782503874634084,0.007855740046420312,0.019397582132367974,-0.0015244832001951591,-0.0008974801518811804,0.01786327722432146,0.0005082448610795876,-0.007217917418532949,0.008622427269266097
2023-09-15,-0.004153863662228363,-0.025036905816356536,-0.0029480737018425796,-0.013985586906070768,-0.02991984521835278,-0.015356058049274313,0.006603826832985327,-0.0060943012937025864,-0.01552091660005328
2023-09-18,0.016913319238900604,-0.0035128096420569133,0.0020831933337812636,0.006317745432022459,-0.002920435928484899,0.008054841473864593,0.005887630368958119,0.005701376936316782,0.0005864176647043529
2023-09-19,0.006180816991627758,-0.0012459733787152372,-0.0012741416309012266,-0.0016618452637410241,-0.01678811258751245,-0.0026351581094865573,-0.000947655945147341,-0.007380468499304738,-0.002073800238937884
2023-09-20,-0.019992181828335176,-0.023976875095085948,-0.004230175250117485,0.004377311960542585,-0.017002107098743058,-0.007926361544361993,0.0007253654726033787,0.0031250000000000444,-0.009193377154344762
2023-09-21,-0.008889395407145728,-0.0038656981637934518,-0.0078219824679705,-0.0076729482536369575,-0.044053514672185545,-0.01408934707903775,-0.00724839698912727,-0.025674078848426207,-0.01652836038664962
2023-09-22,0.004944517909503787,-0.007886583419397186,-0.009582710343890133,-0.00717555363107758,-0.0016237531895152424,0.0015684907633322087,0.0032013479359729313,0.008048511576626227,-0.002248545399754165
2023-09-25,0.007380284913324653,0.0016718715497934244,0.004940643656076382,-0.0014953271028037562,0.016651177199504374,0.011223246911432172,-0.005150599037062054,-0.024608990484523696,0.004205194925886335
2023-09-26,-0.023398455247614747,-0.01700573156137819,-0.010378968931375798,-0.007737426681642234,-0.04029862116248961,0.001548653531790345,-0.007990996060776467,-0.003476115721013695,-0.014691252342502903
2023-09-27,-0.008897418004186974,0.0020823989235601026,0.005864900296694842,-0.012011067790214991,0.0,0.03255734043467062,-0.0123666893578398,-0.005176099921233357,0.000399173476096637
2023-09-28,0.0015255530129671957,0.0027174781802485892,0.012415969268761096,-0.0014639424606964768,0.0,-0.0060732113144759126,-0.004997128087306124,0.00305395317271806,0.005797441614833865
2023-09-29,0.0030464584920031346,0.006727458232368422,-0.017413103868825774,-0.00720295767465573,0.009049055405619955,-0.015819871097346616,-0.010275356462506546,0.00011276499774459658,-0.0024269579016147347
2023-10-02,0.014835582033759565,0.01916072842438643,-0.00861950075851603,-0.003852327447833037,0.018407803650094534,-0.016584453138288824,-0.010498687664041939,-0.019844401849137383,-0.0003976794235988068
2023-10-03,-0.007769784172661831,-0.02613424487259175,-0.007372887250469473,0.0012246213341926548,-0.03661362583037242,0.0017296549338408074,-0.0028882994400236672,-0.02151156102611307,-0.013386066321874113
2023-10-04,0.007308584686774866,0.017757426848336033,0.00448461915773235,0.0011587485515642815,0.01828094932649127,-0.03738237071570405,-0.00011823126034526954,0.014107688690336184,0.007281956403140555
2023-10-05,0.007197973050788953,0.0012697715978744473,-0.0031391698639692267,0.010416666666666519,-0.008188976377952795,-0.022511210762331868,-0.0018328012297503804,-0.004984929283561423,-0.00037677200584007586
2023-10-06,0.014750443085015164,0.024736973947895757,0.015395381385584272,0.0031818760341097985,0.015878056525881146,-0.01669877970456002,0.005153112598471621,-0.012116975416520903,0.011872791519434767
2023-10-09,0.008451180348188592,0.007822526431583432,-0.00227429359062703,0.005709210860187719,0.0023444826508283167,0.0349911355789867,0.018385385975250523,0.023469748791131062,0.006402197699864942
2023-10-10,-0.003352142577797812,-0.0043356982596568505,0.006078607446294182,-0.0011353601614733089,0.009511928894433197,-0.004237288135593209,-0.0016780465223932284,-0.0013828070984098773,0.005204839343958989
2023-10-11,0.007904030494983116,0.012271993666067793,0.00343288705801581,-0.013766102551149295,0.018149521161569426,-0.035853327297419746,0.007303077725612894,0.020886222017078238,0.004096285727435811
2023-10-12,0.0050611790878754,-0.0037903856566993133,-0.002326377009921332,0.0009604302727621583,0.003792763407418631,-0.0001878110620715523,-0.0030496576327752045,-0.027127839945744414,-0.006096442977631011
2023-10-13,-0.010292734215040733,-0.010357531102790252,0.015019545984500393,0.0033262969359686423,-0.01919443814705679,0.0319338780877243,0.03214821655315725,0.017892413152085673,-0.00498086058202285
2023-10-16,-0.0007268660889012679,0.014981844811277512,-0.001013513513513531,0.004335352247370139,0.021265120579397667,0.0007281332483843883,-0.0048649555443718295,-0.016094053190275015,0.010521436848204058
2023-10-17,-0.008784691136973999,-0.0017436267436267139,-0.0021643557659789536,-0.009141115977909009,-0.008147868728781704,0.013096862210095539,0.0018543492919755877,-0.011020881670533722,-4.586735161915545e-05
2023-10-18,-0.007394863110358418,-0.005872432692886842,-0.010980817460855441,-0.021526042667691758,-0.025405035369285844,0.014004847831941891,0.014470805990240754,-0.008797653958944274,-0.01332507683133799
2023-10-19,-0.002161055505004561,0.0036654448517159377,-0.004249194709067261,-0.0026844758724546836,0.0021072348396160567,0.000619743249225202,0.01227400895670927,-0.02047337278106509,-0.008786406638618294
2023-10-20,-0.014704206086857519,-0.014034770010865505,-0.016105719595292167,0.0044642857142858094,-0.02515576323987545,-0.01716510352150058,0.002730897372876795,0.005678385888606918,-0.012288066036629686
2023-10-23,0.0006941230911614582,0.008112162120794686,-0.01364113326337868,-0.010522875816993515,0.01110489733961817,-0.014674108750450054,-0.003377090255460513,0.012013455069677992,-0.0017331845485411002
2023-10-24,0.0025433526011560126,0.0036742378233936,0.0012056737588652666,-0.0010568729770790153,0.015802781289506962,-0.009684787574234854,-0.00010930753675475469,0.013176638176638278,0.007539361651524468
2023-10-25,-0.013491697416974202,0.03067800199679316,-0.005454416660763517,0.0022482311710638747,-0.055771624144368426,0.0018451886705415088,0.004208800218639119,-0.022261277094317466,-0.01435214692066189
2023-10-26,-0.02460549386323796,-0.03751431003610539,0.002564102564102555,-0.01695586197796395,-0.014992997775764128,-0.009116861589465008,0.0015784890050076772,0.015338526063511049,-0.01197461381870435
2023-10-27,0.007969321109713157,0.00585562231236092,-0.03601875532821819,-0.02281879194630876,0.06832817596387053,-0.019052044609665364,0.01162980272811276,-0.004248790274991143,-0.004532783904981241
2023-10-30,0.0123053144691474,0.022740365665079976,0.012749649937357166,0.009821428571428648,0.03890715515891663,0.0031264803410706588,-0.005640612409347323,-0.0045039706056656525,0.01195578065647207
2023-10-31,0.0028187210053438605,0.0023717055527556763,0.011934216271285214,0.008909746310276745,0.002863386331097839,-0.0002833396297695634,-0.005456509994597458,-0.004881533515894709,0.006280228109434738
2023-11-01,0.018738654330385796,0.02354263405400614,-0.0008629368617862898,0.0023594445193473312,0.0293786159741527,-0.001983939537080759,-0.0031506328426313956,0.01818616893993763,0.010664753706360663
2023-11-02,0.0206932229694774,0.006501574825902301,0.017849431409241223,0.010424372856278286,0.00781021897810219,0.03284740628549798,0.003324069532995466,0.02279670975323156,0.019164340131547775
2023-11-03,-0.005181055358450148,0.012861736334405238,0.011172394286522502,0.007321618743344027,0.003838632577678025,-0.012189533498304428,0.0036389311318705264,0.006778492647058654,0.00912340978735271
2023-11-06,0.014605151429380125,0.010572562358276638,0.00755244755244755,0.002378749834808902,0.008225108225108357,-0.017721284097235057,-0.007792629471291779,-0.009699874472212655,0.0023004900043708254
2023-11-07,0.01445070579702068,0.011219252236838395,-0.0004858411993338141,-0.005273566249175854,0.02125375697724352,-0.01567960706526883,-0.004145077720207224,0.014749942383037506,0.0028460602722120143
2023-11-08,0.005884941150588352,0.007405763736721083,0.004930213179640264,-0.0036447978793904268,-0.004414546983392831,-0.012282890317627748,-0.009967687167971917,0.01703384056325241,0.0007323827615406397
2023-11-09,-0.002624528405052118,-0.006910792951541844,-0.002971254836926507,-0.019487861656135697,-0.01041666666666674,0.00029146021568049463,0.0039829617746307555,-0.02300133988387676,-0.007798742138364845
2023-11-10,0.021873800778466235,0.02489672572014756,0.014831242636357489,-0.001153167819834433,0.021052631578947434,0.007672882672882686,-0.010909691994049342,0.005600000000000049,0.015604831274202535
2023-11-13,-0.008583690987124415,-0.00808829496578034,-0.004438981083111471,0.002580645161290196,-0.006756756756756799,0.01050602409638568,0.005570720294133968,-0.002272985566541541,-0.0009532239395384501
2023-11-14,0.014285714285714235,0.009790553070797348,0.018246673069008068,0.00020321072952644847,0.022512097622554128,-0.005246089278901134,0.008919173452994311,0.022667729809773274,0.019400713328335595
2023-11-15,0.0030409731113956173,-0.0016204391390065576,0.008757747237941427,0.0077204388459977125,-0.017832647462277196,-0.006040847636398561,-0.0026356248627279477,-0.014034306081532666,0.0021170859982617696
2023-11-16,0.009042072230200704,0.017583249925609223,0.01141979431013751,0.008736559139784772,-0.002583798882681343,-0.011576307158016608,0.011286060339132487,0.01242657026660643,0.0012230919765165993
2023-11-17,-0.00010542406831481888,-0.016800914480155194,0.009045889732585133,-0.002065289806795434,0.01645312609395777,0.024399765762248782,-0.00010887908977086358,0.004686453916536548,0.001243808719987527
2023-11-20,0.009278296167430922,0.020521833175611626,0.003075513676220387,0.0008011215701984042,0.006543601046976155,-0.004382621951219412,-0.0016333641857678716,0.006108396268325267,0.0076975975509661065
2023-11-21,-0.004230869678767291,-0.01157799915218316,-0.0020875464805271138,0.008071509572410207,-0.015260384589064424,-0.0003827751196172624,0.010797840431913563,-0.0004415498399382711,-0.002179368643508095
2023-11-22,0.0035144775493076708,0.012812608893773447,0.00235340262796635,-0.001985177342509359,0.019527449617790182,-0.004307869040781065,-0.004262206636093779,0.0035339591385974423,0.0038608334987977333
2023-11-24,-0.0070043385081804965,-0.0011115522032553171,0.0013695949911953775,0.01113910621933445,0.00020448503851144828,0.005384097682914923,0.005201560468140576,-0.01177506327720923,0.0006153575667005029
2023-11-27,-0.0009475180291624863,0.0031264075457702045,-0.002279536277191574,-0.008000000000000007,0.006746626686656487,-0.0058334130247681415,0.006737818025010833,0.016703786191536674,-0.0018010103228640606
2023-11-28,0.0032140787185837016,0.0108026729352102,0.0022847444350153623,0.002313590692755163,-0.004738374060786477,-0.00057714505579054,0.013331905552283363,0.001971522453450225,0.00099014258053165
2023-11-29,-0.005409663865546199,-0.01006009929448648,0.005080109417741285,0.003165600474840158,-0.004828946473508844,-0.015014436958614041,0.0014794462643981099,0.012571053782247432,-0.0007034049194380998
2023-11-30,0.003062787136294043,0.0001583740266595246,0.01140487299118731,0.016764183814344857,-0.0015718972115910113,0.003908540160250107,-0.004167985649467076,-0.011551333261362373,0.0039374408833945385
2023-12-01,0.006791260858120651,-0.011612256208598404,0.004869297796002092,0.024052760894866188,0.006434389759737202,0.002433326844461847,0.017271523178807868,0.015618173875054486,0.005915863277826672
2023-12-04,-0.009464547165864867,-0.014338735948305814,0.007332313185411943,0.0031569642631645856,-0.014894919404203177,-0.005437421108845375,-0.021613457632414845,-0.004032691687278156,-0.005249401001960363
2023-12-05,0.02106318956870612,0.009156417619331503,-0.0001265902905247529,-0.0020770392749244193,0.014084507042253502,-0.0194279019818413,-0.003779410199084454,0.021540787129514793,-0.00019707022268933283
2023-12-06,-0.005687105780167512,-0.00998604101793188,-0.010508324365385846,-0.012172816146326149,-0.016067538126361525,-0.01324173636001591,0.0036868821800695173,0.013317831096078647,-0.004029785370127104
2023-12-07,0.010139351081530856,0.005829718004338291,0.0030708208048109142,-0.007789554335333904,0.016329919734292764,-0.006961961456967036,0.0016503407155026295,-0.0057369354333994815,0.007630398451930809
2023-12-08,0.007412364235342528,0.008842162016444277,0.011033866955800775,-0.006306306306306464,0.003676470588235281,0.011481406218248225,-0.013340419877757248,-0.008182962652119041,0.004299151081334607
2023-12-11,-0.012927290378621392,-0.007829409721294422,0.0036588443098661827,0.004144540862582646,-0.010378510378510342,0.0007031642390760151,-0.011042878689937474,-0.0021155066638459674,0.003889613211647047
2023-12-12,0.007920074541878153,0.008295179100457739,0.008925204274041532,6.449116471030081e-05,0.01089862224964011,-0.015759887572776576,-0.0005446919766871616,0.0029679881280475495,0.004567198424208385
2023-12-13,0.016691489908068347,-2.671082856986473e-05,0.0033640667829553106,0.004643064422518828,0.009221589368050065,0.008873023967363558,0.02256253746798187,0.023462270133164154,0.013790131437190212
2023-12-14,0.0007577288341078514,-0.022544541496380632,0.018191978144790788,0.006932409012131879,-0.009540446116635404,0.026890416498180247,0.005862601929328859,0.022717885171416707,0.0032093517534537153
2023-12-15,-0.0027257584170411464,0.013117262864482226,0.007561436672967714,-0.010900745840504933,0.017297517297517384,-0.006694231147863716,-0.009166534202299514,0.0011106623586429887,-0.0056778458083515115
2023-12-18,-0.008503315280660062,0.005178971218946282,0.006052169702838395,0.0018045888115494346,0.027338801093552023,0.007433102081268572,0.004545454545454408,-0.007967725668179604,0.005625039950567956
2023-12-19,0.005360151105212152,0.001636924728297462,0.013354990073993767,0.006562017498713324,-0.0018173557473875057,0.013182488932611758,0.006813947298376366,0.005388369255795,0.00608089497213804
2023-12-20,-0.010713923022240168,-0.00707281787493963,-0.011279311368358469,-0.020388597724658064,-0.01085896352168536,-0.01670065054859693,-0.005445989531010387,0.0067752047729801035,-0.013857299300817139
2023-12-21,-0.0007699019658163886,0.0078786897630998,0.005703992794956481,0.01024336138839943,0.01130686300289252,0.004542312629604028,0.007070707070707227,-0.00632784250703089,0.009481911758424832
2023-12-22,-0.005547565235257901,0.002784173047063243,-0.0005970149253731183,0.0040041332988891565,-0.002730109204368225,0.0017693895606014642,0.004434355698675008,-0.0045992115637321085,0.002009731330653741
2023-12-26,-0.0028409090909089496,0.00021357253457221503,0.005913978494623606,0.004374115528110067,-6.518055012383339e-05,0.0022568933372584254,0.007620749461291876,0.0028941355674030333,0.004222527182518698
2023-12-27,0.0005180005180005498,-0.0015747611167459263,0.005997980877724407,0.0013449468425772437,-0.0004562935923342337,-0.004699432151948346,0.004537867723763744,0.01771972458485216,0.0018080521391778959
2023-12-28,0.0022262490292519477,0.003234688694629284,0.005312868949232552,0.0014710585225456985,0.0002608582235554824,-0.014459964587841823,-0.005815462900462198,-0.007262958909561301,0.0003777465320768947
2023-12-29,-0.00542411406137,0.0020251545512686153,-0.0011743981209630938,0.0010218418699705634,-0.009388446994393007,-0.002096017566623365,-0.0015668250900925385,-0.009019843656043358,-0.0028949631836203693
2024-01-02,-0.0357866306549629,-0.013748537389639437,0.011640211640211673,0.02060737527114953,-0.013228906147163322,0.023804760952190307,-0.0023539258251816797,-0.005764563106796072,-0.005596347646798949
2024-01-03,-0.007487610428786873,-0.0007280179038476886,-0.004358437935843784,0.006251172094767776,-0.009737877676249007,0.008401719421649023,-0.008336828859060397,0.004170481131115844,-0.008166719559927982
2024-01-04,-0.012700135685210334,-0.007177549919050286,0.0004669351543802325,-0.00211219481891034,-0.02626793291574059,-0.00871924045727579,0.0010046000105747854,-0.015194489465154004,-0.0032210584696773514
2024-01-05,-0.004012973448408452,-0.0005163885416100689,0.00501721019777146,0.0031127435721844954,0.004634433146572636,0.003029710711493383,0.00015846186351153868,-0.009565932935609922,0.0013696284882727117
2024-01-08,0.024174853736615542,0.01887151597552683,-0.0014512103093979878,0.0024824675727672663,0.026576700633434314,-0.016661794796842933,-0.007816213361499846,0.009866029701941947,0.014275944605915525
2024-01-09,-0.0022634188402673727,0.0029357602284556528,-0.007906057435182023,0.0006190800470500246,0.015224681421864616,-0.012386048355132795,0.0003193697769734438,-0.0063759769642121045,-0.001517067003792727
2024-01-10,0.005671383817651643,0.018574203677585777,0.002109457400679693,0.0014848728577616654,0.015590936116799847,-0.009832447075348694,-0.0022880859894641725,-0.004657420823846015,0.005655440195830197
2024-01-11,-0.0032225146355873147,0.004859314993338026,-0.004210033914162081,-0.004448013838265319,0.009432121251545134,-0.00020265477758629746,0.0019733333333333825,0.005615056670479346,-0.0004406580493536705
2024-01-12,0.0017781130448837335,0.009983620622416423,-0.007339988256018781,0.007694694384114076,-0.003608712462946251,0.012972534711665151,0.009794006493852203,-0.0019646365422396617,0.0006927679227457517
2024-01-16,-0.012317125645438853,0.004633562437253769,-0.006270334220644824,-0.011515487406859926,-0.009442504203854618,-0.02261130565282643,-0.0094881661483317,-0.01761292996270203,-0.003671225979692827
2024-01-17,-0.005173446604585297,-0.002049862915417422,-0.005357461753675796,-0.0005606777971592924,-0.009467223818229176,-0.007267888217831864,-0.011015911872705009,-0.0015819447373970341,-0.005558713915734925
2024-01-18,0.03257061528355587,0.011297404164633873,0.0019749835418036987,0.004861933553574671,0.011798826708852461,-0.0018560527943907168,0.008232888506241931,-0.009295447343403374,0.008892841262783335
2024-01-19,0.015533054127127244,0.012186762129636763,0.017261975869071966,0.00291545189504383,0.0119869706840392,0.0015495867768595684,0.0029887388589422414,0.0031986352489603576,0.012466158786123449
2024-01-22,0.012163290874921628,-0.005418014899541079,-0.0011743291644646936,0.004886194952993472,-0.0036049954937557027,-0.0013408973697783821,-0.0037780024477199747,0.005951748326070705,0.002114296374603475
2024-01-23,0.006653257001392632,0.0060275907291114095,-0.006583975074951565,-0.01637225333907799,0.008011370978162624,0.011258004544515643,0.00389915607306901,-0.007923930269413626,0.002916537387527285
2024-01-24,-0.003483963520852562,0.009175231887691204,0.008935439966861969,-0.005318816094111667,0.005448019484681321,0.01726074966806257,-0.008246874168661766,-0.005857294994675355,0.0010930990388977602
2024-01-25,-0.0016966580976864876,0.005738275039745666,0.014310850439882783,0.0037745344740816034,0.005609740549499476,0.025401606425702772,0.003969957081545017,0.006534547402249569,0.005438925400193639
2024-01-26,-0.009012720811659936,-0.0023217329019191713,-0.0038163524921938086,-0.0003760340937578599,0.008684627575277437,0.008518554783119692,-0.0006946670941541111,-0.0019157088122604415,-0.0012704137040754349
2024-01-29,-0.003585905830994718,0.01433416681108124,0.002612026932899969,-0.000877742946708393,0.013448969331322225,0.0012621359223301543,0.00705844607240258,0.011516314779270509,0.007919410763012502
2024-01-30,-0.019245814426537278,-0.002757981060236392,0.02049441324610668,-0.0037023092369478094,-0.014014634751333244,0.016677979249490882,0.0013805554080603688,0.009065991988193023,-0.0007735054043601641
2024-01-31,-0.019357583492873753,-0.026946327614479015,-0.010835649855335583,0.000818794482584817,-0.023899371069182496,-0.019456366237482037,-0.0007423511320855392,0.009820309235269553,-0.016317301228381043
2024-02-01,0.013340563991323329,0.015594345792041775,-0.003613214039917545,-0.003398363750786615,0.02628865979381456,-0.004085205719288054,0.010400636773679972,0.016345954893440817,0.01308813783962881
2024-02-02,-0.005405116129722942,0.01842587547674479,0.005756058251309426,-0.011050770396564769,0.07866649924660973,-0.004101963082332238,-0.00945328501654319,-0.02208876221498368,0.010527391659852947
2024-02-05,0.00984665052461664,-0.01354506103788733,-0.0013163166027584383,-0.00517208351957088,-0.008730574471800256,-0.004118858487790589,-0.005514023646678412,-0.020193608826897025,-0.003641144937797103
2024-02-06,0.008631713554987153,-0.0003944286946874209,0.0034383954154726393,0.014505776636713597,-0.006811109153895822,0.006893156080748364,0.005224716105987293,0.009773717199617504,0.0029032585524313426
2024-02-07,0.0005810882197569978,0.021110261658733975,0.001884637350085816,-0.000506136910034205,0.00815843925509907,-0.00029339853300736074,-0.00026518164942990197,-0.004839558127301302,0.00834041864043078
2024-02-08,-0.005754712000422435,0.0001449100350199295,-0.003591175967622373,-0.010001265983035745,-0.0040462088782032835,0.01711993738994333,-0.0009018567639256236,-0.0058145681361665424,0.0004416783778358191
2024-02-09,0.0028143585386575243,0.015551423534809539,0.0012013729977116139,0.0023017902813298186,0.02714319359397077,-0.0211599499855728,-0.003876174799554044,-0.002020416843896311,0.0057794188473270225
2024-02-12,-0.009001853322742837,-0.012578765901795297,0.004456888177818419,0.006953304414391459,-0.012095156205216284,0.01375650977694809,-0.0026119402985073092,0.0011720831113479768,-0.0004389465283319849
2024-02-13,-0.011274378840502308,-0.021528680826470192,-0.008703566755788206,-0.008742477035159957,-0.021469188812812012,-0.017737714451875553,-0.013788680455347202,-0.017134951042997004,-0.013773004910375697
2024-02-14,-0.00480977086035439,0.00780173262453232,0.010157236313554474,-0.0046654310730490645,0.013875711574952598,-0.004933885928557369,-0.0005961090337615049,0.005089334055224715,0.009087597150259086
2024-02-15,-0.0015748031496062298,-0.00715524188624872,0.02181446344373117,0.013997688455117396,-0.006901391975669524,0.028659262197540558,0.006723782669992406,0.005171299288946329,0.006899733237057948
2024-02-16,-0.008430327423039286,-0.006149153876426561,-0.004670039472952747,-0.008675278622086946,-0.0017078916372204045,0.0,0.0036626090703437697,-0.005787781350482191,-0.004979980478476476
2024-02-20,-0.004113871976304084,-0.003143097559768271,0.003909959224710935,0.00836793356755039,-0.014335437437319243,-0.0094476043574665,0.006064183750134067,0.0008624407072013174,-0.005505395287381587
2024-02-21,0.004185944040537404,-0.0015144368032969924,0.006509764646970506,0.0051944761180793275,0.009037586784773621,0.020437956204379493,5.334186803218621e-05,-0.007109004739336511,0.0009058700378452578
2024-02-22,0.011243966652040527,0.023546670644984724,0.01199557766721937,0.011154524829846135,0.03552998398481533,-0.0008583690987123971,0.00042671218263290456,0.004881753091776853,0.02069548078276795
2024-02-23,-0.010034170418180777,-0.003182315073484765,0.005025400120172607,0.008663134933001082,0.0023484935273228036,-0.008781977854142808,0.005651524845382783,0.013386591816906046,0.0006896551724138167
2024-02-26,-0.007451238220469114,-0.006823609689525667,-0.0034240991358225337,-0.0064878892733564175,-0.0014857991885252053,0.003948382126348182,-0.002226699183543679,-0.002982848620432521,-0.003662498769321676
2024-02-27,0.008114374034003058,-0.00014722481228834905,0.0004908376963348449,0.0011816655264631493,-0.006810507640359398,-0.002110311750599503,-0.0010626992561104665,-0.00705203547387534,0.0018577442241940467
2024-02-28,-0.006625417510814247,0.0005889859625012317,0.005069501226492301,0.003540812523294967,-0.0021896968998501576,0.0027876574065173187,0.0018085106382979,0.006348864736898552,-0.0013216814944864153
2024-02-29,-0.0036930878624186203,0.014519768468556737,0.009111617312072884,-0.0010523057876818953,0.02079002079002068,0.0019171779141105016,0.0051502601677817506,0.007057313943541699,0.0035949907162327044
2024-03-01,-0.006030428769018048,0.004496663765593212,-0.004138449962377777,0.004585450489527965,0.008259787282190567,0.012629161882893314,0.01891078125825363,0.0030792100233594244,0.00938828530940028
2024-03-04,-0.025381275743070253,-0.001395908543922908,0.007501754007231964,-0.014063656550703185,-0.0035910672202894567,-0.013983371126228272,0.01617502203328325,-0.004022440986556575,-0.0010724383347958666
2024-03-05,-0.02844089091947455,-0.029571965680131207,0.01001714163274059,0.0008133133133132464,-0.01948417614596243,0.012265235722499046,0.006020101015254298,0.01424168349452648,-0.009994144056217014
2024-03-06,-0.005878203620973466,-0.0013907860424686724,0.005197560328825235,-0.0039382384197036435,-0.0035033310360671477,0.010696705793260097,0.008215426745778132,0.005868175626113192,0.005067234512401875
2024-03-07,-0.0007095553453169146,0.017533388047452192,-0.008758507887933309,-0.0029496673779340066,0.019076710276064723,0.005619556055071806,0.005683818721392342,-0.0009375976664234287,0.0099264345267287
2024-03-08,0.010236686390532546,-0.0071369213472159965,0.0018629903656783853,0.004091395480581683,-0.008313539192399078,0.009406724410915501,0.00845253576072813,-0.0017726798748696204,-0.006002214409199347
2024-03-11,0.01183154688689747,-0.004184924425188474,0.0003719052172987958,0.010719658976930724,-0.01933276304533782,0.005905148551393236,0.0018350443882360068,-0.0005223023085761946,-0.0008598452278590907
2024-03-12,0.002778581765557009,0.026599426480767407,0.008231982580062747,0.009365502698009065,0.019946499185857114,-0.006420840212804979,-0.01094059405940595,-0.008361204013378032,0.01075731497418242
2024-03-13,-0.01212261155688965,-0.0004334424966286887,0.008112094395280156,-0.01007742411208068,0.0066423399281603235,0.011170605612998541,0.007007357725612007,-0.004848229342327093,-0.0015673981191220987
2024-03-14,0.010927365160988689,0.024379667549987882,-0.01781795380917539,-0.011731843575418899,0.012432386508453463,0.017712042362822977,-0.004175157811024399,-0.015356915907646762,-0.0019768591197162344
2024-03-15,-0.0021965317919074856,-0.020695169559286963,0.01239559504176202,-0.006469442874191378,-0.02422377622377625,-0.001794204718758463,-0.003194409782879881,-0.00032268473701191347,-0.009942712884746241
2024-03-18,0.006372378635152387,0.002161279477450595,0.012401471361008776,-0.008977114679479148,0.0003439972480219211,0.00925676282915422,0.0016023233688848837,-0.003012696363245082,0.005943157523095932
2024-03-19,0.01358507943817644,0.009800632608070625,0.00586525485310907,-0.0035085480990046936,0.00813846859238887,0.007034728406055235,-0.0011498275258711166,0.002805957263112502,0.005557072105447869
2024-03-20,0.014709223080417777,0.009064806245699053,0.013106971463956008,-0.0028807374687921383,0.012791358726549129,-0.0008842514811212565,0.011911911911911988,-0.00032285837279377727,0.009249384343914091
2024-03-21,-0.04085744668942737,0.009735907626460927,0.013905159680130286,-6.420133538775907e-05,0.0,0.004425170369059206,-0.0010386784053814102,0.002153084293250007,0.0033046418690441115
2024-03-22,0.005310147633774909,-0.0014672659943638644,-0.01225761077062193,-0.0033386837881220766,0.004041538029750269,0.0,-0.008020993216814376,0.009560640240627416,-0.001895825354270464
2024-03-25,-0.008300441142326531,-0.013714605588468487,-0.009154714678059284,-6.442053726718466e-05,0.004696148040476356,0.010221164860340304,0.0031944097828799922,-0.0050010640561821695,-0.0027628019416359173
2024-03-26,-0.00667251975417027,-0.0028614671522491086,0.004670978338979559,0.0035433578147145983,-0.00784597406933396,-0.007501090274749211,0.003233991740882569,0.0027804512886320243,-0.001846970775535417
2024-03-27,0.02121265688527485,-0.000521759753349893,0.019363408777397506,0.014059189831161278,0.008581043185642123,0.010369979787327566,0.007240626859750021,0.009917884184707404,0.008403847265858522
2024-03-28,-0.010559113726847924,-0.0016847400517285838,0.003909382518043403,0.0014560648265382614,0.0030584440860812467,0.011046359919979043,0.012900049236829192,-0.0008447729672650395,-0.00019114245847418054
2024-04-01,-0.008455796594354914,0.00915097927362618,-0.006789815277084443,-0.00259181996333524,0.0032708726022840917,0.0064521679284239575,0.010208049776395,-0.021876981610653212,-0.001739728908176863
2024-04-02,-0.0069987649238369976,-0.007372164778481793,-0.00040213129586796903,-0.0003168969451134984,-0.0015472177709012769,0.019574322591674465,0.014772399191607999,-0.005510534846029036,-0.006358204381798571
2024-04-03,0.00479744136460547,-0.002349088838268787,-0.00281605149351305,-0.021999619603119247,0.009519065803309523,0.00016767270288386982,0.008772345772677825,-0.00021729682746640666,0.0010986045794463273
2024-04-04,-0.004892425582080806,-0.0061124985134973775,-0.013363590519415047,-0.011409308958900466,-0.013211994956416895,0.00352053646269912,-0.005734699633355267,0.007172353836122802,-0.012206156985810623
2024-04-05,0.004501836275322857,0.018282760601129544,0.009200102223357876,-0.0007213114754098804,0.028166666666666673,0.013782158369529007,0.017114220877458175,-0.01391886059559777,0.010446917574599812
2024-04-08,-0.006663521641703141,-0.002185561195713448,0.005216510508989636,-0.005249688299757138,0.0006484033068567818,-0.006756200049435668,0.006228502370549505,-0.00010942116205281405,0.00055938120864929
2024-04-09,0.007242505194419602,0.003980310417108335,-0.006700927045546035,0.004617718846889662,0.002591932609752101,0.005226047283285018,0.00549704360679959,0.009301816590063572,0.001156693399136488
2024-04-10,-0.011139270348323183,-0.007084545369240858,-0.008521430382957162,-0.013723816402915534,0.0015080519200731946,0.008417230566099887,-0.009463867322092923,-0.021793342730131227,-0.010013094046060322
2024-04-11,0.04327095005364168,0.011033407361905168,-0.00020463498235023803,-0.009387483355525972,0.01667114815810722,-0.0033551554828150643,0.019433235935253368,-0.004544446907559285,0.007546876215669407
2024-04-12,0.008626599634369292,-0.014091089664197476,-0.06467788978150757,-0.00853551986020551,-0.015445649299127284,-0.011659413744970815,-0.01323930846223853,0.0053446164124262285,-0.013803088803088781
2024-04-15,-0.02186349476069105,-0.019578099075610367,0.0005470758794243746,0.00047451193058556385,-0.013485198517165342,-0.005732325330231713,0.018719166397713094,-0.015505593088935732,-0.01252813937555064
2024-04-16,-0.01916729399502004,0.002272507494439635,-0.011427634096998096,-0.021275154143234776,-0.0016338089532731415,-0.008272058823529438,0.0012219959266803748,-0.006637417032287152,-0.0018237684606997595
2024-04-17,-0.008147360963513983,-0.006609098364609989,-0.0039823008849557695,0.002215299411561178,-0.01112808204233029,-0.0005055185778077842,-0.007368230720549707,0.011098527746319364,-0.005918217385259994
2024-04-18,-0.005714285714285783,-0.018380924630924667,0.0064971123944912446,0.00670028320784688,-0.011363636363636354,-0.0009272528028323457,0.003415456077234813,-0.00504032258064524,-0.002057736489861184
2024-04-19,-0.012212643678160884,-0.012739011056966842,0.025103448275862084,0.014889529298751203,-0.0256109809173084,0.011474856564293034,0.0031315240083507057,0.0036023865811101174,-0.008728379244074214
2024-04-22,0.005090909090909035,0.00461014231308865,0.01942949407965555,0.008180650395510858,0.01488862165721816,0.005672339005672322,-0.024702529068452272,-0.0016825574873808868,0.00920914451894328
2024-04-23,0.006391702846116676,0.016485434956105438,0.014413177762525597,0.00295064377682408,0.013033910737459742,0.003898473788984669,-0.0024585981351764596,0.0003370786516854185,0.01186664532137982
2024-04-24,0.012702216896345098,0.0036558137252495904,0.004892266056000905,-0.006886868146563252,-0.016430878912777058,0.00016524828554898008,-0.0018601190476190688,-0.007076266427047062,-0.0004746366063481666
2024-04-25,0.0051473198438052314,-0.02449518408057494,0.0015019680961259052,-0.011512825691779471,-0.01653547766011676,0.002313093762907892,0.005963473723443968,-0.00701357466063357,-0.003798895945865799
2024-04-26,-0.003472835364058957,0.018243785084202102,0.0006205719604903681,-0.004631521591063947,0.03426037887948419,-0.02777548833759169,0.0032419414597999463,0.0052403736614261565,0.0094738723708514
2024-04-29,0.024808033077377445,-0.01001673557786964,-0.001085327407101211,0.004653072396332281,0.007460193742345078,0.014242115971515812,-0.0020312067214476315,0.008386219401631978,0.0035414945106835294
2024-04-30,-0.0182708933717578,-0.03211932877563706,-0.007967715231788075,-0.015188666394224115,-0.032935455349248466,-0.01145101972584428,-0.019937089462484958,-0.008541245223645855,-0.015841273575657788
2024-05-01,-0.006047085070157943,0.014409369943235939,0.0006258475018254828,0.04557714918044131,0.02285714285714291,-0.01893971421324081,0.009062160758955828,0.003854001360235726,-0.003247141320371294
2024-05-02,0.022031896042528087,0.007342887527219233,-0.0010424267695194889,-0.008334435771927606,0.03195530726256979,0.0018098767560112972,-0.0030871415875391994,0.004290876242095676,0.009353452583191757
2024-05-03,0.05981621684101013,0.022169716468932288,-0.006000208702911403,-0.004335645677694622,0.008066262451277728,-0.002064693737095613,-0.0007976352460938863,0.010119181470654492,0.01239530324931204
2024-05-06,-0.009106772821463549,0.016918310136231796,0.007821111752663867,-0.0046224961479198745,0.0133719993555661,0.006465517241379226,0.010518407212622094,0.003895814781834206,0.010326820395470282
2024-05-07,0.0037972593693247347,-0.01015621221647256,-0.0013020833333333703,0.0009422533315384118,0.00031796502384739966,-0.004967880085653076,-0.00460037174721184,0.006098237055105926,0.0011034322550669273
2024-05-08,0.0018640350877192624,0.0029315483461183067,0.02033898305084758,0.0015465303926842644,-0.004026276753549385,-0.00017216148747523086,-0.0029410391671723657,-0.006061273969583447,9.668561704767598e-05
2024-05-09,0.010014227864725722,0.00433575291080035,0.009455660618451267,0.0060422960725075026,0.007978723404255428,0.019715884631941405,0.015778630957954842,0.004878589644084608,0.005761905682631019
2024-05-10,-0.008235357858806913,0.005869227784245368,0.006430379746835468,0.00040040040040034697,-0.01065963060686026,-0.004052684903748771,0.008112468310670806,-0.005627275736511006,0.0012880404483150976
2024-05-13,0.017645452062277966,-0.002459372136760285,-0.0002012376113096348,0.008738576479220939,-0.00485385107744829,-0.00042387249915221137,-0.011202048374559959,0.0025521526853082843,0.00013439827970196383
2024-05-14,0.006173502254670504,0.006864546069805577,0.013988829064560004,0.0010580611030286402,0.0026799592646191694,-0.00203545076753453,0.008462036437621334,0.005644714997232958,0.004588124628054802
2024-05-15,0.012217894680680796,0.015652006913769778,0.0029775197260681896,0.008521601268331347,-0.005773239963649868,0.00773349196906592,0.012838736301526765,0.01364736957957291,0.012382954328301166
2024-05-16,0.0006325110689437974,-0.0049399640729884675,0.0017812082529315987,0.010545621274644645,-0.0126888542394753,-0.005987518974531869,-0.003893340576757609,-0.000977198697068249,-0.002057457812676855
2024-05-17,0.00015802781289497858,-0.0018527756003706708,0.011458487677186602,0.0023334197562872028,0.005826934596743438,0.015016543649783554,0.01649775030677625,-0.0067383980002174715,0.0014375153681740471
2024-05-20,0.006162110917996566,0.012208181623474035,-0.044972899067337146,-0.02179255043973083,-0.006280454791553813,-0.008107656302240085,0.004023964946794356,-0.002954371375423981,0.0011521390121822517
2024-05-21,0.006857202680067065,0.008698923214369714,0.020145209121587015,-0.0001983208831890515,-0.002124877410918491,-0.006909918260723069,-0.0014695404346277696,0.00515803336259868,0.0024525525412217863
2024-05-22,-0.007538341564855666,0.0034495618124184,-0.006064554931836441,0.01494313673631309,-0.0001092001092001249,-0.020110309715740238,-0.018373990991392697,0.0012010044764712013,-0.002879403794037838
2024-05-23,-0.021058145625982294,-0.008176159063458144,-0.007009227976400689,-0.024755700325732932,-0.011358051657292534,-0.01705923103567719,-0.0199445731679615,-0.006434023991275906,-0.007304229658569694
2024-05-24,0.016588184931506822,0.007400468384074932,0.01924639447491372,-0.018236472945891702,-0.00165700082850051,-0.0007928816844331443,0.0009271277582050264,0.0029634507737898996,0.006616472735569312
2024-05-28,5.263711969694107e-05,0.00037195462153616354,-0.006028598475412372,-0.01762264407702252,0.007745504840940498,0.012696173514371356,0.010513153019636956,-0.014335740862333135,0.0006988516168024983
2024-05-29,0.001579030475288068,-0.0026724298196689755,-0.0069674185463658445,0.00041557002354908334,-0.000713697502058741,-0.010708688838586111,-0.0093038177735002,-0.012101698678805284,-0.007002510333893097
2024-05-30,0.0052551368963160705,-0.03378614535032742,0.006158194942203821,0.005815563555801706,-0.01483353477639826,0.0031681774179352917,0.0018967431532197487,0.009665093279388692,-0.006633719825128281
2024-05-31,0.005018558210047708,0.001109315841512526,0.01655546079365866,0.009567731277532854,-0.01606067365603392,0.028686726905869042,-0.005864154776746511,0.0067898486197683905,0.00910813034576452
2024-06-03,0.009258777633289972,-0.0038783031821357783,-0.003997433746236956,0.007295288743437878,0.010768533212423437,-0.023963841037011768,0.008917789131444476,0.012714206744057321,0.0008153668202588449
2024-06-04,0.0016492295005927637,0.00616656993615794,-0.013180061440887902,0.0004061188574522312,0.005607267018055362,-0.015552643075578909,-0.008977073934260171,0.011681222707423666,0.001117847669571903
2024-06-05,0.007820941600205966,0.01908332732472906,-0.009540068286804648,-0.012381596752368162,0.010817441730790689,0.003993964675601314,0.011845589259998901,0.0073378655444047425,0.011885160582145726
2024-06-06,-0.0070965436258744186,0.001202801820711752,-0.0017743080198722172,0.003082825238062581,0.020520741394527864,0.007514144271570045,0.007391424111651945,-0.0014997321906802252,-1.8703125292174327e-05
2024-06-07,0.012392019744960958,-0.0015782530858380328,0.015438525214565013,0.00450758093156689,-0.003783783783783745,-0.010704571378432948,-0.03568336143644901,-0.018345671065336244,-0.001215725881868801
2024-06-10,-0.019147747473208354,0.009484487436593136,-0.0017004251062764375,0.00033995104704920287,0.0149755832881171,0.0029268292682926855,0.009168241965973545,-0.00666666666666671,0.0030898297784685003
2024-06-11,0.07264913007456508,0.011241732301867424,-0.026301287510645754,-0.0025147828451029808,0.0009087993157275154,-0.008047400070746336,0.0028566076613281144,0.010342171856089655,0.0024082440353956347
2024-06-12,0.028578324885348616,0.019367662013497267,-0.014560609178843498,-0.009198691741618914,-0.0018159482988837627,-0.011054649193188881,0.002661685734298258,0.007513884351519007,0.008213055219294052
2024-06-13,0.005491153142159977,0.0011789779168367431,0.011120973215684282,0.00027508424454980585,-0.016373267697575966,-0.008023077616514884,-0.008150149031296627,0.014699524427150834,0.002013447613418151
2024-06-14,-0.008168409260642218,0.002241949363648743,0.0006196426727254067,0.0006187693365418134,-0.0009247674481859258,-0.00845147219193032,0.012959571770671863,0.008414997869620855,0.0006083510000920445
2024-06-17,0.019671513953597675,0.01310527148247731,0.006192589534523618,0.0028170949567130066,0.00217793749319406,-0.006873797085510058,-0.0051916747786584505,-0.009929227844090005,0.007959025756291815
2024-06-18,-0.010984446393132341,-0.004527510761201725,0.01036003692686438,-0.0020554984583760483,-0.0067912637183527025,0.009413067552602294,0.004007268999580482,0.009175290728688834,0.002540668981904526
2024-06-20,-0.02151290307527176,-0.0014338844826813357,0.008477157360406107,0.014624098867147328,0.01799682730704011,0.021576156518559042,0.012484336566575438,-0.006660323501427312,-0.002716549071086094
2024-06-21,-0.010444486837085099,0.009154139555755059,-0.011929330044797792,0.006563811070510184,0.01601289629231606,-0.00877035976373719,-0.015493215988265474,0.0,-0.004552102376599643
2024-06-24,0.0031326810930645266,-0.004691182355818335,0.01314314824248597,0.0024873949579831134,-0.018563570975248633,0.029703864210906428,0.003957537945805001,0.004044274159216821,-0.0032506290058951226
2024-06-25,0.004468146439896348,0.007326825563473083,-0.004072807723250249,-0.012942596566523634,0.004149377593360981,0.002805786935554666,-0.004962203774984908,0.0016959932160272029,0.0038508309687881326
2024-06-26,0.019993303678193852,0.002683224304246723,-0.0032311808956428933,-0.0025137577281065804,0.03901470430396059,0.00034974206522675466,-0.009228187919463005,-0.014285714285714235,0.0012480957362845935
2024-06-27,0.00398593200468933,0.0015260084925690087,0.008813250265916839,-0.006947282386595699,0.0218996952636743,0.004282842408880327,0.011336908457992179,0.0039720880300588846,0.0015765063885171404
2024-06-28,-0.01625408687529184,-0.013028596665562664,0.015514384696490469,0.0024691358024691024,-0.02324993682082388,0.0019147084421236027,9.302758267826228e-05,-0.018605645851154762,-0.003935062320405525
2024-07-01,0.02910454847592825,0.02188164224186151,0.015771778898447497,0.0019157088122605526,0.02043984476067262,-0.001389854065323215,0.0026045300218595635,-0.0203748093266507,0.002057991253537228
2024-07-02,0.016239907727797043,0.005583167297965819,0.016451691409102187,-0.0027997814804697763,0.014198782961460488,-0.006784968684759751,-4.638864405992482e-05,0.007785563341119017,0.006729746580115048
2024-07-03,0.0058110500749080085,0.003244208326075526,-0.0006704017621990133,-0.002328288707799775,-0.012050000000000005,0.005079698721317305,0.011272963444052708,0.013133208255159401,0.004462578095116854
2024-07-05,0.02162040171518842,0.014736202443735635,-0.018688006133499524,0.005422472372846432,0.012196973531049204,-0.012112234227954044,0.013486857195284196,0.008278867102396559,0.005766510717005735
2024-07-08,0.006538835380401231,-0.0028231670801608377,0.0018555593534841375,-0.006826870562534171,-0.003550000000000053,-0.010496604039869406,-0.012402118318019295,0.002160760587726962,0.001153901629886045
2024-07-09,0.0037749100166799554,-0.014370281400137297,0.011990057025881073,0.010791861424250815,0.0002508906618496898,-0.011053663754680088,0.0016957697419679452,-0.004420008624407168,0.000972482351246251
2024-07-10,0.01880356830505492,0.014601558079818888,0.0008187641477628294,0.016184971098265777,0.002257449583625837,0.00883360374977471,0.0036603221083455484,0.0031402273957770177,0.009895289842035249
2024-07-11,-0.02322087732852607,-0.024772117962466478,-0.0016843118383061961,0.0018068660911463308,-0.02372491115671449,0.011883488205861381,0.017733406272793628,0.009715025906735786,-0.00862253260172452
2024-07-12,0.01305092938436525,-0.002529140092368598,-0.012099301036394228,0.0012024048096193063,-0.0028710587028967227,0.00017660044150114018,-0.0006270996640537208,0.004276245456489081,0.006307504312823342
2024-07-15,0.016743298343020685,0.0009039797155769858,0.024934127061579048,-0.004270082732852898,-0.009100724973006402,0.01712721815131979,0.0032271077047196783,-0.011496700021290218,0.002750049108019681
2024-07-16,0.0017918088737201021,-0.009780597409463354,0.016995953344441705,0.01186009112838371,0.0015566625155667424,0.0072042357434252136,0.01992583657239866,0.01410725823820802,0.005930226345876477
2024-07-17,-0.025295971382335414,-0.013347570742124892,0.015213931279842718,0.036884974504999724,-0.026370324318723437,0.013788348845225729,-0.004643216960883101,0.00021238186258898395,-0.014021173388096053
2024-07-18,-0.020534778049632996,-0.007102272727272707,-0.031770184903398446,-0.007408353557287195,-0.022242324269674874,0.009860591635498128,-0.006381199665537074,-0.007644123579997886,-0.007684849355406476
2024-07-19,0.0005798911588901223,-0.007402865771964473,-0.0009524716639679465,-0.004696950199459482,-0.0033741496598639342,-0.02297979797979799,-0.01793781557268137,-0.0058842409329196155,-0.006640610863822172
2024-07-22,-0.001560340600062382,0.01333760380682203,0.002383449327867382,-0.002909043894240071,-0.0031671490198218466,-0.006892392521754109,0.00031569927389174524,-0.0029057253551442175,0.010309841709320589
2024-07-23,0.004688337203071935,0.004312096446471347,0.0002377782004945317,-0.012253630705394314,0.021144891810462862,-0.016136028454931894,0.0035166816952210134,-0.0014031300593633222,-0.0015685567474984508
2024-07-24,-0.028754277587662802,-0.03585478251095886,-0.008272714306090445,0.025795864785034484,-0.029934016415428255,0.014108103341857081,-0.0035043579836463445,-0.01080847384349326,-0.0226624291234786
2024-07-25,-0.004804612427930732,-0.024481231056190267,0.0003835274941270672,0.021499872024571154,-0.005419454736492968,0.02104164855229973,-0.01564472497745717,0.008194930069929995,-0.005210354193226685
2024-07-26,0.002161018897420597,0.016419694072657753,0.017108352901710866,0.006264094211976934,0.014734500973033082,-0.0008515711487695476,0.010534511977281946,0.007803186301073017,0.01119964339443924
2024-07-29,0.0012846393833731984,0.003433113081101613,-0.006549189596683047,-0.012948207171314619,0.003835616438356171,-0.01048325236512404,-0.0014050673072565356,0.005376922249704208,0.0005877599000807532
2024-07-30,0.002565982404692191,-0.008928362196236495,0.02058335309461712,0.017469727547931413,-0.00813318777292571,0.01782945736434116,0.009985475671750343,0.0038506792170285298,-0.005066451281298123
2024-07-31,0.014990859232175469,-0.010805826160976029,-0.011106464055021026,-0.02157069360937225,0.029002256342523625,0.003554201574003546,0.018110731619629616,0.010229088971763556,0.01625461254612537
2024-08-01,-0.016750720461095048,-0.002964025337635956,-0.022744360902255623,0.018435223313272076,-0.015563161835490447,-0.013829159288304194,-0.0034429485764732037,0.0052737053053475424,-0.014160962945480193
2024-08-02,0.006869389998168218,-0.020666011363908776,-0.04241200230813624,0.021025130629509725,-0.08784701472265977,-0.0005985463873451335,-0.0019045931700403251,0.031161473087818692,-0.018618441649325135
2024-08-05,-0.0481670153734195,-0.03265685818502295,-0.02129155368082747,-0.01760692092116478,-0.04097677188802851,-0.018052703627652322,-0.012691932191355337,0.005291005291005346,-0.029123662976168085
2024-08-06,-0.009748172217709294,0.011286853093761984,0.027911749615187276,-0.014139534883720883,0.0056514718668487784,-0.005314977781650243,-0.008000719165767722,-0.022368421052631482,0.009219529166183404
2024-08-07,0.01249819041644562,-0.0029528790570806374,0.0002994908655287176,-0.00044033465433723773,0.005187426665843375,0.013314646110721862,-0.0006796556411416965,-0.0070400662594471974,-0.006683903092980947
2024-08-08,0.016633304737394106,0.010691965966418193,0.0182634730538922,0.00830711139081175,0.018615223935614766,0.019104426002766184,0.01568805259578321,-0.0061516004587635065,0.02311726371804257
2024-08-09,0.013735877361586546,0.008269388363256969,0.00852690385180832,0.002496567220072521,0.006875753920385863,0.008143184324370223,0.0024552475335923862,0.009861519093579574,0.004409686233864285
2024-08-12,0.005965593784683643,0.00194571695975565,0.0018950437317784008,-0.004607147304196313,-0.0008386246555648347,0.0012620950778292617,0.017144638403989942,0.0036359858715977467,0.0005253381864573914
2024-08-13,0.01719303084632018,0.01769867997345198,0.008487317522673177,-0.009319489617212962,0.02056354916067127,-0.00957983193277312,-0.0015323322096230108,0.006935099886140161,0.016445702927222472
2024-08-14,0.002033714466488812,0.006883891693437505,0.011060882947004025,0.0005682176905108527,-0.0007636726781412584,0.009248260648226703,-0.00815574848724021,0.0062705592105263275,0.0031547487270313646
2024-08-15,0.013530579108785856,0.010003358441682986,0.006230974124809663,0.003849066128218226,0.04403292181069962,-0.0018495166036149868,0.0031388152077806986,-0.008070282970681464,0.01714022988505759
2024-08-16,0.005918476326094657,-0.006080326817566317,0.011439376034034554,0.0018857250612860366,-0.00298440227490282,-0.004716583845700395,0.022387730818386187,0.0035015447991761928,0.0022420308460049387
2024-08-19,-0.0007078080070781478,0.007312352139938305,0.0069168575033882185,0.0015057406361753678,0.006551451485372173,0.0030464584920031346,-0.0016380016380016515,0.00461822660098532,0.009561436741173823
2024-08-20,0.002744698747177754,0.007757454985410472,-0.004316546762589857,0.0033201779114202523,0.0037032880709235716,-0.03332489665063698,0.003669962436855023,0.007968127490039834,-0.0016261324851235548
2024-08-21,-0.0004856297735198467,-0.001553672316384258,0.00037292560134249975,0.007929570429570543,0.006876118067978609,-0.006371094431838031,-0.0013335627634861735,0.0006080875646092831,0.003436549131913269
2024-08-22,-0.008259717314487602,-0.020252746734568672,0.009459459459459474,0.005699064610047655,-0.022097607017933618,0.007729468599033895,-0.011975016153349172,-0.00992606097437465,-0.007848453497912966
2024-08-23,0.010288157484523275,0.0029839971122609388,0.007755158565295739,0.010963966738527953,0.005166638278544244,0.013858624596879476,0.011553385359898805,0.006547314578005059,0.010625292150587828
2024-08-26,0.0014988538176687882,-0.007917656373713444,0.003939352297192,0.0029245110583075995,-0.008698599186624412,0.021406464924346613,0.0031893802258424753,-0.002540908628925753,-0.0023837902264601807
2024-08-27,0.003741526542829554,0.0008464533604197744,0.004608294930875667,-0.010084442014458572,-0.013561253561253483,-0.009510983923912142,0.0027066506272555024,-0.0017322192785815815,0.0013730630004100686
2024-08-28,-0.006753497346840276,-0.007829112700560525,0.005041329821055429,0.005952746241178364,-0.013401109057301297,-0.009857239972807741,-0.00702686490423754,-0.0012248647545167746,-0.005805256784671253
2024-08-29,0.014570179698882857,0.006137359961032596,0.0041574404627413575,0.0018911664226453073,0.007728337236533989,0.013817370408513607,0.005177993527508029,-0.0032703117015839833,8.955758552753323e-05
2024-08-30,-0.003437921580573544,0.009730828814872083,0.011655641060258404,0.00992510503562083,0.03706716244480601,-0.0016083975281468987,-0.007125992702296635,-0.010663385624935962,0.0095459837019789
2024-09-03,-0.027205240174672407,-0.018459030541305044,-0.020017793594306,0.007837935608344226,-0.012605042016806678,-0.02094285229777848,-0.004323576462449741,0.013058348015338339,-0.02057905194436549
2024-09-04,-0.008618754769493253,-0.0013188745603751606,-0.004403086699954595,0.0011964584828907388,-0.016567375886524793,-0.012210963886723825,0.0006079291328324743,0.012890025575447606,-0.0020468048108969183
2024-09-05,0.0069277790355444235,-0.0012472487160675172,-0.007750877672913048,-0.014161089866156829,0.026308198234581193,-0.007802910748728742,0.008332248405155562,0.005655994344005544,-0.002432162628187684
2024-09-06,-0.007015019336271244,-0.016381400132226553,-0.02375591600422733,-0.003697193769319429,-0.03653943448198327,-0.0046832199346116266,-0.007402625349687941,-0.0001004318569849394,-0.01683011590036576
2024-09-09,0.0004075717779186139,0.010007468259895624,0.020474442247952584,0.013566127266090966,0.023396930976136376,0.021040482954545414,0.00420587087542823,0.004319003615909978,0.011196239544007724
2024-09-10,-0.003621384274138717,0.020901114068815785,-0.05188875051888753,0.004621571334253449,0.023660205245153998,-0.03643161464220512,0.004404145077720356,0.007000700070006971,0.004355703592540339
2024-09-11,0.011585116532642603,0.02134234669241919,0.008124148667055797,-0.015294539371490057,0.027680311890838194,-0.009926006136076415,-0.001590576906542851,-0.0007945178269936903,0.010258933289600813
2024-09-12,0.0004940267672686183,0.009360816944024242,-0.0030401003715677666,-0.0010921004732435957,0.013440277476696183,0.013762304046664342,0.01756727664155,-0.004671503826657375,0.008423217055661958
2024-09-13,-0.0012120123894600043,0.008407494145199035,-0.011035818005808329,0.005344995140913689,-0.0027272727272726893,-0.0007192304234469038,0.009943722760546558,0.00269622528460145,0.005222772719955637
2024-09-16,-0.027775280898876487,0.0017417961401797744,0.017325763508222458,0.008881101981633721,-0.008579548501260192,0.014035087719298067,-8.379420144133398e-05,0.009162434020515864,0.0014768420490738343
2024-09-17,0.0021727071005916976,0.00883293921268602,0.00668719330318468,0.00047907060302998516,0.010763156471415458,0.013042321000798607,-0.005530880750858946,-0.004835685384387611,0.0004086418875701714
2024-09-18,0.01798975967526184,-0.009973572331379965,-0.008219832735961718,-0.005506673849284605,-0.002407962328767055,0.0035032404974599807,-0.00771045757141664,-0.012395874652915473,-0.002965883460315899
2024-09-19,0.03706556708505149,0.018291126018430415,0.014214812316291514,-0.008004814926271475,0.018451965885318833,0.01239308779891779,0.01554074136979322,-0.003313585701375632,0.017064481653010333
2024-09-20,-0.0029274260497226257,-0.007795937906038497,0.0028981375902699114,-0.004004368401892999,0.00911149734028549,-0.0062931034482759385,0.012710624242170843,-0.0038283296393311073,-0.004781253283827835
2024-09-23,-0.007581069237510896,-0.004043467273186718,0.0016580605428964112,-0.005726120857699746,0.011899791231732681,0.018131343801509603,0.0019404648858427631,-0.002123786407766892,0.002498900131984172
2024-09-24,0.003974036296198191,-0.010011303084127232,0.000709421112372377,-0.002695748070089432,0.0004126263668249308,-0.0026414451261077554,0.013969012691610327,-0.00020269585486976105,0.0028613056681938698
2024-09-25,-0.004398117605664775,0.006850432229652537,-0.006616569781180637,-0.013392308637424799,-0.007372654155496039,-0.01947885519008974,-0.0013817206485959854,-0.008312214901165849,-0.002205496236653226
2024-09-26,0.005080178468878316,-0.001851380435537231,-0.0019506161092345264,0.004919053549190533,-0.007115774165065258,-0.01716476431123115,0.005086883978350221,0.002351017070428396,0.003964634060767747
2024-09-27,0.0011867088607593335,-0.007627924230831695,0.0034321670321288966,6.196170766470388e-05,-0.01668759154634858,0.026773049645389957,-0.007935865252247098,0.00520089740974905,-0.001450288310326675
2024-09-30,0.022871943456692634,0.005326853885332605,0.0017102137767222025,0.004089219330855043,-0.00872479651008129,0.012087722327750017,-0.007999346992082268,-0.004768185046160056,0.004007209477312923
2024-10-01,-0.02914163090128752,-0.022333255867999058,-0.01811628568718593,-0.0004319387881031034,-0.006440186765416245,0.023118921685719274,0.010491236731671183,0.003975535168195821,-0.008958449525934165
2024-10-02,0.0025197825029839027,-0.008462288145665409,0.0012074961360124536,-0.005062040866720352,-0.001998595581483298,0.013257733677978667,0.00020357477301402582,-0.008427251497613919,0.0004220744961485057
2024-10-03,-0.004894611517770597,-0.0014144271570013522,-0.00993776834386606,-0.00415710119749324,-0.015154795410261879,0.008722843976300299,-0.0006920133517869242,-0.009420438255171026,-0.001828217839187074
2024-10-04,0.005007311561129102,-0.001152350314495676,0.029186766067339054,-0.0013084112149532867,0.02500549571334343,0.018355359765051427,-0.001996007984031989,-0.012301013024601959,0.009087386847944634
2024-10-07,-0.02253086419753092,-0.0156708167091284,-0.001372976043935159,-0.004741406201260179,-0.030614980430003658,0.00432588320115368,-0.0033877551020408125,-0.007535321821036112,-0.009040455164229244
2024-10-08,0.018404077766250193,0.012623919519460847,-0.0008533636751528739,0.001002946154328388,0.010619469026548645,-0.026561378320172246,-0.007371913011426368,0.001687229779605559,0.009457555477280666
2024-10-09,0.01669840988616733,0.006631139832654176,0.012669039145907446,0.006011647567161438,0.01340849387040266,0.0004097017371353928,-0.005446218591409813,-0.005684808927255425,0.0069263918209256925
2024-10-10,-0.002178269582643555,-0.0038806113160542166,-0.0027176459563301725,-0.0008714596949892517,0.007992655397742743,0.008600212957654119,0.007342874922215303,-0.003917416622551628,-0.0017500086634092415
2024-10-11,-0.006505413901501833,0.001154290111581524,0.04439954895696285,0.005918634352999996,0.011626038039110664,0.003816793893129722,0.010913433819289997,-0.004039115646258473,0.0059882318226789355
2024-10-14,0.016479894528675043,0.006773635664873101,-0.003643888613972801,0.000867087823609447,-0.006778942908590158,0.0038022813688212143,-0.0016295270297795872,0.000693703308431104,0.008178336036440248
2024-10-15,0.011024643320363126,-0.0009543350670420114,0.004108723135271886,0.015470297029702929,0.0007998293697344394,-0.030061250805931694,0.003468396784592098,0.012211379512611309,-0.0077697152245346235
2024-10-16,-0.008851828094932568,-0.006256865835602032,0.005620756328971632,0.00109689213893982,-0.004262347487879015,0.00257582052347316,0.005001626545217963,0.004214519018017171,0.00434647624961193
2024-10-17,0.0015963413581845387,0.0014418917619918314,0.0034877481666963916,0.0011565619673727934,0.0034244742896891722,-0.0025692027183822352,0.005988266235079864,-0.015843038505928053,8.586639189434031e-05
2024-10-18,0.012276545337066569,0.00345555768861594,0.004233134301755648,0.003952088526782971,0.007785420999306902,-0.0028250934773575986,0.01061818766842304,0.0007462686567165644,0.0038464840731518013
2024-10-21,0.006297872340425448,0.0014826860531853558,-0.010516040289302087,-0.013868701550387552,0.0004233028202549338,0.0005832847262727814,-0.00019898913519322825,-0.017470970491104687,-0.00164217656819321
2024-10-22,-0.0026217861975641465,0.020846267730073142,0.0050224215246637005,0.0038076521525516327,0.0033320992225100987,0.005163224516988807,0.01078735769445105,0.0009758213162744944,-0.0005311584394221969
2024-10-23,-0.021622996692953533,-0.006806858319103548,-0.0031679457433517744,0.014744570204955787,-0.0263046916183447,-0.0035625517812759577,-0.012050565116370704,-0.002707972270363901,-0.009137351710896358
2024-10-24,-0.0008233662679840714,0.0003061705134244086,0.007027438342061654,-0.013203906909441843,0.00904119971847761,-0.005653945289764595,0.007693227568063232,0.006408167698490397,0.0021626671741725723
2024-10-25,0.0036431452487313276,0.008052174322510597,-0.011867721575251067,-0.017046495998044753,0.007779804700075221,-0.0008361903169161744,0.0020569620253163556,-0.005611914526224893,-0.00034528002209799347
2024-10-28,0.00859945551186203,-0.003643582856475591,0.014349332013854577,0.004475385380407815,0.0029814193685777646,-0.004937651686333533,3.9475761882235005e-05,-0.002713262426741969,0.0030913235700471553
2024-10-29,0.0011568123393315144,0.012564757729904619,-0.011529933481152943,-0.009344059405940519,0.012951855194012651,-0.01362489486963836,0.01089488019579199,0.0015235607791925787,0.0016183737065922355
2024-10-30,-0.015277956091924505,0.0013427480032410788,0.0067743382682816655,0.0032481729027422634,0.009956505790494008,-0.005030695770804949,0.0055058768401734515,0.002933825926328293,-0.003025250528559398
2024-10-31,-0.018209474141677506,-0.06052759346172509,-0.01109576222093489,-0.004669696781022359,-0.032843874850827515,0.000771274316565318,-0.015495145631068019,0.0016251354279523955,-0.019603110291201875
2024-11-01,-0.01327962462927712,0.009892949427833031,0.004596250901225618,0.001688977855623497,0.06185622317596562,-0.01567049152252098,-0.004102402272099681,-0.01741481882098428,0.004220596510973618
2024-11-04,-0.004037503925351071,-0.004654336330628506,-0.014174217278191459,-0.011802910135514821,-0.010862426110241019,0.0318399304045236,0.0014259119895434491,0.015521796565389767,-0.0021539646959932712
2024-11-05,0.006486194315571403,0.007344660431866101,0.007780507780507762,0.0006951466127400607,0.01900091939932569,0.0029508473147288328,0.0022544792943874903,0.005311653116531145,0.012091749881539604
2024-11-06,-0.0032669501006936663,0.021192825548048466,0.11544539256851327,-0.0029681086201452933,0.03804511278195499,0.01714862138533957,-0.0303867403314918,-0.027388397670907838,0.024865614704352224
2024-11-07,0.021372126436781658,0.012494645152077766,-0.0432283655792115,-0.007284013174562953,0.014293302428895593,0.0012396694214875659,0.016076516076516167,0.012527716186252702,0.007732133188955048
2024-11-08,-0.0022859152452961995,-0.006793126953905437,0.002538285810982366,-0.008039303260384045,-0.008902642228040936,-0.00033016921172102087,-0.00676947726817545,0.012701193474214278,0.004331693557865224
2024-11-11,-0.012028551286570432,-0.01072087849671044,0.009747658030213602,-0.0027658069080852554,-0.006436737438754947,-0.005284452150937202,-0.023471527665752667,-0.0048653908530650325,0.0009528745047560072
2024-11-12,0.0,0.012009282074591399,0.0011283379999165177,-0.01547987616099078,0.01000773544768907,-0.0009960986137628192,-0.00863137028165517,-0.014993481095176064,-0.0031064199345314236
2024-11-13,0.0039691388306650754,0.005129659834999911,0.006678911337451909,0.0039308176100629755,0.024843233928485864,0.009306190278354887,-0.010081233076442486,-0.009485991617030676,0.0004858435248786819
2024-11-14,0.01377043354655294,0.00397460018814666,0.0029441034997512716,-0.00894022448446885,-0.012237272302662361,-0.007491561702478,-0.0026090981778394973,0.00579064587973277,-0.006430114368961348
2024-11-15,-0.014109192884059207,-0.02785260840029047,0.014222516227725635,0.014025153091459686,-0.04194250047285786,-0.01036828135368284,-0.0017720771275473446,-0.0026572187776793266,-0.012808628971096359
2024-11-18,0.013422222222222224,0.001831325301204778,-0.0011414129061187994,0.0050000000000001155,-0.0044913873945018334,0.008381527114240228,0.019020245995181595,0.001776198934280604,0.0040973111395645745
2024-11-19,0.0011402508551880963,0.004882624591110218,-0.007917397869648624,-0.011436324869160797,0.014427367377293221,-0.013963926523148595,0.008959309801318982,0.0050975177304966035,0.0036555300518574807
2024-11-20,0.0031540213772560666,-0.005505158093779161,-0.009502653338269829,0.0007189542483660993,-0.008455109720932552,0.014245974879878665,0.0056320657759507675,-0.003197353914002221,0.0003388107741826296
2024-11-21,-0.002096069868995576,-0.006305807600664237,0.0165296120940277,0.015609692378028672,-0.02218059936908512,0.01338098404255339,0.008339465293107695,-0.0007742506359915691,0.005368331922099845
2024-11-22,0.005907579205321145,0.010003148690871155,0.01548455630004919,-0.0021221864951769254,-0.00635144671841914,-0.001148199786762949,0.012892240330819815,0.0005534646889528982,0.003099364967069196
2024-11-25,0.013050854830991332,0.004292565947242366,0.007000603500301628,0.003931172262679805,0.021966314935064846,-0.014943755644962753,-0.029458853666346485,0.02588781944905416,0.0033920505113262944
2024-11-26,0.00940438871473348,0.02196805081305664,-0.0012785169203722857,-0.008088329695724705,0.03181931000248217,-0.016670834375260513,0.0019383041900362663,-0.003882238757683565,0.005221495155054878
2024-11-27,-0.0005530502850336072,-0.011682515946634275,-0.0007200864103692473,0.005695055656225634,-0.010199172519965383,-0.00262778672543873,0.0022226795636963725,0.006928656490202467,-0.003030050778323412
2024-11-29,0.010215808964372464,0.0011111373791341528,-0.00028023539773402995,-0.0025096525096526268,0.010450082628560287,0.0025497195308514797,0.008624584171834648,0.010321470809590227,0.006212113621561821
2024-12-02,0.009522605654573857,0.017758465970811876,-0.013895563030594249,-0.0013547513063671968,0.013564866034922352,-0.0009325194981349982,-0.008754428111893864,-0.0010641694157709214,0.0017923823749066425
2024-12-03,0.012771818523310774,0.0005104645227156368,-0.005807106598984757,-0.015762273901808732,0.012956195719235009,-0.0015273652948663008,0.0020128162997041787,-0.00862895493767979,0.0004638603117803619
2024-12-04,0.0014836183803832448,0.014424860853432309,-0.005800179723878696,-0.012404830664216382,0.022113943028485794,-0.028809382170476794,0.00303365719673665,0.010745755426606385,0.0062095345332913165
2024-12-05,0.00012345170980609943,0.011887888070961417,0.008545603944124736,-0.006313550873928264,0.010955262192886117,0.004375218760938049,-0.007397719377120082,0.0020199872421857723,-0.0016456571108843798
2024-12-06,-0.0008229098090848375,0.0021463106050336744,0.0076584650480691074,-0.001404494382022503,0.029381092722738478,-0.010541906255445266,0.00037058387548372096,0.0014854111405835368,0.0018956252266508766
2024-12-09,0.016101136550815243,0.00552336722501523,-0.014351552393273015,0.0019422677650524633,-0.004140421970664665,-0.0058994452760411376,0.009919736571311066,-0.009217078080305141,-0.0051496355769072855
2024-12-10,0.004133738601823644,-0.006031119680731778,-0.003896476764693735,-0.0024732620320856435,-0.004644168251581315,-0.002037201062887517,0.013164329964134192,-0.0047048759623610215,-0.0031090824899120406
2024-12-11,-0.005166081446502768,0.0127670132858142,0.0027587910730462184,-0.017355759565770956,0.02319587628865971,-0.006656607792668856,0.009533770465425029,-0.009454232917920025,0.0077305905773059624
2024-12-12,0.005963730780153442,0.0012695160248556991,-0.008212540549419,-0.0027277686852152927,-0.005602362546686335,-0.0008934953538242141,-0.014663691424928293,-0.012147505422993587,-0.005152602640503101
2024-12-13,0.000685594450717808,-0.00509386956134894,-0.006583033163582219,0.0025984682713346974,-0.006594750403983052,-0.008764085136826916,-0.012091556130702119,-0.010210803689064463,-0.0001985670080916213
2024-12-16,0.011727723370813736,0.00965859547924075,-0.0015003750937734317,-0.01889237484654216,0.024048184296139974,-0.02138217250090224,0.002415162307094043,0.002995008319467418,0.0042700385627512105
2024-12-17,0.009719566602931717,0.006355322305631184,-0.005092244761666254,0.017796315606534607,-0.0076417807925127645,-0.004240803908914903,-0.0038386148317542945,0.0024330900243307862,-0.004120041530018659
2024-12-18,-0.021421808426700273,-0.03756106147955818,-0.03352072495385139,-0.011338023359060201,-0.04598745403417692,-0.014720859179705559,-0.019185045502992604,-0.01632833186231253,-0.0298035711330652
2024-12-19,0.007014714775246844,-0.0008230640846841331,0.011242783348526242,-0.008082901554404054,0.01256121893705786,-0.008551024243563243,0.001421048232048916,-0.015141318977119678,-0.00030702053626241455
2024-12-20,0.01881580527643223,-0.000983914147770104,0.019917582417582347,0.006198634907368605,0.007299923865824676,0.003411998862667076,0.01043405676126885,0.005694112287894404,0.008616277085821356
2024-12-23,0.0030649534362843234,-0.003092075125973537,0.003324915824915786,0.005537481830137914,0.0006224435354793556,0.004061584962689935,-0.004708798017348137,-0.009172234175065186,0.0059883278355747915
2024-12-24,0.011478042856583048,0.009373923032739873,0.016443642770250566,0.003992565567563666,0.01772860570514534,0.0009407337723426057,0.0019920318725099584,0.00422857142857147,0.011115034723973682
2024-12-26,0.003175832687838831,-0.0027769558190881005,0.003425364202880532,-0.0018512170037708886,-0.008731717965509755,0.0008458646616540388,0.006751159708416221,-0.0005690224194834226,6.652253450867285e-05
2024-12-27,-0.013242220677939898,-0.017301590924653665,-0.008102327876943316,-0.0036406099738974795,-0.014534243558687598,-9.390553103572064e-05,-0.006870448841897359,-0.008198588020951969,-0.010526490837130531
2024-12-30,-0.013263429711647623,-0.013239495505539711,-0.007670937512957665,-0.011789038262668083,-0.010949720670391017,-0.006761833208114187,-0.0031897265948633846,0.008036739380022917,-0.01141157291474082
2024-12-31,-0.007057890563045177,-0.0078384294894428,0.0016296172488718952,0.008929817217803837,-0.008630817894261344,0.017114220877458175,0.006233636703652845,-0.005353075170842825,-0.003638094590459273
2025-01-02,-0.026235923648270876,-0.006927639383155437,0.0012097951691627529,-0.004148803761581998,0.003783217101964498,-0.0024170307706609107,0.013587742122000535,0.0027481964960494043,-0.002457002457002533
2025-01-03,-0.002009432027885949,0.011395671078407998,0.013666666666666716,0.0011803916122758995,0.01802742711833627,0.005125337806355379,-0.00786406975796583,-0.0031974420463627418,0.012503420908593466
2025-01-06,0.006738987508218219,0.010629502775481248,-0.009988490628082936,-0.003675705666134954,0.01525491770373355,-0.0011125533098461649,-0.0012320834531193148,-0.004467865734906651,0.005760621674127719
2025-01-07,-0.01138775510204082,-0.012808227182423804,0.009632551380527321,0.01788946122789925,-0.024164140415623203,0.009374419899758735,0.005633455322998415,-0.011277330264672036,-0.011304084923407731
2025-01-08,0.0020230378597083654,0.00518502734569215,-0.00016449397540807542,-0.02708062641044917,9.004547296376231e-05,-0.016735632183907945,0.005315668956493269,0.0012802607076349837,0.0014610196558109134
2025-01-10,-0.02410383189122367,-0.013213680045223275,-0.01340846460741163,-0.0014760666338652362,-0.014360959798316308,-0.0036472458617787806,0.009558285202960981,-0.006625595722422495,-0.01526743456207913
2025-01-13,-0.010344099641123039,-0.0042009786370688085,0.01809313378079791,0.016964662818527376,-0.0021923814743765035,0.02581190163318947,-0.00995125095685101,-0.00035104142288777673,0.0015504143051559005
2025-01-14,-0.004778156996587013,-0.0036434238596322333,0.013349166700790338,0.0019381186405482698,-0.003204247917238945,0.00393448622929804,0.005249450638886488,-0.0016387685824651443,0.0013760126593165278
2025-01-15,0.01967592592592604,0.025597228570741093,0.019719561967107113,0.001519861830742597,0.025670462894930246,0.01631425446591339,0.007488968951139485,0.017235314808301094,0.01818993799275126
2025-01-16,-0.040400218606802096,-0.004058079801083747,0.00760848028531802,0.0193143408981169,-0.012043877322587826,-0.001703883059815392,0.006910961105753843,0.0032272936837252075,-0.0019231418064037387
2025-01-17,0.00753526680101646,0.010480945875924519,0.019231525543713435,-0.0050077823644854025,0.023928215353938187,0.008983111749910178,-0.005307262569832383,0.001723345588235281,0.010039889121763235
2025-01-21,-0.031915818766849346,-0.0012353448476796203,0.014932860009260418,0.007617493028633682,0.021111799592812286,-0.007567663817663717,0.015485216833152737,0.008945980043582935,0.009153586130727032
2025-01-22,0.005344951491196737,0.04130688448074671,-0.000722351062616422,-0.01943975700303746,0.01863811711672647,-0.01740378577195656,0.005135701023189609,-0.005229055359781687,0.005621424425835464
2025-01-23,-0.0007595049814592691,0.0011429852084265946,0.011832293410439787,0.009430715219935104,0.001744606612484656,0.005660549621108402,-0.0014149274849664106,-0.0077705405096560876,0.005458083239891831
2025-01-24,-0.003934543503532173,-0.005932260303104897,-0.004173716864072197,0.0012274959083469206,-0.0024212046555093236,-0.013527008624602876,0.006218758609831898,0.0044915351836922746,-0.002919229192291928
2025-01-27,0.0317802316186373,-0.021393505382155564,0.0038136233197403335,0.04134314126140848,0.002427081115605745,0.013896558071047282,-0.010404850381380726,0.011809218069250171,-0.014145434807638524
2025-01-28,0.03654398329417896,0.02908689248895424,0.004852360353582608,-0.01641703185296617,0.011596295981649796,-0.019333756921121825,0.008656468635123815,-0.000679886685552411,0.00859235530640512
2025-01-29,0.004616805170821969,-0.0108899821109123,-0.002096279104589316,0.0051203617502328935,-0.00453495695989925,0.005831173639392784,-0.0038404263657026982,-0.0020410477378386416,-0.004482895520412922
2025-01-30,-0.007394719251336945,-0.06180905658671121,0.006189511591267349,0.011379424412834904,-0.010250137090310862,0.008281954541271563,0.015145554681353257,0.0037495739120554372,0.0053671424535983725
2025-01-31,-0.006692200850204166,0.00016867876334369925,-0.0034671736942176734,-0.004709884215346349,0.012956017729287561,-0.02500684493930816,0.0019763611703158546,-0.006565542223228471,-0.005321962184318241
2025-02-03,-0.033855932203389894,-0.009974461523635125,-0.0018331462775907914,-0.0018402891883010364,-0.0010939077751599413,0.002433773284657992,0.0053372524752475226,0.004557885141294404,-0.006729586919677066
2025-02-04,0.021007850532871464,0.0035286673805119406,0.0042352235673326355,0.010667017844208981,0.019543425153736083,0.026799887944719325,0.00984842655997542,0.003062613430127259,0.006708265720929418
2025-02-05,-0.0014175257731959823,0.002231006135266833,0.009293125326565788,0.00781809889895091,-0.024332810047095865,-0.0007275372862859397,0.006209523809523887,0.016510234083455755,0.004054637907541014
2025-02-06,0.003226222738417883,0.006121609523578986,0.023924860407499082,-0.0076281595448962625,0.011263073209975882,-0.01319621405169269,-0.002650210123802621,-0.000444988319056705,0.003475555261328589
2025-02-07,-0.023968784838350077,-0.014597662450098636,-0.003972553268327794,-0.002540551104162514,-0.040530921576016454,0.004242368348243097,0.001784155183540026,-0.006455203116304986,-0.009153582266789972
2025-02-10,8.786188112286375e-05,0.006028065893837864,-0.017258883248730927,0.007314524555903867,0.017412175430940424,0.019101845899531567,0.016938234179613598,-0.0030245323176878447,0.006791284518201657
2025-02-11,0.021831759279595797,-0.0018921934889137848,0.014573494687130983,0.012253630705394203,-0.0016299219353178573,0.00630801117419133,-0.003651674926407611,-0.0064044943820223965,0.0007605191369759456
2025-02-12,0.018270140142722102,-0.005833171300797191,0.0016727881013853807,-0.005572279510664191,-0.01645471730537884,-0.03868541237575007,0.001047159579640411,-0.0135700554110596,-0.003221489815135925
2025-02-13,0.01967323848524516,0.003667123019753582,0.0031584679615175304,0.01281720984155621,0.006290132354868305,0.007265952491849026,0.009862890873090002,0.016622721540754393,0.010557544417926223
2025-02-14,0.012710636359872352,-0.005139572270667969,0.0009771279675736544,-0.0069952305246422375,-0.007336024655988149,0.0010172939979653517,-0.014871813843365,0.0052999548940009245,-4.9202105850132405e-05
2025-02-18,-0.0005314799672935244,0.002962563964449272,0.012147944611157424,-0.007428754402817761,-0.008877033409130708,0.01755358462675538,0.01656089226031754,-0.011777902411665875,0.0029358701000492538
2025-02-19,0.001636192579866691,0.012523191094619746,-0.002500446508305054,0.018710884573198028,-8.824178248401093e-05,0.0014526965680043968,0.0005541189508682098,0.0012485811577751527,0.0023549035961338838
2025-02-20,0.0039204475844325515,0.0032789256696483804,-0.04458370635631148,0.011337006776870107,-0.016546794334377668,0.015412511332729029,0.0005168912682296245,0.003741072440766491,-0.00416034457442116
2025-02-21,-0.0011389984948948495,-0.019032513877874746,-0.009595202398800629,0.01640781563126259,-0.0282663316582914,-0.011696428571428608,-0.0009225432672792522,0.0120849333634514,-0.01710409908581534
2025-02-24,0.006312360008144946,-0.01031331912496014,-0.010974871329094915,0.008872458410351225,-0.017868685935912842,0.005239859065859553,0.005429563418777983,0.002901461890414181,-0.004550455045504553
2025-02-25,-0.00024281667341163882,-0.015099009900990112,-0.015076146016683278,0.014352021497495926,0.0004231112782662194,-0.01384020850184231,-0.01318834723191642,0.017247134750194792,-0.00497312503139602
2025-02-26,-0.027040155440414382,0.004599145513948244,0.005400155400155482,-0.018122704557769875,0.007283834586466087,-0.002460585072450616,0.0015263197081378799,0.005906803762852686,0.0005048465266557223
2025-02-27,-0.01273090364453322,-0.018012158206789697,0.0010046756057033868,0.003985773853323327,-0.026172148355493308,0.00630367257445652,-0.01523993606660956,-0.007068290561113466,-0.015961920139940133
2025-02-28,0.01913190054782965,0.011362188877283463,0.02161744836904056,0.007878824894643754,0.016958896234550158,0.010712664548343076,-0.006265806061978685,0.012265907348592675,0.015605503803093779
2025-03-03,-0.015754217664571635,-0.021411118667976514,-0.015227659172491914,0.013695309659435217,-0.0342001130582249,-0.03206682834815411,0.01318038515592379,0.0015146597425077513,-0.017519943451479336
2025-03-04,-0.008822417342351785,0.0003088882596720133,-0.03978973217711612,-0.011119081779053186,-0.005950638962052501,-0.002041573867854529,0.008697608157756553,-0.012315004861185974,-0.011836853555338478
2025-03-05,-0.0008053236129360597,0.031934330048120074,0.005114885114885226,-0.0018135654697133408,0.022374877330716414,-0.01952761763064914,0.0020813201516389768,-0.007984250246089952,0.010747841764032762
2025-03-06,-0.0017392042080257575,-0.010298738217545234,-0.019838587842404554,0.004299903100775326,-0.03676329429832992,0.02067526555386956,-0.005081225428380742,-0.003307607497243681,-0.017751174836208805
2025-03-07,0.01589257638210162,-0.00902013152258807,-0.017279143343879255,0.005186033890128394,-0.007224713502740343,0.013008734435978386,0.0005219012115562638,-0.0032079646017699748,0.005604930942361586
2025-03-10,-0.048479524825364995,-0.03343418677379162,-0.04152220571239884,0.00605915171875937,-0.02363864491844425,0.02549990827371129,-0.008755914899958861,0.010431694595494312,-0.026635643839421963
2025-03-11,-0.029189379286091,0.0007628367003365,-0.013263284816122711,-0.010971973762671339,0.010537678626503677,-0.023613595706618917,0.011727559765448925,-0.007138934651290452,-0.00831281886617441
2025-03-12,-0.017478717623618967,0.007412274937574015,-0.005411538797241766,-0.01814783552393595,0.011699476066941328,-0.0002748259435690903,0.004346856888096218,-0.005973451327433654,0.005306518923586134
2025-03-13,-0.03364365379297618,-0.011741070263782682,-0.011891180342255447,0.0008596868283696768,-0.02513952436019906,-0.004215156235682138,0.01775607590722461,0.008791453371912006,-0.013330470413513096
2025-03-14,0.018170545593285015,0.02584681996990268,0.03219503530352141,-0.001104362230811784,0.020939708081902042,0.029723014631453104,0.0003998109984371112,-0.005295091009376751,0.020655761488520552
2025-03-17,0.0023888706730994524,0.0003603047148446059,0.0064102564102563875,0.00018426386585601584,-0.011164435463500766,0.016621983914209215,0.005413457346316042,0.004990573361428385,0.007711305769265042
2025-03-18,-0.006121495327102822,-0.013326472858245397,0.004445774376950373,0.008658806190125157,-0.014917748033105194,-0.0010548523206751481,0.01167202688541158,0.0009931582432132213,-0.010808428105439472
2025-03-19,0.011989280173021921,0.011211931581143197,0.01761927054517609,-0.007671232876712231,0.014106420495799243,0.01557550158394938,0.00410772967566797,0.005181347150259308,0.010890877330576476
2025-03-20,-0.005296413306076997,-0.002526945490175847,-0.0004182175567731816,0.000184060371801964,-0.003017285465889308,0.004245732605493435,-0.0012806374728754344,0.0006580390436496941,-0.002891753213548953
2025-03-21,0.019476879962634364,0.011425912521972892,0.010961884439981695,0.003741872162924764,0.006463195691202905,-0.00345125107851596,-0.008049866429207464,-0.005918456817185391,-0.002670250579143718
2025-03-24,0.011270444861868123,0.004651638296784721,0.026610934072755832,-0.0020778585833893803,0.03593089037255992,0.0025974025974024872,-0.004452583575711877,-0.010253583241455422,0.017908436469378453
2025-03-25,0.013681873782449117,0.005291543706115842,0.012376038055309069,-0.013901647375834325,0.01205352750172195,0.006822107081174478,0.0044003606853022514,-0.0001113957892390216,0.0024038461538462563
2025-03-26,-0.009921787709497254,-0.013133920437291224,-0.0003982001353880493,0.004347286051422206,-0.022264352729570835,0.01440946907968077,-0.0008259417531512048,-0.006573083778966149,-0.011938275466583215
2025-03-27,0.01047262221820966,0.0015642228889400922,-0.011592239971318197,0.008718773188226558,0.001143539004623939,-0.003212987232603326,0.013405692926969692,-0.0029157788493888726,-0.0026556921507588926
2025-03-28,-0.026580299307571997,-0.03016027446361813,-0.021239722714815445,0.0035554465763503185,-0.042908224076281365,-0.0013571973873950371,0.007412136042841411,0.013834214374086162,-0.020138252098469533
2025-03-31,0.01941257457549339,-0.009002111932418178,0.010088532015647633,0.013010811801356104,-0.012764632627646377,0.010192814066083411,0.014363162712103028,0.009873530064344438,0.006712738005254959
2025-04-01,0.004771980371854223,0.01811449425930367,-0.006685690990623772,-0.07591654606849974,0.010038894144854371,0.0009249138148490488,-0.0019782050392169737,0.005053279138745426,0.0028245052646633795
2025-04-02,0.003136341233926254,-0.00013082498233862871,0.008864811622752988,0.013768352365416181,0.019982307332049754,-0.0031081989247312425,0.0020516743749348088,-0.0006558093780739682,0.006328324152806708
2025-04-03,-0.09245611684309252,-0.02363008321557536,-0.06968513546497435,0.02870751802265703,-0.08979133717667465,-0.05258279261818488,-0.006038312048861738,0.004593678223777653,-0.049280804931623234
2025-04-04,-0.07288744524828983,-0.035565918897912274,-0.08050198959289867,-0.041171317732448864,-0.04153354632587858,-0.07195588366094463,-0.023392221213602404,0.01088731627653794,-0.05854294764300372
2025-04-07,-0.03673426053721196,-0.005502445531347155,0.019783146281148856,-0.01709736361263381,0.02491228070175433,-0.013417672992141139,-0.021485771485771687,-0.03015616585891223,-0.0017811906269790123
2025-04-08,-0.049818141739226385,-0.009221483261610763,0.01133184107442653,-0.004116319213915864,-0.026246719160104903,-0.021080240917039084,0.005443717803514714,-0.01887840088839532,-0.01566279392521508
2025-04-09,0.15328848161466202,0.10133686823104693,0.08055517130077927,0.006466666666666621,0.11977030352748153,0.04991564949885885,0.03699127906976751,0.005885681946802501,0.10501933612632941
2025-04-10,-0.042393764143827006,-0.023406489282696064,-0.03085260732269346,-0.015102338212889976,-0.051700680272108834,-0.0554820415879016,0.024423575583432777,-0.027568358276133687,-0.04381903685611166
2025-04-11,0.040594475370234306,0.018618067392159432,0.040024657654880835,0.020445221601990582,0.020141264761063926,0.03212248574001797,0.019086711133914802,0.005438555889840213,0.017842845705135613
2025-04-14,0.022053999495331933,-0.0016475736903075466,-0.00626587637595255,0.017333421208726163,-0.014875317790880027,0.002423889858444772,-0.005706038331151575,0.007135458625848745,0.009701464584035646
2025-04-15,-0.001876357890578828,-0.005363451174544176,-0.006774028629856876,-0.00479398807981346,-0.01389193938062816,-0.0028049134345682347,0.005232420754143652,0.0035424522911666756,-0.002800860661819282
2025-04-16,-0.03893341248639548,-0.03660591605527186,-0.015098871874061559,0.0018877750292929374,-0.02928893590957171,0.010572259941804107,0.03254080193431408,0.005579594625370277,-0.022228009151615602
2025-04-17,0.013949657692901463,-0.010306504130674687,0.010234745873437534,0.023130400883633273,-0.009866345436815194,0.026202130722718042,-0.004390672260708439,-0.008832521798210813,0.0014267777650953661
2025-04-21,-0.019392831759569518,-0.023546685518516464,-0.012803931712364158,-0.0034927287737347434,-0.030647123573373625,-0.014683875794986978,0.03093558081797987,-0.017479721238432555,-0.02380273930966348
2025-04-22,0.03406502381445442,0.02144130095789709,0.02882221931088691,0.00528931939841959,0.035022710972985927,0.028001898433792194,-0.014195633575208255,0.005581395348837281,0.026017747334007968
2025-04-23,0.024331631120456443,0.02063682460062144,0.022454263763317606,-0.015023771790808271,0.04284559417946632,-0.008587257617728494,-0.02397865706663249,0.00971322849213685,0.015495495495495337
2025-04-24,0.01842619745845564,0.034482758620689724,0.015609432082364538,-0.002896125627493862,0.03289036544850488,0.011735121542330251,0.01455623250452831,0.010535959688502183,0.021048896193642586
2025-04-25,0.004367231367279345,0.011747998967208906,-0.004455526487900485,-0.002259084747950668,0.013133912297630612,-0.000552333609500133,-0.01084169182328687,0.0073662737987307825,0.007225301359088165
2025-04-28,0.004109327217125314,-0.0017608778869465658,-0.0013549579141860502,0.00498123948764384,-0.0068257579766126675,0.0005526388505112667,0.01424211597151559,0.0062999212509844416,0.0003813744006975206
2025-04-29,0.005091843532882834,0.007362716024133409,0.005756105583422544,0.003604763437399461,-0.001651571656899331,-0.0024855012427505985,-0.009738894101659734,0.008384572386808342,0.006299355541435903
2025-04-30,0.006107665356754,0.0030961323723479595,0.0,0.002565582707972691,-0.015849298254976274,-0.025193798449612448,-0.0074821930340456255,-0.00809312638580939,0.0003968826670512904
2025-05-01,0.0038588235294116924,0.07625360522187918,0.009279699125173568,-0.011835455185208898,0.031341503090771106,0.0014200511218405154,-0.0207722948283241,-0.008718006035542625,0.007086954953655411
2025-05-02,-0.03736171010688172,0.02322519981194171,0.02276317388310578,0.010747118995209082,-0.0011566771819138122,0.00406504065040636,0.0017481342029181945,-0.010824219190438522,0.014844127706054033
2025-05-05,-0.0314584855125396,0.002044660907921436,0.0001980119599225283,-0.007173968741993386,-0.01910727444994209,-0.027681009321156136,0.02986777636082949,-0.0055853185911319825,-0.005734349636530411
2025-05-06,-0.0019106038513750923,-0.006557076369305581,-0.013105796642381984,-0.0034193548387096984,-0.007190770056345608,0.013944030212065472,0.028023983315954126,0.003324163227877097,-0.008358325495554708
2025-05-07,-0.011384816885799176,9.231266298970198e-05,0.0005616850551655173,0.01832070952288478,0.01999891897735262,-0.0009550186228630686,-0.014993026499302675,0.0042271221295555605,0.004205440229062329
2025-05-08,0.006318471337579679,0.011122649128879614,0.01635991820040905,-0.010425937698665066,0.01785808913147169,0.013956600707389244,-0.019694288012872097,-0.0111490329920364,0.006967833912500998
2025-05-09,0.005266089422249154,0.001278042768788401,-0.0015386436264646086,-0.009250931517409744,0.005102040816326481,0.011690393136607913,0.007254702425893544,0.001495628163828755,-0.0012742009698083478
2025-05-12,0.06175389109958185,0.024001094066965933,0.027540698593330193,-0.000518739463104767,0.08070030042473841,0.017239772621377325,-0.028190587928561994,-0.0093049971280873,0.033047453662685466
2025-05-13,0.010152284263959421,-0.00026710590749234875,0.0113824264564506,-0.03697936940443747,0.013084739263803824,0.002748259435690681,0.0042590294778497295,-0.0040584415584414835,0.006603886859122943
2025-05-14,-0.002817827455032118,0.008460613617135015,0.009999619786319913,-0.014012395580705883,-0.00529876519846717,-0.008953042207198836,-0.021037868162692708,-0.00663639538945171,0.0012780314906959411
2025-05-15,-0.004144492064239724,0.00041948160904303755,0.0069643126035237035,0.02220552063405301,-0.024161712247324663,0.0009218289085544118,0.015963978714694793,0.008790436005625901,0.004884358140880618
2025-05-16,-0.000898557578623782,0.0025158343080351475,0.0002616920258700084,0.011496557716730083,0.0020470829068577334,-0.003591821698286979,-0.012087026591458438,0.002672243522714224,0.006334044643159675
2025-05-19,-0.011739089273880454,0.010126136438681987,-0.010016444909553002,0.007665367078570018,0.0027725083904859282,-0.01589795729734722,0.012880641653072233,-0.0028968713789108147,0.0010939077751599413
2025-05-20,-0.009196283168885877,-0.0015254865212369628,0.0030202355783750523,0.007672634271099765,-0.01013775708187814,-0.014276321968629602,0.018622286347012018,-0.0072051133062172035,-0.003362192149281351
2025-05-21,-0.0230590737696994,-0.012222537486086038,-0.017464619090635347,-0.0031237797735258477,-0.014455823981966875,-0.012291567413053928,0.007378615192041638,-0.017090015217136934,-0.016850805431390725
2025-05-22,-0.003612251966945368,0.005059990719667784,-0.0014174072939013849,-0.003721112416764538,0.00984486873508339,-0.006656376615859494,-0.008861421751356957,0.005239966654757566,0.0003946059087946985
2025-05-23,-0.030244338498212175,-0.010288880094974306,0.00015345072313643904,0.0021623746805581323,-0.010388970950270693,0.0005826939885402727,0.02190623865923258,0.0016585712593295554,-0.006825704436707936
2025-05-27,0.025298304911148595,0.02334621706872797,0.017567412067047927,0.0020269386687590263,0.025026120702522414,0.00475589634087159,-0.016949152542372836,0.013956238911886576,0.020790523389338844
2025-05-28,0.0010488986564105574,-0.007228288002778416,-0.0067850277055298,-0.005350734094616616,-0.006310066983787999,-0.013620556414219442,-0.0022660098522166994,-0.004315875422839177,-0.0057853336716569
2025-05-29,-0.002345075341782299,0.0028861290886827984,0.0033397851910887955,0.007544446631240653,0.004787026182102361,0.0056801488590736415,0.005924755603831322,0.009254920337394612,0.003947390808704654
2025-05-30,0.004501125281320295,0.0036626842242957203,-0.0013995536558610855,0.010613361114728548,-0.00335439961108408,-0.0037978381536664108,-0.006577009914596976,0.00150899593731868,-0.001118549275485048
2025-06-02,0.004232013940751678,0.003497263011556173,0.0025000000000001688,0.0012241479286128065,0.007999609775132921,0.007331378299120228,0.026581027667984092,-0.012980992118683421,0.005632942533806196
2025-06-03,0.007783837382250969,0.0021646427257180356,0.006083276656842607,-0.006306306306306464,-0.004548753931768679,0.00727802037845704,-0.008855520261815353,-0.001761390324095724,0.005702620168379191
2025-06-04,-0.002213804299699973,0.0019439704516490686,-0.0076989521913845005,-0.0077710141173422675,0.007389042827281145,-0.014450867052023142,0.00644200576219589,0.01623338430772847,-0.00026841584324532874
2025-06-05,-0.010797751701015712,0.00821350809494037,-0.00859132541064278,0.0028716877692207543,0.003281378178835226,-0.004594330400782054,-0.005049855258925651,0.0006945248292626882,-0.004832782373768718
2025-06-06,0.016398345212580434,0.005773178241532673,0.014430234777629503,0.008915788103605493,0.02722331778173248,0.02396150446823131,-0.01341609284582801,-0.012724117987276018,0.010268948655256738
2025-06-09,-0.012112593173793651,0.00503847952719072,0.0038008504873368043,0.001290072889118088,0.01596666198436103,0.006713340366356624,0.0047185267710858625,0.0010544815465729496,0.0009012918516539958
2025-06-10,0.006056093323405287,-0.003870967741935405,0.006973082402339514,0.007859305546608297,0.0029034934095308884,0.021434695627322142,0.00029352292740192354,0.005149812734082326,0.0056696905016009325
2025-06-11,-0.01919376326047262,0.003609954981737884,-0.0016753536857783136,-0.0076062639821028455,-0.020265612793529786,0.01949263197164708,0.005412278699749029,0.0030274802049372607,-0.002852026265172114
2025-06-12,0.0021128886205854513,0.013224154712030867,0.0003356330412083164,0.009017132551848439,0.00018761726078819763,0.003842283414143388,0.012420144631449137,0.011957278848386377,0.003974324863642353
2025-06-13,-0.013805220883534086,-0.008165055234197194,-0.01226513569937382,0.002808630154474745,-0.005346088913899871,0.021780734530210566,0.013100576553491505,-0.009636342778478912,-0.011180124223602483
2025-06-16,0.01002799694578771,0.008800741115041255,0.020418946971126672,-0.01196690006365364,0.01885902876001877,0.003210845522654271,-0.01425906604698235,-0.010077609174099389,0.009514237855946295
2025-06-17,-0.014010684406813856,-0.002295779939057385,-0.0031069684864626357,-0.018296611261435447,-0.005923183711244784,0.013513513513513375,0.0005131823721855611,0.01216943599344722,-0.008545164929979365
2025-06-18,0.004804743406256584,0.004602125345159358,0.016473731077470966,-0.010828192676204274,-0.010706638115631661,-0.007105263157894726,-0.005385651086747489,0.001734104046242857,-0.0001506200525495105
2025-06-20,0.02248448468816755,-0.00591370981176087,0.0037961746240327,-0.006236316592582725,-0.013316393751176436,0.013340401095503163,-0.0004190034164893719,-0.0018465089440278248,-0.005289234065345649
2025-06-23,0.0024875621890547706,0.018014243820695386,0.011890909090908952,0.0102143000200281,-0.0058181124517144855,-0.02580645161290329,0.003063231548060541,0.003237368481905367,0.00987749882210398
2025-06-24,-0.005955334987593042,0.008456790123456903,0.01074495993100233,0.005749405233941296,0.020626469036312267,-0.030427778772149527,-0.015719429085765624,0.007260573931082259,0.01104723819045228
2025-06-25,0.006290564153769385,0.0044071738997366605,0.009955201592832363,0.0005913660555885158,-0.0036659303473234317,0.00027690603655150525,0.003037329762565655,0.0012585812356979975,0.0005603348824945176
2025-06-26,-0.0027783290335383626,0.01052268064273676,0.0165105963528831,-0.0017730496453901567,0.0241992546818246,0.014948786564547234,-0.00110705912998188,0.005027996800365697,0.00782382395572534
2025-06-27,0.0003980099502487455,-0.0030354809528595483,-0.005679653679653618,0.0026314058285639153,0.028463522476050107,-0.005545958723520261,-0.018123736879848584,-0.00636725412166006,0.004968375635347355
2025-06-30,0.02034016311915643,0.0029640682340605906,0.009752359722754456,0.0022308247490321342,-0.01751007613076594,-0.014445053940391306,0.0119845959763627,0.009840942899645322,0.004781187490852323
2025-07-01,0.012916118340888127,-0.010775818741078802,0.0017246731744333665,0.0207528641571193,0.004877159396508679,0.013358070500927521,0.00892300626578768,-0.0012464589235127166,-0.00032370316419849665
2025-07-02,0.022230776633625382,-0.0019510212376792069,0.005475018077889748,-0.002308876346844402,-0.002449423931779049,0.01656902233614055,0.005527556494878905,-0.006353528477422321,0.004533311746134583
2025-07-03,0.005225004707211545,0.015781221364719267,0.013698630136986356,0.0028927744921571907,0.015869407057111706,0.010355695632598083,-0.006822958771220744,-0.006965060516099575,0.007881376420340036
2025-07-07,-0.016857878716928232,-0.0022452088846122153,-0.01361486486486474,-0.004743285686814813,0.0002685645226265798,-0.009714795008912702,0.0007488441752947494,-0.009543520754283108,-0.007451946141299293
2025-07-08,0.0002857823291260164,-0.002210077955477008,-0.031475836558550685,0.0033490049591033966,-0.018391730433615194,0.027720277202772037,-0.010443439502879182,-0.0012769909449732442,-0.0005477862988978455
2025-07-09,0.005380696157325726,0.013873786798759502,0.001343800834571196,0.0031452596443930503,0.014496717724288732,-0.00341536036430512,0.004471330878484947,0.010461466930140606,0.0059967114808006095
2025-07-10,0.006014966373022679,-0.004031697483664609,0.01776380844752068,0.0090222677245968,-0.0012582007728947353,0.009929701230228627,0.002225713537575391,0.0006902105142065906,0.0028202416434319755
2025-07-11,-0.005884845346264322,0.003669139347531214,-0.004615010930289043,-0.0050098294121376785,0.012417888958877077,0.004350474201687993,0.009601567602874006,-0.0137946890447177,-0.0035153878111917614
2025-07-14,-0.012028793332070409,-0.000596042279265685,0.006414278742243429,-0.000509878903760419,0.002977513109945651,-0.0130815212683012,-0.0036553018050073938,-0.002098146637137255,0.0019082133350436514
2025-07-15,0.0023487680951010947,0.005566379070414795,-0.00744717700034625,-0.010521617140670902,0.0029243652798085495,-0.008865870786516905,-0.004155709230219684,-0.007008527041233448,-0.004273299082921178
2025-07-16,0.005021280665678196,-0.00039539757225892647,-0.002547548420869017,0.06193207449893667,-0.013960680362270828,-0.006022495793109539,0.004988100283636943,0.0014115986354545917,0.003343298935930994
2025-07-17,-0.0006661591168632963,0.012024840789525593,0.014274718354208904,-0.010923655783468988,0.003091536359155933,-0.005078855920876868,-0.0021734899111141015,-0.00023493480559144686,0.006119637307359538
2025-07-18,0.00552328349680975,-0.0032245456322063104,0.004725767506036593,0.004417719965639888,0.010050026800071388,-0.03483790077019522,0.0026008647875419566,0.0015274350840088768,-0.0007324374243677934
2025-07-21,0.006155885974050479,1.9605920988041703e-05,-0.0010299721907507386,0.004031765424557188,0.014018484942289966,0.0025981256379326023,0.015370148188981414,0.008916001877053104,0.0018961725995090273
2025-07-22,0.009036144578313365,-0.009391052033094205,0.0015809189950852787,0.021720613287904644,-0.007980811164413515,0.004534937528921867,0.009484878484974368,0.006046511627906925,0.00014313660002862605
2025-07-23,-0.0011660447761193682,0.00118748391948853,0.018289126033695924,0.00696718870958124,0.0036048709719962435,0.01280633867698544,-0.012401138880101303,-0.005547850208044269,0.008507457939764151
2025-07-24,-0.0018211533971516092,0.009903730207365458,-0.0007076425394256791,0.0027202838557067732,0.017258749835735276,0.00782316019285001,-0.006118265103466025,-0.0017433751743375359,0.0003311206067388994
2025-07-25,0.0005613772455090871,0.00553946132164107,0.006980273141122817,-0.007430997876857748,-0.0034017999397149,-0.0035201733008394243,-0.009250008057498316,0.006287111421585889,0.004224330884902816
2025-07-28,0.000794838227043293,-0.002355414533491751,-0.0011385707588240646,-0.012358882947118288,0.005833045281714355,0.009420289855072372,-0.0064736499674689085,-0.006479231748235614,-0.000251137968921622
2025-07-29,-0.012987619715019827,0.00013658536585370307,-0.0041571677618343905,0.01137047286728432,-0.00764637656256717,0.012921751615218913,0.002750401100160449,0.016885990450681065,-0.002637611077966673
2025-07-30,-0.010507880910682998,0.0013071385371752342,0.00871936439536758,-0.005056213193742276,-0.0035496298861520392,-0.00868178596739888,-0.017273469387755203,-0.005153458543288969,-0.001259326889777368
2025-07-31,-0.0070796460176991705,0.039474709687475684,-0.011313953876447624,-0.015066363745067424,0.017029410486989027,-0.0023235031277927254,0.006645401382243454,0.0005755726948313278,-0.0037512215112063263
2025-08-01,-0.02500361323890732,-0.017600749765698143,-0.02319065622468275,0.015721743353162676,-0.08269616846781436,-0.017914725904693674,0.02029970953261162,0.010354348826506987,-0.016390330337931913
2025-08-04,0.004792963731593991,0.021999198641506457,0.016898780108511646,0.022171756409490095,-0.014435389988358582,-0.02070412258299892,0.0058231697453980935,0.0027328626736506934,0.01519976838448156
2025-08-05,-0.002114580772067942,-0.01473004256590249,-0.009821246516685922,-0.0017539756782037896,0.009922041105598911,-0.0012107665083357366,0.000804091216107583,0.003066091301385354,-0.005069949458941236
2025-08-06,0.050906761285235635,-0.005324490762671608,-6.864124652494752e-05,-0.0008785287571746458,0.040046783625731,-0.0068071615069003055,-0.0021210952564597596,-0.005773802785010829,0.00765960157332346
2025-08-07,0.03179366940211015,-0.007810416428544298,-0.015136433842457664,0.005510287824608717,0.00368854302550492,-0.005257722279598198,0.008438003220611945,-0.0017080391710315723,-0.000837573880337561
2025-08-08,0.04235786029177846,0.002303970509177411,0.0063427894333309975,0.010493791173555644,-0.00197194460628336,0.008022652194431323,-0.00022355646397542728,-0.004334435953005533,0.007797548438117863
2025-08-11,-0.009461521691737418,-0.0005172017469925461,0.0027704668236598895,0.002826977441873879,-0.00624186088284151,-0.009082397003745357,-0.014374700527072348,0.0011456065986938935,-0.0019774631972127032
2025-08-12,0.01087243595386922,0.014316652931368301,0.01136206658378236,-0.0059832010125416835,0.0007681879801173519,0.0028347349522819254,-0.0009074704261871069,-0.005034901018423188,0.010645993206692905
2025-08-13,0.016024384933594593,-0.01636308669034836,-0.007922144442547574,0.009491839333256147,0.013952228292771096,0.013850937529445106,0.003049274986213435,0.008280621046578451,0.0034231122314023477
2025-08-14,-0.0023571765310933523,0.003649775250681886,0.012494406773827293,0.0017199862401100496,0.028589241182757297,-0.0020446096654275214,-0.006338734193590101,-0.007414166761720131,9.303912295122174e-05
2025-08-15,-0.005112123034624938,-0.004421221864951863,-0.012476203426706634,0.01098901098901095,0.00021646895835147895,-0.008288321847643942,0.0005858421480879894,-0.007124798896805173,-0.0023412667648654573
2025-08-18,-0.0030225830130835574,-0.005901916681084862,0.003580157664635486,-0.002207880434782483,0.0019910834090810514,0.002159827213823018,-0.0015613310347071252,-0.0028935185185184897,-0.00021758050478692947
2025-08-19,-0.0014292520247736196,-0.014175207890156694,-0.0029842554797102627,0.008794326241134742,-0.015033046783878401,0.006559220389805054,-0.005473204104903151,0.005803830528148479,-0.005425151562257091
2025-08-20,-0.019734559333795976,-0.007944759401298573,0.005435904493222177,0.005849268841394695,-0.01842024472610848,0.010333271271643962,0.010122186916500242,0.0021927293710328755,-0.0026570388083961838
2025-08-21,-0.0049112871111897105,-0.0029265206042869973,-0.0026348206953188402,0.0005032431223439549,-0.00831062061570087,0.006449829540219332,-0.0034699701647424863,-0.004951635191156267,-0.004011847487110476
2025-08-22,0.012716763005780285,0.005929716008250097,0.016365320616186896,0.0020119599843513303,0.031043027708943516,0.018767737800970297,0.010706498747111715,0.007406550167804671,0.015356777594209836
2025-08-25,-0.0026343519494204104,-0.005855331900715743,-0.004523359438293406,-0.0049082492051982785,-0.003932878867330958,0.004133716750539085,-0.0024148367570352436,-0.0028719126938541173,-0.004400985572825311
2025-08-26,0.009464694488466208,-0.004402490778566581,0.012444896575110276,-0.010761728602656784,0.0033780819513906657,-0.0022373366744227186,0.007262046928961041,-0.0005760368663594306,0.004186965928370201
2025-08-27,0.005145872399808127,0.009361803840331362,0.002378001808621022,0.0016998130205676532,0.0017926631979361396,0.011301462014530417,0.002018713150474305,-0.0011527377521612925,0.0022785045570090645
2025-08-28,0.008980866848887104,0.005722855902435153,0.0059810211173483285,-0.007579614231574161,0.0108240223463687,0.005321507760532196,0.007419014422308079,0.006578188113098626,0.0035414379165827903
2025-08-29,-0.001805985552115641,-0.005788399654658161,0.0011625203441061327,0.009803362781419134,-0.011226252158894612,0.008292898103220203,0.009649874615116127,-0.007108461362072993,-0.005963755162423756
2025-09-02,-0.010424743689153027,-0.00309854151453548,-0.005706323402561275,0.005023423830219587,-0.015982532751091738,0.003499868754921698,0.023642594397459638,-0.011200923787528905,-0.007410278273002002
2025-09-03,0.038089848511231095,0.0004553373455813414,-0.0006339673006339197,-0.0003369650679546643,0.0028845300434898746,-0.024239253640247593,0.007831935870266316,0.010977461170150526,0.005419588611054849
2025-09-04,0.005493353461651473,0.005184525576333199,0.014390170611999542,0.004269662921348338,0.042878003451480184,0.004378518452327951,-0.0044188456146766475,0.007623888182973548,0.008357411377264201
2025-09-05,-0.00037534406539330156,-0.025533003917554198,-0.031071028898689956,-0.0018460505705973906,-0.01421418873048197,-0.028202846975089013,0.013345985490832435,0.015247048033933286,-0.002896228740448592
2025-09-08,-0.007551420584922197,0.006464646464646506,-0.00499354575718447,-0.0016813316146389035,0.015107820772177538,0.005676096310537337,0.011388007853798454,0.01332429990966566,0.0024565848835054194
2025-09-09,-0.014839414831007258,0.00042151746286633873,0.016865248711208203,-0.006568236681075534,0.010176390773405819,0.007282658170232326,-0.0022698763514723552,-0.005683084466235666,0.0023118536442519044
2025-09-10,-0.03225944100704081,0.0039325053670671295,0.00903139164008726,-0.006611663652802968,-0.03320181329751515,0.01671938544961593,0.003592169071424234,0.005715566513504244,0.002890840035059128
2025-09-11,0.014286344195070466,0.0012790535004096881,0.016703267451919857,0.015416121508618374,-0.0016498067989407783,-0.0031999999999999806,-0.001491379824613781,0.006685981724983359,0.008310206835221656
2025-09-12,0.017562926574794524,0.01774415680325747,0.004418117554653822,-0.002464985994397706,-0.007827788649706346,0.00017834849295517152,0.001971561715856218,-0.004317024573832207,-0.0003345346167298313
2025-09-15,0.011235955056179803,0.010707981957246648,0.006483985533218162,-0.003706615747500863,0.014376506684198986,0.00169400855920121,0.01040486554170883,0.0023346303501945442,0.005323922666220504
2025-09-16,0.006125897760878907,-0.012263272275690795,0.000938815150534289,-0.00529875986471251,0.011320917772112526,0.020738762794837662,0.0020064323861790356,0.002107364685004498,-0.0013768894403171084
2025-09-17,0.0035271887465881946,0.0019251925192518282,0.008279698567223992,0.004193584948430029,-0.010382396923734327,0.005319148936170137,-0.007715185959539239,-0.002545655783065759,-0.001242424242424267
2025-09-18,-0.004644545796895327,-0.003078310654484162,0.004747393744988004,-0.017155756207674955,-0.0016837924186167141,-0.011796339665192113,-0.004006291361248859,-0.010319573901464762,0.004672471858976346
2025-09-19,0.03203295779384563,0.018644901170223216,0.004948440443124813,0.01165594855305474,0.0010811745880725532,-0.009742824541385198,0.010607234372206564,-0.001906043278394498,0.0021743726029053168
2025-09-22,0.04309572301425657,-0.006719054698511195,-0.007433763263231419,-0.011237868210454582,-0.016632106445481187,-0.0070909413224605755,0.01730644495548095,-0.003594697820714421,0.004731053186680656
2025-09-23,-0.006443298969072031,-0.010146758674312473,0.000960184355396354,0.013604270707766597,-0.030400210868514632,0.017229066238171775,0.00408636429502951,0.006989853438556848,-0.005443584667986334
2025-09-24,-0.008332350744802097,0.0018066492547570423,0.0021743301144721006,0.000622947106127425,-0.0022654161569480857,0.005353225098727599,-0.009063095306817481,-0.003806538289296779,-0.003181496057055866
2025-09-25,0.01807300542982837,-0.006115848279917735,9.571820560272393e-05,0.00588601505461539,-0.00935470687071438,0.00899092178770955,0.004165210299429178,0.0,-0.004613522916351642
2025-09-26,-0.00548915793981386,0.008737155592371204,0.008326686871909406,0.011140494007764623,0.007471922988769197,0.014101565879401257,0.005772298767222628,-0.0008990784445942479,0.005729047944685206
2025-09-29,-0.0040319423784546116,0.006139287529816739,-0.0011706637980130052,0.010628234377608292,0.010874510874510745,-0.025592902235113457,0.01649651035357902,0.008211473565804095,0.0028104318394728267
2025-09-30,0.0007860708249813886,0.00650991061018269,-0.0008235927650542818,0.020922805858385463,-0.011702750146284302,-0.012869900192610695,0.008539976167508456,-0.002900814459444234,0.0037668756027000594
2025-10-01,0.0032203589522050713,0.0033980113910609955,-0.01496370034556016,0.0033976917268905282,0.004827617616250057,-0.006740576496674144,0.001575379075589911,-0.0008951549737048481,0.0034074874658502896
2025-10-02,0.0065766294773927925,-0.007638875526736144,-0.010170255221910951,-0.00037624294544491566,0.008067805828763097,-0.006250558085543201,-0.0034828525686035894,0.0029118602307087738,0.0011519186176975893
2025-10-03,0.0034612841753198786,0.003121728002482005,0.008063729474881987,0.014302613184213442,-0.013038982060159188,0.017701500584059726,0.00803292088277563,-0.0018983807928532048,-1.4942769194004057e-05
2025-10-06,-0.005154639175257714,0.021687445636416447,-0.002741670160952059,-0.0025445292620864812,0.006332285545077809,0.008299487903937752,0.01884576669276372,-0.007943611546207152,0.0035863181960820167
2025-10-07,-0.000818107444777616,-0.008683807253533127,-0.004819199172003352,0.0038796768707483054,0.003983703033046515,0.0005253940455340889,0.005159448926944421,0.005751663471298185,-0.00370750882208426
2025-10-08,0.006160324391765393,0.0016603687163632141,-0.011895089213169174,0.004235269204298842,0.015510866624582897,-0.002100472606336501,0.016491017310107603,0.0007849293563577664,0.005963055954088858
2025-10-09,-0.01557777261102078,-0.004668000381061299,0.004933723645692778,0.007327745268596253,0.011189059586182548,-0.009735134186984684,-0.018452860596293363,-0.0007843137254901489,-0.0028970004902616475
2025-10-10,-0.03452212250039355,-0.02189892802450233,-0.015186724707884625,-0.0018840276324053606,-0.04992535347325899,-0.01930741298379235,0.010097693128642948,0.01614711818793446,-0.027027832409559527
2025-10-13,0.009744363354670327,0.006047440112728841,0.023530193758516615,0.0009437919463086697,0.017100337385034914,0.013636774135283858,0.02430104031209357,-0.0005517545795631351,0.01534409359590816
2025-10-14,0.0004441573124445153,-0.0009337613072656348,-0.01912523947137723,-0.0002619172341540299,-0.01672195210614813,0.0004454739843193778,0.007141156867412679,0.0032019432483163524,-0.0012216457528956282
2025-10-15,0.006336521774226167,-0.00027260159277231466,0.011950476694915224,0.0016767094576892738,-0.0037894542261657227,-0.006055748508326686,0.017332387930355297,-0.0022011886418666915,0.0044395451731271685
2025-10-16,-0.007580011229646355,-0.0035447870206258836,-0.02338970852824751,0.004969398964272731,-0.00510275084659273,-0.008690977510975695,0.02338728413226976,0.007500551511140596,-0.006810289099027256
2025-10-17,0.0195595069711052,0.0038505893160807325,-0.0032826421920011395,0.005725588174057883,-0.0066675991980230664,0.014461315979754197,-0.01881700088283511,-0.0015327348368732174,0.005676313877452266
2025-10-20,0.03943874113123802,0.0062502433895399445,0.01613120043016547,0.0025877238381120105,0.016147202403304473,0.004098360655737876,0.036401964060772674,0.003837719298245501,0.010400517768178297
2025-10-21,0.0020210494203782847,0.0016834691073743802,-0.01742955417383263,-0.009498244889531327,0.025637472283813745,8.873114463159304e-05,-0.06426888254991936,0.004915346805024701,-1.4896469536673784e-05
2025-10-22,-0.016440232903299434,0.005563497276204421,-0.010030630448685462,0.005524286012090984,-0.018375895149304156,0.01774465442285522,0.00010603329445446619,0.0006521739130433968,-0.005198945314245695
2025-10-23,0.0043722189978718795,3.842163906697671e-05,0.001462038012988387,-0.002435990463356519,0.014406974076623058,0.011071397437015129,0.004002332485157023,-0.006843363024114701,0.005929919137466433
2025-10-24,0.012481701209646312,0.005859074842477385,0.020031235146329873,-0.010754922845118697,0.014111900131168253,-0.005087083979996576,-0.003352781224425283,0.0004374931641693003,0.008172561629153252
2025-10-27,0.02279126398295417,0.015106663356314831,0.012348555452003751,-0.0005252100840336116,0.012309888051380335,0.004766444232602529,-0.02783958465776648,0.0033890893189023608,0.011797711332595107
2025-10-28,0.0007068189427477112,0.01984873570138479,0.003978300180832006,-0.017708880714661035,0.01004538044675507,-0.007848887355528689,-0.007166017274733649,0.0026149487905862134,0.002656003735917345
2025-10-29,0.0026022304832713505,-0.0009592857011089251,0.0004912234739322674,-0.001765366714813088,0.004580152671755711,0.012344605755020499,-0.0037872550633953894,-0.010106498587263535,0.0004803073967338811
2025-10-30,0.006303299962921782,-0.02915704921059914,0.012863736047919794,0.01312968917470525,-0.03230568823273994,-0.015113782739373138,0.019641873278236854,-0.005818421341530322,-0.010998123336097287
2025-10-31,-0.0037951363301399477,-0.01512096774193561,0.005429162357807771,-0.0009521290663846438,0.09584492506506326,-0.0028773214752811915,-0.005430524410342308,-0.0029814487632507936,0.0032802318226614613
2025-11-03,-0.004882198468765031,-0.0015063440258009653,-0.005689123167909482,-0.013819028961719826,0.040045860289902535,-0.005246589716684125,0.0017928936216449198,-0.006091482999224795,0.0018766677418409206
2025-11-04,0.0036796134547483206,-0.005222134112140342,-0.00032325844512692825,0.003221303554171717,-0.018425196850393677,0.0033403656821378025,-0.017517218938120194,0.002228660574994379,-0.01185354289226448
2025-11-05,0.00037031550881327924,-0.013940466237629567,0.007857720291026604,-0.004602376110457107,0.003529600513396458,-0.00403013842649369,0.011564362994038513,-0.010896152990882868,0.0034654345121734043
2025-11-06,-0.0013696601762049898,-0.019835949207350767,0.005582648870636531,0.00521505376344078,-0.02861710631494807,0.007213230119633929,-0.001200512946440746,0.00899280575539585,-0.010729360370731245
2025-11-07,-0.004818919820587686,-0.0005632669483002228,0.0025205794142044713,-0.0021393806493020806,0.005636932192231825,0.023755458515283934,0.0061190482694566395,-0.0021167557932265657,0.000984619056854319
2025-11-10,0.003575818527209673,0.018477517008171906,0.008529327519811503,0.009862250093798597,0.016325027617527965,0.008530967411704449,0.02734109853112865,-0.0002232890476722149,0.015604274408691943
2025-11-11,0.021601158000222664,0.005296442687747094,-0.004007699832749512,0.028767050581179454,0.0028180354267310914,0.013195736761969279,0.003937840266398984,0.0045784477945280955,0.002289269781638792
2025-11-12,-0.006466848319709229,0.004836046237320035,0.015176478043216646,0.002889129649692901,-0.01967081493376155,-0.013858741025212895,0.016110774738726352,0.0017785682525568447,0.0005563689604686228
2025-11-13,-0.0019014882802502742,-0.015357827601048535,-0.03411254330389191,0.004424095889706381,-0.027108927108926983,0.005672197764984732,-0.00808311096142389,-0.008211273857079537,-0.016593988703210605
2025-11-14,-0.0019783843194722817,0.013689920324266192,-0.018967299987075137,0.0034827144686300215,-0.012164323596262405,0.00420910851081735,-0.018047901376446407,-0.00570597449093746,-0.0001636807332896506
2025-11-17,-0.01817113909181034,-0.005272648869026564,-0.010671585257402638,0.018629102230388384,-0.007754910733307696,-0.013496521083074864,-0.011463985530375531,0.0024755260492854703,-0.009316446653669264
2025-11-18,-7.477753682783028e-05,-0.02699560582474525,-0.0031960581948928812,0.0021044192804888784,-0.04431657147764845,0.011471787899388186,0.007264899771290301,-0.000336738129980918,-0.008397554343743785
2025-11-19,0.004187855219862424,-0.013507766459426085,0.012892020974583307,0.012550000000000061,0.0006290721186250625,-0.014114088885155085,0.0016294911179377536,-0.002021109364473417,0.0038631681008360896
2025-11-20,-0.008601429848078657,-0.017839546723599886,-0.01612424572163418,0.0027652955409609437,-0.0249225380573892,-0.0028121005538985777,-0.00029336462555995535,0.003937893789379032,-0.015242292078535558
2025-11-21,0.019680751173708932,-0.013188972263445065,-0.0012065151819827813,0.004087260550549088,0.016348899327622846,0.0005127328661767017,-0.001547285580899116,0.003025888154208234,0.00996122783626796
2025-11-24,0.01631735975542381,0.003982038464797055,-6.710958996036798e-05,0.010544384502207071,0.025329647922425202,-0.00948069695934406,0.015844176663905696,0.00569832402234649,0.014718601581111601
2025-11-25,0.003805450855320469,0.006308016877637046,0.016778523489932917,0.0030089784033000555,0.01498143892522541,-0.01258946279210138,-0.00031562335612833614,0.002555271636484724,0.009405888774243643
2025-11-26,0.002094089612593386,0.01784104488563698,0.015313531353135179,0.004306382155126576,-0.0022205773501109416,0.002270544057287438,0.007998316143969841,0.004432624113475336,0.006903499155580528
2025-11-28,0.004683840749414525,0.013408856848609707,0.0176830061110389,-0.003083445750626357,0.017716879036481004,0.010020040080160442,0.012424305700563743,-0.004744042365401713,0.005458451035781575
2025-12-01,0.01524116908732287,-0.010711164407227414,-0.013287338699373819,-0.007635801275855281,0.0028299459737586297,0.0061249137336092385,0.004821078684129176,-0.01596275357499166,-0.0045654750581659576
2025-12-02,0.010914871070293097,0.006697620906438662,-0.003366567396089648,0.0003895977403329809,0.002308876346844402,-0.010717654119866249,-0.006440025657472703,0.00045060268108598756,0.0018522057418377535
2025-12-03,-0.007128131660784853,-0.025040816326530546,0.01380407951149798,-0.00043812676467713807,-0.008702329152802668,0.02097417230022547,-0.0009296560272699095,0.0028149983110010712,0.0034627969421743288
2025-12-04,-0.012141474573288735,0.00650995332091342,0.012719059366289809,-0.013880095456095143,-0.014071778982700622,-0.005602716468590785,0.0006461952026468598,-0.0053896249719290745,0.0007311117284942714
2025-12-05,-0.006840042750267283,0.004824889776225083,-0.0033533691869661597,-0.0027163176610034423,0.0018331805682858526,-0.0051220761481987065,-0.0017823470152145138,-0.00462858433054858,0.0018995017460805563
2025-12-08,-0.003192481526651747,0.016267902972100234,0.0005396140172675423,-0.001535185460308064,-0.011501764475232101,-0.00480521709284365,-0.0026394783148742107,-0.0032891006011115387,-0.003004273068004548
2025-12-09,-0.0025549677930115644,0.002036576921510269,-0.046635576282478275,-0.008233310187481413,0.004539644761778927,0.019572340058630733,0.005137252867002173,0.0010241238051889034,-0.0008630399485102247
2025-12-10,0.005772422252687592,-0.02735661151985691,0.031945692323051,0.03290658131626323,0.016935766935767038,0.01090909090909098,0.004259163655136788,0.0038649539615778217,0.006632115249473047
2025-12-11,-0.0026902934213358654,0.010259946506185225,0.023443294314920538,0.01680061973467617,-0.006471654154801998,0.0,0.010769823930086186,-0.0013588495074171592,0.002327035792719201
2025-12-12,0.0008991835413445504,-0.010217800484001227,0.0035919087529143745,0.007475834484072186,-0.01776098662497827,-0.006023088505939578,0.00559454785881397,-0.009638280984238468,-0.010752064077078183
2025-12-15,-0.014984907287623805,-0.007752909953398945,0.004709280421951512,0.01224123263068333,-0.01613687607763392,-0.00892105706110069,0.0009103783127655252,0.0006869704602703308,-0.0015107955878901347
2025-12-16,0.001824085221261429,0.003306516153489758,-0.01396787700768698,-0.022738945697343138,8.987148377825882e-05,-0.026154891304347783,0.00022738756947937588,0.005491990846681727,-0.0027323608479132844
2025-12-17,-0.010087032518845018,-0.000566762526501341,-0.0018063698304547904,0.004921165790731097,-0.005796189791516859,0.023805371468433867,0.008588244209250195,-0.000910332271279013,-0.011003579477661396
2025-12-18,0.0012875220718069347,0.01650844324960099,-0.006286113404025739,-0.009603955688679777,0.024811316491164526,-0.007409931010987081,-0.001803200681209205,0.004783599088838297,0.007551385165326163
2025-12-19,0.0054373783019214805,0.004008430100417293,0.013450479233226842,-0.009313043060822812,0.0026018698183101208,0.0012871117212973626,0.0011290363047895546,-0.00759464973928814,0.006090440078643455
2025-12-22,-0.00986589688310735,-0.002057951926243029,0.01853661612181212,0.004603382274555257,0.004750384869144586,0.01251178335761427,0.02308154979700272,-0.0021701884637349567,0.006229888772976366
2025-12-23,0.005129719157102253,0.00398003794440327,0.008790120399888579,-0.007428130426393897,0.016241299303944245,0.01074904782056696,0.013252333243514602,0.0016025641025640969,0.004570477344742585
2025-12-24,0.005323836099280221,0.0024032042723629576,0.009940784831098837,0.009719117504130681,0.0010338588782632385,-0.0016747613465081246,-0.004134029590948551,0.006057142857142761,0.0035176463747892406
2025-12-26,-0.0014973887001936692,-0.0006352198680381616,-0.003827809338639576,-0.0007219174126480432,0.0006024614854980292,-0.0009226639825532512,0.011676741193892282,-0.0032943314779053656,-0.00010139343549930846
2025-12-29,0.0013167520117045584,-0.0012507432695658682,-0.012686407855814208,-0.00033713817849057026,-0.001935317392052327,0.011921753001427282,-0.04352833901233377,0.0037611123774790034,-0.003563616346279108
2025-12-30,-0.002483927527761609,0.0007801272839251805,-0.001019305019304917,-0.0031316245904798867,0.001982160555004997,0.0038164772255868673,0.0007275464124434361,-0.0023844669013284303,-0.001221196481791087
2025-12-31,-0.004467555295151526,-0.007918273570197809,-0.0037103456805391843,0.00019332076748335147,-0.007353889820668313,-0.005372344821886088,-0.006467948557246306,-0.007967220578192657,-0.007408916900772944
2026-01-02,-0.003126609284190507,-0.022083453951449505,0.010117311153869935,0.001932834017878804,-0.018715882505848658,0.019195612431444298,0.004970856147964886,-0.001491509866911378,0.0018330595964335394
2026-01-05,-0.01383712778126267,-0.0001902989808432176,0.026299619024210408,-0.014661200868097413,0.028962472406180995,0.022095393395841878,0.026313146530079434,0.0049408250028724066,0.006660128518523933
2026-01-06,-0.018334206390780428,0.011969969334884034,0.001706382469165435,0.0023493710537907386,0.03376812837895815,-0.034380982769623536,0.010813191114590559,-0.002058083695403501,0.005947187808991838
2026-01-07,-0.007737459978655381,0.010365509602725309,-0.022772780251636204,0.013184237511597363,0.0026148673888681806,-0.021148285832300773,-0.009559998063797814,0.0058432630614115855,-0.003223428397970407
2026-01-08,-0.004955249106902593,-0.011086520363207675,0.00856295299550447,-0.008385946310665582,0.01958105646630237,0.0373027259684362,0.00552256677174201,-0.005011960359949996,-0.00010151106470612792
2026-01-09,0.0012739345274861424,0.0024471355964108543,-0.0018193395797325707,-0.006609963547995257,0.00442567704738317,0.013831258644536604,0.007241974288561215,0.006639954207212417,0.006613392119041217
2026-01-12,0.0033928364884141526,-0.004381572358537755,-0.014277468938910576,0.02607759675130894,-0.0036785512167515355,-0.004654522108979986,0.01872270610659399,-0.002956897532127911,0.0015704467849062542
2026-01-13,0.00307396733909715,-0.013642650572111115,-0.04188110573515369,0.018739271409498492,-0.015701708118635138,0.020237039425945458,-0.001421026454775931,0.0017109615603967399,-0.0019995396743195393
2026-01-14,-0.0041754453169892125,-0.02398708224446011,-0.009745899002894687,0.022934706295342888,-0.024525968672712284,0.02892366050260775,0.010222232763323236,0.005807333181507612,-0.0049151736166164195
2026-01-15,-0.006731804893060467,-0.0059210239888545235,0.004514892649494895,0.004667124227865305,0.006465244031269801,-0.00821812596006144,-0.006127623608959021,-0.0002264236386277929,0.0027232168723565486
2026-01-16,-0.010379148754889322,0.007007401567906024,0.010379615857207591,-0.00414446417998815,0.003946595012175758,0.005885541702160602,-0.0048189355821698365,-0.005775110406522566,-0.0008378597018375844
2026-01-20,-0.03455562947599111,-0.011612229809072394,-0.031138989342976986,-0.0020579895728527475,-0.03395784543325531,0.004388328585726464,0.037836169859241764,-0.013097949886104687,-0.02035682271636341
2026-01-21,0.0038508309687881326,-0.02290328258382468,-0.002312215102067694,-0.0009165482791806401,0.001341991341991422,0.0241453319024989,0.014568991148823374,0.007616849394114222,0.011541072640868899
2026-01-22,0.0028265697557035008,0.015829411632253265,0.005264203416765811,0.0022017338654189977,0.013099303964376752,0.00022453409175948735,0.018462578899909765,0.004352307868514371,0.0052232273125183415
2026-01-23,-0.0012482383732635993,0.0328279469787649,-0.019464479794486622,0.007551833035836841,0.020568404881795566,0.009952110146662863,0.013745324155027827,0.002736914129319201,0.000362855235275239
2026-01-26,0.029712949524270282,0.009292842579675886,0.01115141743920467,0.00613246116107935,-0.003094162903495623,-0.0009631770022967556,0.014628820960698619,0.004776526782667823,0.005078130667556469
2026-01-27,0.011197682158098576,0.02190184570893927,-0.002424926920010728,0.013318885728475172,0.02625618656153006,0.014758231978641456,0.02453195610071024,-0.006225240520656428,0.003984236282534415
2026-01-28,-0.0070856080845626,0.002184859960880692,0.0015317505244580865,0.014614150775262846,-0.006825241131273585,0.005481254110940581,0.038773366939718557,-0.002277904328018221,-0.00010064846367319191
2026-01-29,0.007175167680548933,-0.09993148267342145,0.01878511819662876,-0.0018882838573687222,-0.005267272951730351,0.02129670010175877,0.002709479132966708,0.00022831050228311334,-0.0019844122976042655
2026-01-30,0.004646120489391503,-0.007404844290657353,-0.001729652111481017,-0.00017598662501649986,-0.010052537955570151,0.006334068749555222,-0.10274248840492028,-0.005592330518146671,-0.002982537029565968
2026-02-02,0.040581162324649256,-0.016082177136349962,0.007355585341135784,0.015401540154015292,0.015294609277058058,-0.021216407355021172,-0.04004944375772557,-0.006656719843911363,0.004971313785279596
2026-02-03,-0.0019628902633235246,-0.028721921723315336,0.021775816187447283,0.010184182015167798,-0.017863022719789234,0.03851156069364148,0.0635871982768712,0.002426343154246169,-0.008455443551286246
2026-02-04,0.026013062193854797,0.007246905474088683,0.0076861997776718205,0.005877305877305838,-0.023593998826586193,0.026855910387532322,-0.000704395870479213,-0.0025357307514983773,-0.004843879164068143
2026-02-05,-0.0020977250533472658,-0.04954248050411647,-0.02240993475588604,0.014159593977907559,-0.044207905918709045,-0.010231045463784727,-0.026631715752142293,0.010862029119482308,-0.012489252247919747
2026-02-06,0.00800985828712264,0.018975283867198378,0.039463502708279474,0.00925186088565555,-0.0555480713098927,0.02033132530120474,0.030732325518240122,0.000685871056241405,0.01918479383725402
2026-02-09,-0.01258449590104993,0.03106147479682919,-0.0009305210918112428,-0.005625234384766142,-0.007607455306199995,0.014491781281449123,0.025402889386554328,-0.00022846698652057018,0.004821754365642583
2026-02-10,-0.0034229116597480624,-0.0007978723404256094,-0.011859670909655562,-0.0012152195776063968,-0.008432349559218011,0.002513061305469133,-0.009913710040040269,0.011540219378427752,-0.0026370775992506923
2026-02-11,0.006650102309266215,-0.021535557867737753,-0.02343848183988939,0.010530732116635244,-0.013915732508697265,0.026189062603074076,0.01131055363321809,-0.005308934824353351,-0.00023117378489279083
2026-02-12,-0.04998185117967324,-0.006256646140910593,-0.026317482787465485,0.015320102964377691,-0.021952175617405034,-0.03619182309076885,-0.034728310844043375,0.013286395639336757,-0.015448869876871552
2026-02-13,-0.022733351163412796,-0.0012940473820425291,-0.00029738302934168015,-0.004498057656921017,-0.004058116232464992,-0.00987127326085524,0.024878707990872773,0.005491426650229725,0.0007045664714431243
2026-02-17,0.03166783954961283,-0.011113326024120407,0.015137993720046206,-0.0004929143561305249,0.011871824538457698,-0.015223981138430376,-0.031170290951536894,0.0016718680338831948,0.0016134946828016972
2026-02-18,0.0017811126269517974,0.0069041979539383735,0.005372317910982138,0.006822011260428251,0.018095948297290443,0.030713455092687747,0.02248995983935731,-0.003783242461333103,0.005037709599472695
2026-02-19,-0.01426139587667874,-0.0028528528528529717,-0.0023641427553596772,0.00783705457365591,0.0003418135651156451,0.001924608441730813,0.002793052282447528,0.0010052496369932218,-0.002637369042241544
2026-02-20,0.015350372246526911,-0.003086884505345444,0.008894659957799034,-0.017901259568263717,0.025627257639363465,-0.02444194210770345,0.019714509530855517,-0.002343226958268385,0.007231767180925663
2026-02-23,0.0060473202812005855,-0.03212244795206809,-0.04221500048264104,0.013815002680522825,-0.023035552805673265,0.023628462791960736,0.02701549229653022,0.0036908623196509893,-0.010211334000551076
2026-02-24,0.022390863325569166,0.01178245376752396,-0.001242987200591239,0.0017897819720142927,0.016027670872509336,-0.009949588750331695,-0.013858876329787106,0.0017829284599957251,0.007268570758657056
2026-02-25,0.007679870654810239,0.029820051413881776,0.020181634712411745,-0.004507065129121357,0.009973149213655441,-0.001339943722363568,-0.002507321801057727,0.0001112347052278917,0.008438204699207086
2026-02-26,-0.00466761477591815,0.0027958062905641956,0.009330695680844103,-0.006933964188114317,-0.012913026965438612,-0.0034885281094861886,0.008575894554518237,0.004004004004003914,-0.005554353314578431
2026-02-27,-0.03213042681809852,-0.02235387832321023,-0.01904419690980952,0.020372119768349295,0.010003847633705432,0.026659485660428306,0.013131440060316635,0.006092832613271204,-0.004801973016103189
2026-03-02,0.002044060867590458,0.01479350206243324,-0.009124209124209193,0.0005232862375719183,-0.0076666666666667105,0.01127868852459013,0.012919896640826822,-0.013323056595463512,0.0005685214070176858
2026-03-03,-0.0036642490178302456,0.01349893363442467,0.009073800241967911,-0.007281943997425211,0.0016315562167090736,-0.015497341460251501,-0.04461224489795923,-0.002008704385671134,-0.0088143593927561
2026-03-04,-0.004663507109004761,0.003144109127819039,-0.0028974888430027823,-0.00587639311043564,0.03875820437886257,-0.013238490416913828,0.007818174050497673,-0.0031309404003131425,0.00705539958549517
2026-03-05,-0.00849459088831317,0.013524185587364235,-0.019506329536724598,-0.023114553607827215,0.0097776957845217,0.006274195701508445,-0.012017804154302758,-0.004038137969713973,-0.005575584195700145
2026-03-06,-0.010872488378347422,-0.004188175708580988,-0.013864758984840742,0.0032132871510246463,-0.026171553850369955,0.0029848766250997194,0.01583249308132917,-0.003716634756166348,-0.013107102493725264
2026-03-09,0.009399518371785875,0.0011003521126762283,0.0015199668370871056,0.009109816971713869,0.0013132592279911925,-0.0050922558031877285,-0.002069650060188888,0.008704499208681993,0.008759927421993385
2026-03-10,0.003655533323072113,-0.008915268312938207,-0.004104580573951466,0.0046168432334392495,0.003934610520399007,-0.01535495878755655,0.011279707108543535,-0.010646643505547448,-0.0016070296489598679
2026-03-11,-7.66782962081658e-05,-0.00216876971608837,-0.004190766460014705,-0.0029543309671330453,-0.007838380068119322,0.02329035306825089,-0.003390114259406496,-0.012913457181694565,-0.0012552054106735877
2026-03-12,-0.01936275449560987,-0.007459000197589383,-0.016103227601558134,-0.003909625910531345,-0.01467199623794968,0.012864493996569415,-0.01965395598857722,-0.0019508836355290882,-0.015184894947732785
2026-03-13,-0.02205192367844855,-0.0157019857661872,0.0019442186008695739,-0.0021484052222772165,-0.008877010451963985,0.016869667166026225,-0.012936943111720445,-0.004944233643785156,-0.005660150737170744
2026-03-16,0.010794818487126046,0.011123751738086218,0.009596387242450044,0.006914541238820737,0.019598401309770308,0.007109915449654114,-0.000889679715302405,0.0077420845851627895,0.010176810762656752
2026-03-17,0.005577090420061603,-0.0013501687710962829,0.0025510204081631294,-0.020889016818125716,0.016340795315008982,0.01004897284233297,-0.002519384054036511,0.002751977984176257,0.002630674259749277
2026-03-18,-0.016874483735200396,-0.019078140256878928,0.0029628080448953487,-0.003485783881399418,-0.024767657992564973,-0.007682135885649477,-0.031637163324406026,-0.005660377358490565,-0.013953696387841275
2026-03-19,-0.00392094102584617,-0.00707011409173286,0.0007993327309376852,0.0013486176668913163,-0.005288988421403795,0.0036169807728916314,-0.041215091963843986,0.0061526076706341915,-0.0024643575283854746
2026-03-20,-0.003896208226221054,-0.018379517762582842,-0.004896343369101053,-0.009385521885521886,-0.016238743054224902,0.009547293879615504,-0.03055744471283517,-0.01897359698251222,-0.01702030918460129
2026-03-23,0.014113472317432096,0.0029591222143661167,0.01169039642657732,0.000212431490844045,0.023226371914106148,0.009143859209619798,-0.022594223232860755,0.006466270534778218,0.01050002312780407
2026-03-24,0.0005964451866873333,-0.026788511749347266,0.00858887240867845,-0.0006371591198707227,-0.013800323593794461,0.026376217960652815,0.00022275022275008993,-0.004341031429067499,-0.0033568311513931803
2026-03-25,0.003894452392306569,-0.004560819874443234,0.010328317373461182,0.019807030220597488,0.021569195136074137,-0.012818962389648081,0.030089327691584344,0.00965004069294273,0.005572736458556715
2026-03-26,0.0010687989866200454,-0.013664294954721878,-0.012727642001218564,-0.002875838786312701,-0.019696754995040422,0.01329168197966446,-0.03759398496240607,-0.008406264394288376,-0.017858774093358898
2026-03-27,-0.016173039661512845,-0.025138672568789877,-0.03024069121579942,0.005057682661762097,-0.039510455815746304,0.03360938161155769,0.03509384984025554,-0.00545813494367664,-0.017051884233207804
2026-03-30,-0.008721864951768521,0.006138408498472359,0.003288078065337263,0.008484092326887183,0.008076652954750685,0.002807181706532491,-0.00028936580660721134,0.013311536665109758,-0.003343373968994978
2026-03-31,0.02903134249685757,0.03122910630710951,0.03661415935440693,0.008041568724483472,0.03642697188355326,-0.010555782352598131,0.037893772010227256,-0.001037105323807408,0.029067835498520544
2026-04-01,0.0072500886559754285,-0.0021611691925331744,0.004147402774000497,-0.0013091147111765622,0.011043357180582802,-0.052339974065778616,0.017499825698947147,-0.004960203022263188,0.0075345204047112535
2026-04-02,0.0011344521378555683,0.011072907924303488,-0.0026406662604102626,-0.004424053744060297,-0.0037992116635797712,-0.0005597711158104035,-0.019208807272394934,0.006144215163459421,0.0009004334289726135
2026-04-06,0.01148796498905913,-0.0015530445027579498,0.0028852681602171693,-0.008517116524028978,0.01439672021738092,0.01667807579812064,-0.0040986469807411385,-0.001613089065560569,0.004726834698016047
2026-04-07,-0.020706173221046176,-0.0015822784810125556,0.006600101540023662,-0.010623729094908052,0.004605479580807481,0.00330538042480244,0.00972758096574311,-0.00011540680900179456,0.0004401074469215782
2026-04-08,0.02130177514792897,0.005479599237153687,0.035541358439811876,0.012121974749381481,0.034990878046498475,-0.04691599048258188,0.006299066719158919,0.003231763619575334,0.025469494250781155
2026-04-09,0.006141367323291069,-0.0033660139449148696,0.007663084066629633,4.14421881473892e-05,0.05604519774011307,-0.007553450262450467,0.0077785193197248415,-0.0025310630464795425,0.005769145426842703
2026-04-10,-3.838918960419324e-05,-0.0058970166456696615,-0.0014822930428897152,-0.011810534167668085,0.020243954632997996,-0.016318369453044435,-0.001781187915325111,-0.0024221453287197603,-0.0006618523039813029
2026-04-13,-0.004914004914005066,0.03640089519238554,0.012295478749152933,-0.002096787721211135,0.006334424028861418,0.0008524031211067928,-0.004049138700157773,0.0030061278760551424,0.009772466370352895
2026-04-14,-0.001427469135802495,0.022738507167572974,-0.008161183371588887,0.008993108085392443,0.03805911042561183,-0.022274633123689602,0.022349320102903247,0.005302593659942234,0.012184812709517656
2026-04-15,0.029362902291079074,0.04606853043677339,-0.016681666238107518,-0.005955851728446482,-0.002088185687896593,-0.0015411417850443865,-0.010402390527758376,-0.004357298474945481,0.007891023241079376
2026-04-16,-0.011372593176444235,0.021983366567773777,0.013140260843983897,-0.017304227594586608,0.0048289738430582485,0.01993154821824028,-0.0008627344140217375,-0.006334216284694216,0.0024573534874416936
2026-04-17,0.025930144267274358,0.0060200828058820655,0.0010969511211487148,-0.0015349194167305624,0.0034441329595515935,-0.036452164758520755,0.013293037629521942,0.009156235512285393,0.012085625516631948
2026-04-20,0.010435554897679777,-0.01116393481397393,0.02159270359985821,-0.014903066017593392,-0.00909961685823757,0.008467631794591757,-0.008611217007153615,-0.00022970024118518229,-0.001999605711549779
2026-04-21,-0.025196850393700787,0.014566938550960362,-0.012587147859553949,-0.01963674194806886,0.006565168358305229,0.004604550379198269,-0.028320025334207966,-0.0055140723721999185,-0.006547014335703816
2026-04-22,0.026298981853702497,0.020652583930592217,6.389776357829113e-05,-0.0002652989034311881,0.021807850826297548,0.007684011863035689,0.013245803943478407,0.001963728774402318,0.010126690148846818
2026-04-23,0.0009517882637184449,-0.0396609073269889,-0.004248929780844679,0.020123839009287936,-0.0010964912280702066,0.0068896321070233135,-0.009695354500758091,-0.002190454231035255,-0.003880710338718507
2026-04-24,-0.008667666313133204,0.021334936861094445,-0.010940357406397427,-0.01365705614567525,0.03493021797083262,-0.010761974357270998,0.005127134372679976,0.0018486424032351234,0.007749311878043619
2026-04-27,-0.01272780934110529,0.0004710093730864173,0.01086674451797065,-0.009494505494505479,-0.010871623925148732,-0.004835135316634154,-0.007755337564916309,-0.00495905893207238,0.0017228338515840047
2026-04-28,0.011584021523859178,0.01042794595358032,-0.0005776080608413947,0.010872459394692502,-0.005438112745098089,0.015992981982589916,-0.01856288818069729,0.0010431154381085328,-0.004865975921808707
2026-04-29,-0.001994754534372478,-0.01115899825276645,-0.007063734146733003,-0.0019316036700469663,0.012860993453985392,0.027298087141338856,-0.010665781801806107,-0.007757323144610417,-0.00015456167713467917
2026-04-30,0.004367620387163651,-0.039296989115582215,0.012869846402586926,0.010996261271167818,0.007679440389294356,-0.0021982284864549007,0.014973287654823864,-0.0009334889148191472,0.009949689423536245
2026-05-01,0.032393587617468134,0.016332336063563657,-0.0024263320882418338,-0.01157276484663905,0.012072738247943748,-0.010237802112356698,-0.0011329839966011113,-0.00011679514132223456,0.0027690423844377587
2026-05-04,-0.011815520811023106,-0.001978573496766667,-0.015425480846161355,-0.013160790527752098,0.014128084693953769,0.006153846153846176,-0.020015123588071337,-0.0075925709613363646,-0.0036633594671476866
2026-05-05,0.02655059061517906,-0.005415598858856008,0.005688282138794021,0.006021409455843063,0.005513692335967546,0.00774285900188687,0.008584311928817812,0.005532015065913498,0.00802217239314218
2026-05-06,0.011717925258638795,0.006271573727453905,0.017776341305753007,-0.004123254267346499,0.005264119904953457,-0.039966425619834656,0.030339254548497285,0.007608568418588257,0.013899443193279737
2026-05-07,-0.0002434697923550111,0.016450864817856736,-0.02740552556367104,-0.009393642596385088,-0.013891414233244803,-0.014190597888223744,0.001670688695006639,-0.0049953531598512235,-0.0030661052287314083
2026-05-08,0.020456443083773923,-0.013427763386172908,-0.013615437359192684,-0.005348074243854195,0.005568462588044332,-0.013712648383135573,0.0048415492957745165,0.005020431990659491,0.008256103228628353
2026-05-11,-0.002181917359879937,-0.005925997301984953,-0.006951340615690249,0.0004970178926442248,-0.013532345606571794,0.03534619907311343,0.002028724900292822,-0.0060408921933085,0.002277595509883046
2026-05-12,0.007243405767391131,-0.011849949110648073,0.01626666666666665,0.012780562706046883,-0.011784824714673459,0.00634687332977002,-0.003957206948119074,-0.006661991584852811,-0.0015149465710807553
2026-05-13,0.013805970149253666,-0.006278048900115296,-0.015186302807661978,0.02746811736377408,0.01621397938454594,0.006240456748323631,-0.005612916637793619,-0.0022355571243675154,0.005594841366604264
2026-05-14,-0.0022083179977917533,0.010414353051504177,-0.0011323896752705176,0.0016491623990975146,-0.010772590974715723,0.00798311011413877,-0.0076422764227642714,0.0014150943396227245,0.007894275976344067
2026-05-15,0.006773750041916937,0.03050582517157996,-0.007002100630189134,-0.017720970537261738,-0.011526083376992902,0.0336431470087708,-0.02322043023337461,-0.014837494112105554,-0.012029351617947825
2026-05-18,-0.0079605635679314,0.0038395904436860917,0.009804909170276321,0.009748136385690831,0.0027258272128418692,0.016274062816616253,0.002731913058065194,-0.0011953143676786127,-0.0007034917542648733
2026-05-19,0.0037939833467635076,-0.014449638759031047,-0.01672596681408578,0.004717805346846182,-0.02084119912406568,0.012835690697239777,-0.01656190999689311,-0.006462422211584551,-0.006660800108305609
2026-05-20,0.010971000434826239,0.008720233817258283,0.02123774095366926,-0.0029565217391304133,0.021863191177604824,-0.03857274684712397,0.014337788578371757,0.010720308359431385,0.010249001676365888
2026-05-21,0.009065343258891634,-0.004678668123307861,0.003377707132922625,0.010509331937903266,0.013018376665031361,-0.0063347837215255165,-0.000982271202683238,0.003694434513168865,0.001983136593591839
2026-05-22,0.012557788779959944,-0.001240783602567408,0.011155115511551239,0.011263107927329319,-0.007971392386202703,-0.0023826389336081277,-0.007602100769802722,0.005461885537877187,0.003931495045239153
2026-05-26,-0.0015866848002072942,-0.006068280096519163,0.0011750114237221165,-0.01775198429632152,-0.0038675277861218715,-0.03298476633100944,0.00043497172683770735,0.004959848842701842,0.0066385923501959265
2026-05-27,0.008173061330392972,-0.008076340648510816,-0.024320271239486324,0.0048223129724562774,0.02472765652681974,-0.012749482678058865,-0.013309178743961314,0.002350176263219872,-0.00017319708495977526
2026-05-28,0.005340196236126582,0.03470085055855776,-0.008520449077786485,-0.0021185524666003097,0.007908773220525855,-0.006355645706558444,0.010477612671056846,0.005158264947245028,0.005516616475228497
2026-05-29,-0.0014399539214744461,0.05445092390922501,0.008694773025983205,-0.023700173310225336,-0.01226277372262774,-0.011567773543821547,0.010538556581146885,0.00023326335432716228,0.002491386164855447
2026-06-01,-0.018425943728770156,0.022832267235252335,-0.009120978249975042,-0.00807704255980124,-0.03465858705291158,0.02836293542613255,-0.014048714998082135,-0.0033815298507463565,0.002723138747884768
2026-06-02,0.02902288531226538,-0.041713714930947554,0.014768359295974198,-0.00277392510402219,-0.01814284620684381,0.0012049805864238206,0.0016777707532946717,0.0021060021060022027,0.0013578717008992935
2026-06-03,-0.015672588832487344,-0.03165575219233652,-0.0003654970760232912,0.0015702813046796216,-0.025339154841727662,0.019858250869216443,-0.00990411457701168,-0.003969643899591424,-0.007017128111958093
2026-06-04,0.0031264101076518003,0.0016614405391492948,0.03337211234834614,0.02208385593979556,0.015078793696504222,-0.0032124827902708653,0.008335989408389866,0.00222717149220486,0.0037786380992788082
2026-06-05,-0.012498795103299987,-0.026585679243079086,0.004760526231142981,0.02016040671429198,-0.03057646085346144,-0.013943699026571998,-0.03654533518126768,-0.005146198830409343,-0.025809348954549782
2026-06-08,-0.01887160799114973,-0.01183190534475731,-0.004033678010052166,-0.002620612621901497,-0.0032922814290939906,0.012206510138740745,0.0025994346860487294,-0.005172819186456623,0.002264253270964689
2026-06-09,-0.0364462426212111,-0.020231213872832332,0.005110732538330387,0.02084769124741559,-0.0042003099257809096,-0.018714991762767696,-0.016336496589221428,0.005908768612621129,-0.002935526636184238
2026-06-10,0.0035450008604369643,-0.014997149302198753,-0.011384713783178735,0.006286919831223647,-0.025349113395306877,0.011483446377006379,-0.04145555043758631,-0.0028195488721806106,-0.015765551862153226
2026-06-11,0.013889841552918725,-0.017666599557076834,0.014071294559099501,-0.0006708876682460785,0.014747899159663902,-0.026689682645067103,0.03134176944844902,0.012959472196041544,0.016996815681733723
2026-06-12,-0.015221729865034006,0.0010247476558897795,0.023062936616798035,0.010657491713170764,-0.012256221274481338,0.0027967257844474513,0.0005694760820045275,-0.002442428471737701,0.0054082628497071905
2026-06-15,0.018170576718304687,0.023084403951476595,-0.00411573958593181,-0.02162992485573134,0.031314189897296174,-0.04142575335011223,0.02589641434262946,-0.0005829544129648534,0.017633973710819095
2026-06-16,0.009513528102017332,-0.014833900340204154,0.036756418284283,-0.0020368327251124585,-8.129420372327001e-05,0.006670451319898074,0.00272349010213091,0.00548296780214641,-0.005961607249314382
2026-06-17,-0.010994519449271545,-0.03788436635096348,0.0070061001389141175,-0.004167021005187621,-0.03455284552845528,-0.007895107852812666,-0.02270955410809039,0.0016243183663997574,-0.012487838684312247
2026-06-18,0.006960635242439617,0.0012931830777755948,-0.02471060996821195,-0.02480785653287787,0.029010526315789376,-0.02081853062384542,-0.0038085434894493675,0.0048650527047375824,0.00780069099546532
2026-06-22,-0.0033555920942249795,-0.031787032156035844,0.019248508701801725,0.012697578703095624,-0.04746511723065594,0.004789202525215863,-0.0065354412068610035,-0.007608069164265041,-0.0031470123470016542
2026-06-23,-0.009124271910036619,0.017967006043447586,0.008024616869795942,0.03368066064248354,0.005670346664375714,0.00909944392287132,-0.018903247614342478,0.0012777326054129734,-0.01452195757600172
2026-06-24,-0.0041454298335033,-0.022677434882601544,-0.0020650026934817545,0.008030784674585956,0.0006834394088248708,-0.02025334573820925,-0.03021308173433679,0.013689095127610074,-0.00046348046566158096
2026-06-25,-0.061177835403302905,-0.03455918568379579,0.0050082471135102224,0.01609958506224074,-0.030989883467793633,0.0047479912344776665,0.00967424573677289,-0.00034332799267566827,0.001445638535813476
2026-06-26,0.03136471015809561,0.05708131394722682,-0.01811291477679633,0.03993792878144409,0.02502092418836188,-0.0073427844420211885,0.011286742813836348,0.00011448196908991903,-0.007231376821462576
2026-06-29,-0.0071886672774683635,-0.011797195484891665,0.0010332776173833658,0.015118196811434892,0.03201684644806391,-0.003515453347004427,-0.013516045285442813,0.0010302197802198876,0.016474848763357475
2026-06-30,0.027046212820330817,0.012073690208101562,-0.00625398463827076,-0.01756218328111092,-0.007495627550595407,0.004850801117154191,-0.0005426230397742593,-0.011778158947970296,0.007786774628879778
2026-07-01,0.017348631462537956,0.030186049005415327,0.020590841047261277,3.937472929860242e-05,0.014097507762020678,-0.0032182562902282053,0.006026385797274658,-0.010414255959268703,-0.00135249139628002
2026-07-02,0.048406821115564824,0.016160091599875193,0.0011973538479961299,0.03567210016536748,0.004013239553165127,0.005943645435867451,0.02031840259039397,-0.00011693171188020823,-0.0013140956876207532
2026-07-06,0.013057706639017619,-0.009603318907014269,0.009716865488683668,-0.014104318734793342,0.006140025549099537,-0.004741410752060693,0.010578372517388246,-0.0007016723190270691,0.008727409436343647
2026-07-07,-0.006396724876863047,0.005430004654289666,0.004441549212365281,0.030501677399452642,0.007454128440366858,0.03847845206684264,-0.012142464606285763,-0.010532475131656005,-0.004751890107549728
2026-07-08,0.008787742226227913,-0.014144635325583743,-0.02535227875714885,-0.0143691064211946,-0.009594275957394816,-0.0039522902110240565,-0.008053193462078556,-0.0022471910112359383,-0.003089433068970693
2026-07-09,0.009030281757554715,0.0026608232900298123,0.014669408989171906,-0.016324981017463713,0.014038256300796359,-0.026004393112732838,0.009961276538923869,0.0015410146989094375,0.008465253555138164
2026-07-10,-0.0028461197900196966,0.001925278384847573,0.002980892479208297,-0.008182169046700105,-0.006881476683937793,0.010330277899025075,-0.0030937648738695867,-0.0002367144040714697,0.0043101728060024325
2026-07-13,0.006311049092984966,0.01529472864191117,-0.005765744345707091,0.003074169196046306,0.008029673106709101,0.04053859447004604,-0.026206201427017795,-0.005919261276192689,-0.0076561361679582385
2026-07-14,-0.007721155967350457,-0.015499117624491632,0.024990284877290492,-0.015207355394343702,0.0007278314665803975,0.004013563075219828,0.013673630594067454,0.0013099916636893916,0.003550595992898975
2026-07-15,0.040144826271993894,0.027797261839815013,0.011723876461839255,-0.026905652944652303,0.030183037698492843,-0.003997518781446052,0.0005374177079136011,0.0019029495718363432,0.003963661998057866
2026-07-16,0.017587786259541938,0.013826049591790346,-0.010838546020581874,0.011942352845923265,-0.019885472230938284,0.009964708324683436,-0.01984691822210294,-0.00035612535612539187,-0.005418582159748664
2026-07-17,0.0014403168697114666,-0.018150087260034975,-0.005974063820486486,0.012281473776853291,-0.010644683660810728,0.00966084275436807,0.009453090749671267,0.003681273007956287,-0.009897165387894424
2026-07-20,-0.0214238628872776,0.02150728759331688,-0.006537672236880732,-0.01667720518495097,0.01116369372648962,0.006786102062974919,-0.002198637387693103,-0.007453857075248371,-0.0016144438913477943
2026-07-21,0.003521234575461607,-0.011285391135747891,0.018768259214448024,0.007193955469817714,-0.009760390415616604,0.02258021029927204,0.01961371055495098,-0.002741685540588956,0.008341306310555296
2026-07-22,-0.005644718374321123,-0.018629792583281013,0.00863192654172562,0.02003112405730012,-0.01090688749747537,0.01806077384483551,0.011499159574184237,-0.0026296916088931477,-0.0011626663815683669
2026-07-23,-0.012979839823253125,-0.02244197366398526,0.0048533930674019565,0.014239330282048268,-0.04570144986726565,0.015797992877953915,-0.020046423296054106,-0.0032358581016298515,-0.012349312960757808
2026-07-24,0.03531679413044819,0.0003144818910845171,0.009459845670191536,0.015929340070196973,-0.006633570144654599,0.00031869462680855776,0.001022825150732043,0.0009618852951784884,0.0010160123547102717
2026-07-27,0.011680980121314244,0.019386953104532534,0.00846521899153485,0.009681093394077411,-0.003101977510663212,-0.013826940231935647,0.007340682979295465,0.006006006006006093,0.00021652930588844654
2026-07-28,0.009409040990175255,0.010922641994346005,0.0031162268388547076,0.0029328821206995315,-0.0022905052076579446,-0.011177876849518764,-0.01404051997971334,0.005850746268656559,0.002394836894018315
2026-07-29,-0.005557515878616748,-0.007143765094699384,-0.03526349668355211,-0.004498931503768011,-0.018236160443558913,0.024242028227914325,0.004629504291090214,-0.01650047483380812,-0.015387522608859894
2026-07-30,-0.014074928294745548,0.15506734265376143,0.01781207391720585,-0.03656837268858504,0.03904698874917267,0.00140350877192974,0.0163846070928102,-0.0006035003017501595,0.016765826775971382
2026-07-31,-0.07353867378460244,0.03019286189315018,0.002679207638591974,0.002071769212727892,0.1532059447983014,-0.009747085430336977,-0.014900837840704173,-0.0066425120772946045,0.00719977349027201
2026-08-03,-0.01777216665048076,0.0493415389912204,0.0024162142187098556,-0.00756777842793066,0.045806024007658985,-0.00244467318579511,0.0004575550411798357,-0.0007294832826747477,0.01424306922078089
2026-08-04,0.019642739437083945,0.010581359581667282,0.013838475499092562,0.0020439448134901284,-0.023237800154918498,-0.007094028118147744,0.0065911597750936135,0.00766516607859824,0.018028957197724793
2026-08-05,0.005236279009632083,-0.010856110874373548,0.004810919668829738,0.010434236849331091,-0.017194146060125592,-0.015133800987269463,0.04137267479153284,0.0021733880705143704,-0.0019965514111989213
2026-08-06,0.00453376205787781,0.025437984655151347,-0.008183943881527656,-0.002368104351876843,-0.0014304052814964052,0.021169953175492973,7.699414844486441e-05,-0.005783132530120527,-0.0015978383715039568
2026-08-07,0.0029448481162572815,0.0002600728203896452,0.003424080830760401,0.008794458712740205,0.008153970469404248,-0.011624903125807329,0.022583211435317052,0.002908385845855621,0.006115332570001186
2026-08-10,-0.016181023202374467,0.012140242804856038,0.0063492951443278045,0.009913593581237334,0.013152142232585096,0.044106116048092,0.010214068813210408,-0.008458192363460681,-0.0002974419988102106
2026-08-11,-0.010867449555569841,-0.004446113109117467,0.006253647961310671,-0.007677323249684842,-0.02092847639253481,6.258213905763199e-05,-0.003925075768867803,0.0015842066780404895,-0.0031952188142763127
2026-08-12,-0.00872388573677485,-0.02258788035171988,0.008673074798364766,0.004080061585835182,-0.018327395599955998,-0.00031289111389243285,0.00987629688747016,-0.0009733544226790958,0.0025046719269103956
